Copyright 1986-2022 Xilinx, Inc. All Rights Reserved. Copyright 2022-2025 Advanced Micro Devices, Inc. All Rights Reserved.
-----------------------------------------------------------------------------------------------------------------------------------------------------------------------------------------------------------------------------------------------------------------------------------------------
| Tool Version      : Vivado v.2025.2 (win64) Build 6299465 Fri Nov 14 19:35:11 GMT 2025
| Date              : Thu Apr 23 16:22:26 2026
| Host              : RyanLaptop running 64-bit major release  (build 9200)
| Command           : report_timing_summary -max_paths 10 -routable_nets -report_unconstrained -file workout_classifier_wrapper_timing_summary_routed.rpt -pb workout_classifier_wrapper_timing_summary_routed.pb -rpx workout_classifier_wrapper_timing_summary_routed.rpx -warn_on_violation
| Design            : workout_classifier_wrapper
| Device            : xczu3eg-sfvc784
| Speed File        : -2  PRODUCTION 1.30 05-15-2022
| Design State      : Routed
| Temperature Grade : E
-----------------------------------------------------------------------------------------------------------------------------------------------------------------------------------------------------------------------------------------------------------------------------------------------

Timing Summary Report

------------------------------------------------------------------------------------------------
| Timer Settings
| --------------
------------------------------------------------------------------------------------------------

  Enable Multi Corner Analysis               :  Yes
  Enable Pessimism Removal                   :  Yes
  Pessimism Removal Resolution               :  Nearest Common Node
  Enable Input Delay Default Clock           :  No
  Enable Preset / Clear Arcs                 :  No
  Disable Flight Delays                      :  No
  Ignore I/O Paths                           :  No
  Timing Early Launch at Borrowing Latches   :  No
  Borrow Time for Max Delay Exceptions       :  Yes
  Merge Timing Exceptions                    :  Yes
  Inter-SLR Compensation                     :  Conservative

  Corner  Analyze    Analyze    
  Name    Max Paths  Min Paths  
  ------  ---------  ---------  
  Slow    Yes        Yes        
  Fast    Yes        Yes        


------------------------------------------------------------------------------------------------
| Report Methodology
| ------------------
------------------------------------------------------------------------------------------------

Rule       Severity  Description                                Violations  
---------  --------  -----------------------------------------  ----------  
TIMING-18  Warning   Missing input or output delay              4           
TIMING-20  Warning   Non-clocked latch                          1000        
TIMING-46  Warning   Multicycle path with tied CE pins          13754       
ULMTCS-2   Warning   Control Sets use limits require reduction  1           
LATCH-1    Advisory  Existing latches in the design             1           

Note: This report is based on the most recent report_methodology run and may not be up-to-date. Run report_methodology on the current design for the latest report.



check_timing report

Table of Contents
-----------------
1. checking no_clock (23998)
2. checking constant_clock (0)
3. checking pulse_width_clock (0)
4. checking unconstrained_internal_endpoints (1894)
5. checking no_input_delay (4)
6. checking no_output_delay (0)
7. checking multiple_clock (0)
8. checking generated_clocks (0)
9. checking loops (0)
10. checking partial_input_delay (0)
11. checking partial_output_delay (0)
12. checking latch_loops (0)

1. checking no_clock (23998)
----------------------------
 There are 280 register/latch pins with no clock driven by root clock pin: workout_classifier_i/mlp_controller_0/inst/mlp_controller_slave_lite_v1_0_S00_AXI_inst/mlp_inst/layer1_input_count_reg[0]/Q (HIGH)

 There are 280 register/latch pins with no clock driven by root clock pin: workout_classifier_i/mlp_controller_0/inst/mlp_controller_slave_lite_v1_0_S00_AXI_inst/mlp_inst/layer1_input_count_reg[1]/Q (HIGH)

 There are 280 register/latch pins with no clock driven by root clock pin: workout_classifier_i/mlp_controller_0/inst/mlp_controller_slave_lite_v1_0_S00_AXI_inst/mlp_inst/layer1_input_count_reg[2]/Q (HIGH)

 There are 280 register/latch pins with no clock driven by root clock pin: workout_classifier_i/mlp_controller_0/inst/mlp_controller_slave_lite_v1_0_S00_AXI_inst/mlp_inst/layer1_input_count_reg[3]/Q (HIGH)

 There are 280 register/latch pins with no clock driven by root clock pin: workout_classifier_i/mlp_controller_0/inst/mlp_controller_slave_lite_v1_0_S00_AXI_inst/mlp_inst/layer1_input_count_reg[4]/Q (HIGH)

 There are 280 register/latch pins with no clock driven by root clock pin: workout_classifier_i/mlp_controller_0/inst/mlp_controller_slave_lite_v1_0_S00_AXI_inst/mlp_inst/layer1_input_count_reg[5]/Q (HIGH)

 There are 280 register/latch pins with no clock driven by root clock pin: workout_classifier_i/mlp_controller_0/inst/mlp_controller_slave_lite_v1_0_S00_AXI_inst/mlp_inst/layer1_input_count_reg[6]/Q (HIGH)

 There are 280 register/latch pins with no clock driven by root clock pin: workout_classifier_i/mlp_controller_0/inst/mlp_controller_slave_lite_v1_0_S00_AXI_inst/mlp_inst/layer1_input_count_reg[7]/Q (HIGH)

 There are 696 register/latch pins with no clock driven by root clock pin: workout_classifier_i/mlp_controller_0/inst/mlp_controller_slave_lite_v1_0_S00_AXI_inst/mlp_inst/layer2_input_count_reg[0]_rep/Q (HIGH)

 There are 304 register/latch pins with no clock driven by root clock pin: workout_classifier_i/mlp_controller_0/inst/mlp_controller_slave_lite_v1_0_S00_AXI_inst/mlp_inst/layer2_input_count_reg[0]_rep__0/Q (HIGH)

 There are 24 register/latch pins with no clock driven by root clock pin: workout_classifier_i/mlp_controller_0/inst/mlp_controller_slave_lite_v1_0_S00_AXI_inst/mlp_inst/layer2_input_count_reg[0]_rep__1/Q (HIGH)

 There are 768 register/latch pins with no clock driven by root clock pin: workout_classifier_i/mlp_controller_0/inst/mlp_controller_slave_lite_v1_0_S00_AXI_inst/mlp_inst/layer2_input_count_reg[1]_rep/Q (HIGH)

 There are 256 register/latch pins with no clock driven by root clock pin: workout_classifier_i/mlp_controller_0/inst/mlp_controller_slave_lite_v1_0_S00_AXI_inst/mlp_inst/layer2_input_count_reg[1]_rep__0/Q (HIGH)

 There are 328 register/latch pins with no clock driven by root clock pin: workout_classifier_i/mlp_controller_0/inst/mlp_controller_slave_lite_v1_0_S00_AXI_inst/mlp_inst/layer2_input_count_reg[2]_rep/Q (HIGH)

 There are 696 register/latch pins with no clock driven by root clock pin: workout_classifier_i/mlp_controller_0/inst/mlp_controller_slave_lite_v1_0_S00_AXI_inst/mlp_inst/layer2_input_count_reg[2]_rep__0/Q (HIGH)

 There are 1024 register/latch pins with no clock driven by root clock pin: workout_classifier_i/mlp_controller_0/inst/mlp_controller_slave_lite_v1_0_S00_AXI_inst/mlp_inst/layer2_input_count_reg[3]/Q (HIGH)

 There are 1024 register/latch pins with no clock driven by root clock pin: workout_classifier_i/mlp_controller_0/inst/mlp_controller_slave_lite_v1_0_S00_AXI_inst/mlp_inst/layer2_input_count_reg[4]/Q (HIGH)

 There are 1024 register/latch pins with no clock driven by root clock pin: workout_classifier_i/mlp_controller_0/inst/mlp_controller_slave_lite_v1_0_S00_AXI_inst/mlp_inst/layer2_input_count_reg[5]/Q (HIGH)

 There are 1024 register/latch pins with no clock driven by root clock pin: workout_classifier_i/mlp_controller_0/inst/mlp_controller_slave_lite_v1_0_S00_AXI_inst/mlp_inst/layer2_input_count_reg[6]/Q (HIGH)

 There are 1024 register/latch pins with no clock driven by root clock pin: workout_classifier_i/mlp_controller_0/inst/mlp_controller_slave_lite_v1_0_S00_AXI_inst/mlp_inst/layer2_input_count_reg[7]/Q (HIGH)

 There are 16 register/latch pins with no clock driven by root clock pin: workout_classifier_i/mlp_controller_0/inst/mlp_controller_slave_lite_v1_0_S00_AXI_inst/mlp_inst/output_layer_input_count_reg[0]/Q (HIGH)

 There are 120 register/latch pins with no clock driven by root clock pin: workout_classifier_i/mlp_controller_0/inst/mlp_controller_slave_lite_v1_0_S00_AXI_inst/mlp_inst/output_layer_input_count_reg[0]_rep/Q (HIGH)

 There are 376 register/latch pins with no clock driven by root clock pin: workout_classifier_i/mlp_controller_0/inst/mlp_controller_slave_lite_v1_0_S00_AXI_inst/mlp_inst/output_layer_input_count_reg[0]_rep__0/Q (HIGH)

 There are 512 register/latch pins with no clock driven by root clock pin: workout_classifier_i/mlp_controller_0/inst/mlp_controller_slave_lite_v1_0_S00_AXI_inst/mlp_inst/output_layer_input_count_reg[1]_rep/Q (HIGH)

 There are 512 register/latch pins with no clock driven by root clock pin: workout_classifier_i/mlp_controller_0/inst/mlp_controller_slave_lite_v1_0_S00_AXI_inst/mlp_inst/output_layer_input_count_reg[2]/Q (HIGH)

 There are 512 register/latch pins with no clock driven by root clock pin: workout_classifier_i/mlp_controller_0/inst/mlp_controller_slave_lite_v1_0_S00_AXI_inst/mlp_inst/output_layer_input_count_reg[3]/Q (HIGH)

 There are 512 register/latch pins with no clock driven by root clock pin: workout_classifier_i/mlp_controller_0/inst/mlp_controller_slave_lite_v1_0_S00_AXI_inst/mlp_inst/output_layer_input_count_reg[4]/Q (HIGH)

 There are 512 register/latch pins with no clock driven by root clock pin: workout_classifier_i/mlp_controller_0/inst/mlp_controller_slave_lite_v1_0_S00_AXI_inst/mlp_inst/output_layer_input_count_reg[5]/Q (HIGH)

 There are 512 register/latch pins with no clock driven by root clock pin: workout_classifier_i/mlp_controller_0/inst/mlp_controller_slave_lite_v1_0_S00_AXI_inst/mlp_inst/output_layer_input_count_reg[6]/Q (HIGH)

 There are 512 register/latch pins with no clock driven by root clock pin: workout_classifier_i/mlp_controller_0/inst/mlp_controller_slave_lite_v1_0_S00_AXI_inst/mlp_inst/output_layer_input_count_reg[7]/Q (HIGH)

 There are 1894 register/latch pins with no clock driven by root clock pin: workout_classifier_i/mlp_controller_0/inst/mlp_controller_slave_lite_v1_0_S00_AXI_inst/mlp_inst/state_reg[0]/Q (HIGH)

 There are 1894 register/latch pins with no clock driven by root clock pin: workout_classifier_i/mlp_controller_0/inst/mlp_controller_slave_lite_v1_0_S00_AXI_inst/mlp_inst/state_reg[1]/Q (HIGH)

 There are 1894 register/latch pins with no clock driven by root clock pin: workout_classifier_i/mlp_controller_0/inst/mlp_controller_slave_lite_v1_0_S00_AXI_inst/mlp_inst/state_reg[2]/Q (HIGH)

 There are 1894 register/latch pins with no clock driven by root clock pin: workout_classifier_i/mlp_controller_0/inst/mlp_controller_slave_lite_v1_0_S00_AXI_inst/mlp_inst/state_reg[3]/Q (HIGH)

 There are 1894 register/latch pins with no clock driven by root clock pin: workout_classifier_i/mlp_controller_0/inst/mlp_controller_slave_lite_v1_0_S00_AXI_inst/mlp_inst/state_reg[4]/Q (HIGH)


2. checking constant_clock (0)
------------------------------
 There are 0 register/latch pins with constant_clock.


3. checking pulse_width_clock (0)
---------------------------------
 There are 0 register/latch pins which need pulse_width check


4. checking unconstrained_internal_endpoints (1894)
---------------------------------------------------
 There are 1894 pins that are not constrained for maximum delay. (HIGH)

 There are 0 pins that are not constrained for maximum delay due to constant clock.


5. checking no_input_delay (4)
------------------------------
 There are 4 input ports with no input delay specified. (HIGH)

 There are 0 input ports with no input delay but user has a false path constraint.


6. checking no_output_delay (0)
-------------------------------
 There are 0 ports with no output delay specified.

 There are 0 ports with no output delay but user has a false path constraint

 There are 0 ports with no output delay but with a timing clock defined on it or propagating through it


7. checking multiple_clock (0)
------------------------------
 There are 0 register/latch pins with multiple clocks.


8. checking generated_clocks (0)
--------------------------------
 There are 0 generated clocks that are not connected to a clock source.


9. checking loops (0)
---------------------
 There are 0 combinational loops in the design.


10. checking partial_input_delay (0)
------------------------------------
 There are 0 input ports with partial input delay specified.


11. checking partial_output_delay (0)
-------------------------------------
 There are 0 ports with partial output delay specified.


12. checking latch_loops (0)
----------------------------
 There are 0 combinational latch loops in the design through latch input



------------------------------------------------------------------------------------------------
| Design Timing Summary
| ---------------------
------------------------------------------------------------------------------------------------

    WNS(ns)      TNS(ns)  TNS Failing Endpoints  TNS Total Endpoints      WHS(ns)      THS(ns)  THS Failing Endpoints  THS Total Endpoints     WPWS(ns)     TPWS(ns)  TPWS Failing Endpoints  TPWS Total Endpoints  
    -------      -------  ---------------------  -------------------      -------      -------  ---------------------  -------------------     --------     --------  ----------------------  --------------------  
     14.145        0.000                      0               289336        0.010        0.000                      0               289336        3.656        0.000                       0                102401  


All user specified timing constraints are met.


------------------------------------------------------------------------------------------------
| Clock Summary
| -------------
------------------------------------------------------------------------------------------------

Clock     Waveform(ns)       Period(ns)      Frequency(MHz)
-----     ------------       ----------      --------------
clk_pl_0  {0.000 5.156}      10.312          96.974          


------------------------------------------------------------------------------------------------
| Intra Clock Table
| -----------------
------------------------------------------------------------------------------------------------

Clock             WNS(ns)      TNS(ns)  TNS Failing Endpoints  TNS Total Endpoints      WHS(ns)      THS(ns)  THS Failing Endpoints  THS Total Endpoints     WPWS(ns)     TPWS(ns)  TPWS Failing Endpoints  TPWS Total Endpoints  
-----             -------      -------  ---------------------  -------------------      -------      -------  ---------------------  -------------------     --------     --------  ----------------------  --------------------  
clk_pl_0           14.145        0.000                      0               289336        0.010        0.000                      0               289336        3.656        0.000                       0                102401  


------------------------------------------------------------------------------------------------
| Inter Clock Table
| -----------------
------------------------------------------------------------------------------------------------

From Clock    To Clock          WNS(ns)      TNS(ns)  TNS Failing Endpoints  TNS Total Endpoints      WHS(ns)      THS(ns)  THS Failing Endpoints  THS Total Endpoints  
----------    --------          -------      -------  ---------------------  -------------------      -------      -------  ---------------------  -------------------  


------------------------------------------------------------------------------------------------
| Other Path Groups Table
| -----------------------
------------------------------------------------------------------------------------------------

Path Group    From Clock    To Clock          WNS(ns)      TNS(ns)  TNS Failing Endpoints  TNS Total Endpoints      WHS(ns)      THS(ns)  THS Failing Endpoints  THS Total Endpoints  
----------    ----------    --------          -------      -------  ---------------------  -------------------      -------      -------  ---------------------  -------------------  


------------------------------------------------------------------------------------------------
| User Ignored Path Table
| -----------------------
------------------------------------------------------------------------------------------------

Path Group    From Clock    To Clock    
----------    ----------    --------    
(none)                      clk_pl_0      
(none)        clk_pl_0      clk_pl_0      


------------------------------------------------------------------------------------------------
| Unconstrained Path Table
| ------------------------
------------------------------------------------------------------------------------------------

Path Group    From Clock    To Clock    
----------    ----------    --------    
(none)                                    
(none)        clk_pl_0                    
(none)                      clk_pl_0      


------------------------------------------------------------------------------------------------
| Timing Details
| --------------
------------------------------------------------------------------------------------------------


---------------------------------------------------------------------------------------------------
From Clock:  clk_pl_0
  To Clock:  clk_pl_0

Setup :            0  Failing Endpoints,  Worst Slack       14.145ns,  Total Violation        0.000ns
Hold  :            0  Failing Endpoints,  Worst Slack        0.010ns,  Total Violation        0.000ns
PW    :            0  Failing Endpoints,  Worst Slack        3.656ns,  Total Violation        0.000ns
---------------------------------------------------------------------------------------------------


Max Delay Paths
--------------------------------------------------------------------------------------
Slack (MET) :             14.145ns  (required time - arrival time)
  Source:                 workout_classifier_wrapper/workout_classifier/workout_classifier_dpuczdx8g_0_0/<hidden>/<hidden>/<hidden>/<hidden>
                            (rising edge-triggered cell FDRE clocked by clk_pl_0  {rise@0.000ns fall@5.156ns period=10.312ns})
  Destination:            workout_classifier_wrapper/workout_classifier/workout_classifier_dpuczdx8g_0_0/<hidden>/<hidden>/<hidden>/<hidden>/<hidden>/<hidden>/<hidden>/<hidden>/<hidden>
                            (rising edge-triggered cell DSP_A_B_DATA clocked by clk_pl_0  {rise@0.000ns fall@5.156ns period=10.312ns})
  Path Group:             clk_pl_0
  Path Type:              Setup (Max at Slow Process Corner)
  Requirement:            20.624ns  (clk_pl_0 rise@20.624ns - clk_pl_0 rise@0.000ns)
  Data Path Delay:        5.903ns  (logic 0.130ns (2.202%)  route 5.773ns (97.798%))
  Logic Levels:           1  (LUT3=1)
  Clock Path Skew:        -0.144ns (DCD - SCD + CPR)
    Destination Clock Delay (DCD):    1.628ns = ( 11.940 - 10.312 ) 
    Source Clock Delay      (SCD):    1.925ns
    Clock Pessimism Removal (CPR):    0.153ns
  Clock Uncertainty:      0.159ns  ((TSJ^2 + DJ^2)^1/2) / 2 + PE
    Total System Jitter     (TSJ):    0.071ns
    Discrete Jitter          (DJ):    0.310ns
    Phase Error              (PE):    0.000ns
  Clock Net Delay (Source):      1.726ns (routing 0.591ns, distribution 1.135ns)
  Clock Net Delay (Destination): 1.468ns (routing 0.533ns, distribution 0.935ns)
  Timing Exception:       MultiCycle Path   Setup -end   2

    Location             Delay type                Incr(ns)  Path(ns)    Netlist Resource(s)
  -------------------------------------------------------------------    -------------------
                         (clock clk_pl_0 rise edge)
                                                      0.000     0.000 r  
    PS8_X0Y0             PS8                          0.000     0.000 r  workout_classifier_i/zynq_ultra_ps_e_0/inst/PS8_i/PLCLK[0]
                         net (fo=1, routed)           0.171     0.171    workout_classifier_i/zynq_ultra_ps_e_0/inst/pl_clk_unbuffered[0]
    BUFG_PS_X0Y58        BUFG_PS (Prop_BUFG_PS_I_O)
                                                      0.028     0.199 r  workout_classifier_i/zynq_ultra_ps_e_0/inst/buffer_pl_clk_0.PL_CLK_0_BUFG/O
    X0Y1 (CLOCK_ROOT)    net (fo=103775, routed)      1.726     1.925    workout_classifier_wrapper/workout_classifier/workout_classifier_dpuczdx8g_0_0/<hidden>/<hidden>/<hidden>/<hidden>
    SLICE_X32Y20         FDRE                                         r  workout_classifier_wrapper/workout_classifier/workout_classifier_dpuczdx8g_0_0/<hidden>/<hidden>/<hidden>/<hidden>
  -------------------------------------------------------------------    -------------------
    SLICE_X32Y20         FDRE (Prop_EFF_SLICEL_C_Q)
                                                      0.079     2.004 r  workout_classifier_wrapper/workout_classifier/workout_classifier_dpuczdx8g_0_0/<hidden>/<hidden>/<hidden>/<hidden>
                         net (fo=32, routed)          3.809     5.813    workout_classifier_wrapper/workout_classifier/workout_classifier_dpuczdx8g_0_0/<hidden>/<hidden>/<hidden>/<hidden>/<hidden>/<hidden>/<hidden>/<hidden>
    SLICE_X27Y46         LUT3 (Prop_B6LUT_SLICEL_I1_O)
                                                      0.051     5.864 r  workout_classifier_wrapper/workout_classifier/workout_classifier_dpuczdx8g_0_0/<hidden>/<hidden>/<hidden>/<hidden>/<hidden>/<hidden>/<hidden>/<hidden>
                         net (fo=1, routed)           1.964     7.828    workout_classifier_wrapper/workout_classifier/workout_classifier_dpuczdx8g_0_0/<hidden>/<hidden>/<hidden>/<hidden>/<hidden>/<hidden>/<hidden>/<hidden>/<hidden>
    DSP48E2_X2Y18        DSP_A_B_DATA                                 r  workout_classifier_wrapper/workout_classifier/workout_classifier_dpuczdx8g_0_0/<hidden>/<hidden>/<hidden>/<hidden>/<hidden>/<hidden>/<hidden>/<hidden>/<hidden>
  -------------------------------------------------------------------    -------------------

                         (clock clk_pl_0 rise edge)
                                                     20.624    20.624 r  
    PS8_X0Y0             PS8                          0.000    20.624 r  workout_classifier_i/zynq_ultra_ps_e_0/inst/PS8_i/PLCLK[0]
                         net (fo=1, routed)           0.135    20.759    workout_classifier_i/zynq_ultra_ps_e_0/inst/pl_clk_unbuffered[0]
    BUFG_PS_X0Y58        BUFG_PS (Prop_BUFG_PS_I_O)
                                                      0.025    20.784 r  workout_classifier_i/zynq_ultra_ps_e_0/inst/buffer_pl_clk_0.PL_CLK_0_BUFG/O
    X0Y1 (CLOCK_ROOT)    net (fo=103775, routed)      1.468    22.252    workout_classifier_wrapper/workout_classifier/workout_classifier_dpuczdx8g_0_0/<hidden>/<hidden>/<hidden>/<hidden>/<hidden>/<hidden>/<hidden>/<hidden>/<hidden>
    DSP48E2_X2Y18        DSP_A_B_DATA                                 r  workout_classifier_wrapper/workout_classifier/workout_classifier_dpuczdx8g_0_0/<hidden>/<hidden>/<hidden>/<hidden>/<hidden>/<hidden>/<hidden>/<hidden>/<hidden>
                         clock pessimism              0.153    22.405    
                         clock uncertainty           -0.159    22.246    
    DSP48E2_X2Y18        DSP_A_B_DATA (Setup_DSP_A_B_DATA_DSP48E2_CLK_A[9])
                                                     -0.273    21.973    workout_classifier_wrapper/workout_classifier/workout_classifier_dpuczdx8g_0_0/<hidden>/<hidden>/<hidden>/<hidden>/<hidden>/<hidden>/<hidden>/<hidden>/<hidden>
  -------------------------------------------------------------------
                         required time                         21.973    
                         arrival time                          -7.828    
  -------------------------------------------------------------------
                         slack                                 14.145    

Slack (MET) :             14.148ns  (required time - arrival time)
  Source:                 workout_classifier_i/axi_smc/inst/s01_nodes/s01_w_node/inst/inst_mi_handler/gen_normal_area.inst_fifo_node_payld/gen_xpm_memory_fifo.inst_fifo/gen_mem_rep[0].inst_wr_addra/count_r_reg[3]/C
                            (rising edge-triggered cell FDRE clocked by clk_pl_0  {rise@0.000ns fall@5.156ns period=10.312ns})
  Destination:            workout_classifier_i/axi_smc/inst/s01_nodes/s01_w_node/inst/inst_mi_handler/gen_normal_area.inst_fifo_node_payld/gen_xpm_memory_fifo.inst_fifo/gen_mem_rep[0].inst_xpm_memory/xpm_memory_base_inst/gen_wr_a.gen_word_narrow.mem_reg_0_31_70_83/RAMA/WADR3
                            (rising edge-triggered cell RAMD32 clocked by clk_pl_0  {rise@0.000ns fall@5.156ns period=10.312ns})
  Path Group:             clk_pl_0
  Path Type:              Setup (Max at Slow Process Corner)
  Requirement:            20.624ns  (clk_pl_0 rise@20.624ns - clk_pl_0 rise@0.000ns)
  Data Path Delay:        6.144ns  (logic 0.079ns (1.286%)  route 6.065ns (98.714%))
  Logic Levels:           0  
  Clock Path Skew:        -0.061ns (DCD - SCD + CPR)
    Destination Clock Delay (DCD):    1.592ns = ( 11.904 - 10.312 ) 
    Source Clock Delay      (SCD):    1.800ns
    Clock Pessimism Removal (CPR):    0.147ns
  Clock Uncertainty:      0.159ns  ((TSJ^2 + DJ^2)^1/2) / 2 + PE
    Total System Jitter     (TSJ):    0.071ns
    Discrete Jitter          (DJ):    0.310ns
    Phase Error              (PE):    0.000ns
  Clock Net Delay (Source):      1.601ns (routing 0.591ns, distribution 1.010ns)
  Clock Net Delay (Destination): 1.432ns (routing 0.533ns, distribution 0.899ns)
  Timing Exception:       MultiCycle Path   Setup -end   2

    Location             Delay type                Incr(ns)  Path(ns)    Netlist Resource(s)
  -------------------------------------------------------------------    -------------------
                         (clock clk_pl_0 rise edge)
                                                      0.000     0.000 r  
    PS8_X0Y0             PS8                          0.000     0.000 r  workout_classifier_i/zynq_ultra_ps_e_0/inst/PS8_i/PLCLK[0]
                         net (fo=1, routed)           0.171     0.171    workout_classifier_i/zynq_ultra_ps_e_0/inst/pl_clk_unbuffered[0]
    BUFG_PS_X0Y58        BUFG_PS (Prop_BUFG_PS_I_O)
                                                      0.028     0.199 r  workout_classifier_i/zynq_ultra_ps_e_0/inst/buffer_pl_clk_0.PL_CLK_0_BUFG/O
    X0Y1 (CLOCK_ROOT)    net (fo=103775, routed)      1.601     1.800    workout_classifier_i/axi_smc/inst/s01_nodes/s01_w_node/inst/inst_mi_handler/gen_normal_area.inst_fifo_node_payld/gen_xpm_memory_fifo.inst_fifo/gen_mem_rep[0].inst_wr_addra/s_sc_aclk
    SLICE_X0Y111         FDRE                                         r  workout_classifier_i/axi_smc/inst/s01_nodes/s01_w_node/inst/inst_mi_handler/gen_normal_area.inst_fifo_node_payld/gen_xpm_memory_fifo.inst_fifo/gen_mem_rep[0].inst_wr_addra/count_r_reg[3]/C
  -------------------------------------------------------------------    -------------------
    SLICE_X0Y111         FDRE (Prop_FFF_SLICEL_C_Q)
                                                      0.079     1.879 r  workout_classifier_i/axi_smc/inst/s01_nodes/s01_w_node/inst/inst_mi_handler/gen_normal_area.inst_fifo_node_payld/gen_xpm_memory_fifo.inst_fifo/gen_mem_rep[0].inst_wr_addra/count_r_reg[3]/Q
                         net (fo=181, routed)         6.065     7.944    workout_classifier_i/axi_smc/inst/s01_nodes/s01_w_node/inst/inst_mi_handler/gen_normal_area.inst_fifo_node_payld/gen_xpm_memory_fifo.inst_fifo/gen_mem_rep[0].inst_xpm_memory/xpm_memory_base_inst/gen_wr_a.gen_word_narrow.mem_reg_0_31_70_83/ADDRH3
    SLICE_X1Y108         RAMD32                                       r  workout_classifier_i/axi_smc/inst/s01_nodes/s01_w_node/inst/inst_mi_handler/gen_normal_area.inst_fifo_node_payld/gen_xpm_memory_fifo.inst_fifo/gen_mem_rep[0].inst_xpm_memory/xpm_memory_base_inst/gen_wr_a.gen_word_narrow.mem_reg_0_31_70_83/RAMA/WADR3
  -------------------------------------------------------------------    -------------------

                         (clock clk_pl_0 rise edge)
                                                     20.624    20.624 r  
    PS8_X0Y0             PS8                          0.000    20.624 r  workout_classifier_i/zynq_ultra_ps_e_0/inst/PS8_i/PLCLK[0]
                         net (fo=1, routed)           0.135    20.759    workout_classifier_i/zynq_ultra_ps_e_0/inst/pl_clk_unbuffered[0]
    BUFG_PS_X0Y58        BUFG_PS (Prop_BUFG_PS_I_O)
                                                      0.025    20.784 r  workout_classifier_i/zynq_ultra_ps_e_0/inst/buffer_pl_clk_0.PL_CLK_0_BUFG/O
    X0Y1 (CLOCK_ROOT)    net (fo=103775, routed)      1.432    22.216    workout_classifier_i/axi_smc/inst/s01_nodes/s01_w_node/inst/inst_mi_handler/gen_normal_area.inst_fifo_node_payld/gen_xpm_memory_fifo.inst_fifo/gen_mem_rep[0].inst_xpm_memory/xpm_memory_base_inst/gen_wr_a.gen_word_narrow.mem_reg_0_31_70_83/WCLK
    SLICE_X1Y108         RAMD32                                       r  workout_classifier_i/axi_smc/inst/s01_nodes/s01_w_node/inst/inst_mi_handler/gen_normal_area.inst_fifo_node_payld/gen_xpm_memory_fifo.inst_fifo/gen_mem_rep[0].inst_xpm_memory/xpm_memory_base_inst/gen_wr_a.gen_word_narrow.mem_reg_0_31_70_83/RAMA/CLK
                         clock pessimism              0.147    22.363    
                         clock uncertainty           -0.159    22.204    
    SLICE_X1Y108         RAMD32 (Setup_A5LUT_SLICEM_CLK_WADR3)
                                                     -0.112    22.092    workout_classifier_i/axi_smc/inst/s01_nodes/s01_w_node/inst/inst_mi_handler/gen_normal_area.inst_fifo_node_payld/gen_xpm_memory_fifo.inst_fifo/gen_mem_rep[0].inst_xpm_memory/xpm_memory_base_inst/gen_wr_a.gen_word_narrow.mem_reg_0_31_70_83/RAMA
  -------------------------------------------------------------------
                         required time                         22.092    
                         arrival time                          -7.944    
  -------------------------------------------------------------------
                         slack                                 14.148    

Slack (MET) :             14.148ns  (required time - arrival time)
  Source:                 workout_classifier_i/axi_smc/inst/s01_nodes/s01_w_node/inst/inst_mi_handler/gen_normal_area.inst_fifo_node_payld/gen_xpm_memory_fifo.inst_fifo/gen_mem_rep[0].inst_wr_addra/count_r_reg[3]/C
                            (rising edge-triggered cell FDRE clocked by clk_pl_0  {rise@0.000ns fall@5.156ns period=10.312ns})
  Destination:            workout_classifier_i/axi_smc/inst/s01_nodes/s01_w_node/inst/inst_mi_handler/gen_normal_area.inst_fifo_node_payld/gen_xpm_memory_fifo.inst_fifo/gen_mem_rep[0].inst_xpm_memory/xpm_memory_base_inst/gen_wr_a.gen_word_narrow.mem_reg_0_31_70_83/RAMA_D1/WADR3
                            (rising edge-triggered cell RAMD32 clocked by clk_pl_0  {rise@0.000ns fall@5.156ns period=10.312ns})
  Path Group:             clk_pl_0
  Path Type:              Setup (Max at Slow Process Corner)
  Requirement:            20.624ns  (clk_pl_0 rise@20.624ns - clk_pl_0 rise@0.000ns)
  Data Path Delay:        6.144ns  (logic 0.079ns (1.286%)  route 6.065ns (98.714%))
  Logic Levels:           0  
  Clock Path Skew:        -0.061ns (DCD - SCD + CPR)
    Destination Clock Delay (DCD):    1.592ns = ( 11.904 - 10.312 ) 
    Source Clock Delay      (SCD):    1.800ns
    Clock Pessimism Removal (CPR):    0.147ns
  Clock Uncertainty:      0.159ns  ((TSJ^2 + DJ^2)^1/2) / 2 + PE
    Total System Jitter     (TSJ):    0.071ns
    Discrete Jitter          (DJ):    0.310ns
    Phase Error              (PE):    0.000ns
  Clock Net Delay (Source):      1.601ns (routing 0.591ns, distribution 1.010ns)
  Clock Net Delay (Destination): 1.432ns (routing 0.533ns, distribution 0.899ns)
  Timing Exception:       MultiCycle Path   Setup -end   2

    Location             Delay type                Incr(ns)  Path(ns)    Netlist Resource(s)
  -------------------------------------------------------------------    -------------------
                         (clock clk_pl_0 rise edge)
                                                      0.000     0.000 r  
    PS8_X0Y0             PS8                          0.000     0.000 r  workout_classifier_i/zynq_ultra_ps_e_0/inst/PS8_i/PLCLK[0]
                         net (fo=1, routed)           0.171     0.171    workout_classifier_i/zynq_ultra_ps_e_0/inst/pl_clk_unbuffered[0]
    BUFG_PS_X0Y58        BUFG_PS (Prop_BUFG_PS_I_O)
                                                      0.028     0.199 r  workout_classifier_i/zynq_ultra_ps_e_0/inst/buffer_pl_clk_0.PL_CLK_0_BUFG/O
    X0Y1 (CLOCK_ROOT)    net (fo=103775, routed)      1.601     1.800    workout_classifier_i/axi_smc/inst/s01_nodes/s01_w_node/inst/inst_mi_handler/gen_normal_area.inst_fifo_node_payld/gen_xpm_memory_fifo.inst_fifo/gen_mem_rep[0].inst_wr_addra/s_sc_aclk
    SLICE_X0Y111         FDRE                                         r  workout_classifier_i/axi_smc/inst/s01_nodes/s01_w_node/inst/inst_mi_handler/gen_normal_area.inst_fifo_node_payld/gen_xpm_memory_fifo.inst_fifo/gen_mem_rep[0].inst_wr_addra/count_r_reg[3]/C
  -------------------------------------------------------------------    -------------------
    SLICE_X0Y111         FDRE (Prop_FFF_SLICEL_C_Q)
                                                      0.079     1.879 r  workout_classifier_i/axi_smc/inst/s01_nodes/s01_w_node/inst/inst_mi_handler/gen_normal_area.inst_fifo_node_payld/gen_xpm_memory_fifo.inst_fifo/gen_mem_rep[0].inst_wr_addra/count_r_reg[3]/Q
                         net (fo=181, routed)         6.065     7.944    workout_classifier_i/axi_smc/inst/s01_nodes/s01_w_node/inst/inst_mi_handler/gen_normal_area.inst_fifo_node_payld/gen_xpm_memory_fifo.inst_fifo/gen_mem_rep[0].inst_xpm_memory/xpm_memory_base_inst/gen_wr_a.gen_word_narrow.mem_reg_0_31_70_83/ADDRH3
    SLICE_X1Y108         RAMD32                                       r  workout_classifier_i/axi_smc/inst/s01_nodes/s01_w_node/inst/inst_mi_handler/gen_normal_area.inst_fifo_node_payld/gen_xpm_memory_fifo.inst_fifo/gen_mem_rep[0].inst_xpm_memory/xpm_memory_base_inst/gen_wr_a.gen_word_narrow.mem_reg_0_31_70_83/RAMA_D1/WADR3
  -------------------------------------------------------------------    -------------------

                         (clock clk_pl_0 rise edge)
                                                     20.624    20.624 r  
    PS8_X0Y0             PS8                          0.000    20.624 r  workout_classifier_i/zynq_ultra_ps_e_0/inst/PS8_i/PLCLK[0]
                         net (fo=1, routed)           0.135    20.759    workout_classifier_i/zynq_ultra_ps_e_0/inst/pl_clk_unbuffered[0]
    BUFG_PS_X0Y58        BUFG_PS (Prop_BUFG_PS_I_O)
                                                      0.025    20.784 r  workout_classifier_i/zynq_ultra_ps_e_0/inst/buffer_pl_clk_0.PL_CLK_0_BUFG/O
    X0Y1 (CLOCK_ROOT)    net (fo=103775, routed)      1.432    22.216    workout_classifier_i/axi_smc/inst/s01_nodes/s01_w_node/inst/inst_mi_handler/gen_normal_area.inst_fifo_node_payld/gen_xpm_memory_fifo.inst_fifo/gen_mem_rep[0].inst_xpm_memory/xpm_memory_base_inst/gen_wr_a.gen_word_narrow.mem_reg_0_31_70_83/WCLK
    SLICE_X1Y108         RAMD32                                       r  workout_classifier_i/axi_smc/inst/s01_nodes/s01_w_node/inst/inst_mi_handler/gen_normal_area.inst_fifo_node_payld/gen_xpm_memory_fifo.inst_fifo/gen_mem_rep[0].inst_xpm_memory/xpm_memory_base_inst/gen_wr_a.gen_word_narrow.mem_reg_0_31_70_83/RAMA_D1/CLK
                         clock pessimism              0.147    22.363    
                         clock uncertainty           -0.159    22.204    
    SLICE_X1Y108         RAMD32 (Setup_A6LUT_SLICEM_CLK_WADR3)
                                                     -0.112    22.092    workout_classifier_i/axi_smc/inst/s01_nodes/s01_w_node/inst/inst_mi_handler/gen_normal_area.inst_fifo_node_payld/gen_xpm_memory_fifo.inst_fifo/gen_mem_rep[0].inst_xpm_memory/xpm_memory_base_inst/gen_wr_a.gen_word_narrow.mem_reg_0_31_70_83/RAMA_D1
  -------------------------------------------------------------------
                         required time                         22.092    
                         arrival time                          -7.944    
  -------------------------------------------------------------------
                         slack                                 14.148    

Slack (MET) :             14.148ns  (required time - arrival time)
  Source:                 workout_classifier_i/axi_smc/inst/s01_nodes/s01_w_node/inst/inst_mi_handler/gen_normal_area.inst_fifo_node_payld/gen_xpm_memory_fifo.inst_fifo/gen_mem_rep[0].inst_wr_addra/count_r_reg[3]/C
                            (rising edge-triggered cell FDRE clocked by clk_pl_0  {rise@0.000ns fall@5.156ns period=10.312ns})
  Destination:            workout_classifier_i/axi_smc/inst/s01_nodes/s01_w_node/inst/inst_mi_handler/gen_normal_area.inst_fifo_node_payld/gen_xpm_memory_fifo.inst_fifo/gen_mem_rep[0].inst_xpm_memory/xpm_memory_base_inst/gen_wr_a.gen_word_narrow.mem_reg_0_31_70_83/RAMB/WADR3
                            (rising edge-triggered cell RAMD32 clocked by clk_pl_0  {rise@0.000ns fall@5.156ns period=10.312ns})
  Path Group:             clk_pl_0
  Path Type:              Setup (Max at Slow Process Corner)
  Requirement:            20.624ns  (clk_pl_0 rise@20.624ns - clk_pl_0 rise@0.000ns)
  Data Path Delay:        6.144ns  (logic 0.079ns (1.286%)  route 6.065ns (98.714%))
  Logic Levels:           0  
  Clock Path Skew:        -0.061ns (DCD - SCD + CPR)
    Destination Clock Delay (DCD):    1.592ns = ( 11.904 - 10.312 ) 
    Source Clock Delay      (SCD):    1.800ns
    Clock Pessimism Removal (CPR):    0.147ns
  Clock Uncertainty:      0.159ns  ((TSJ^2 + DJ^2)^1/2) / 2 + PE
    Total System Jitter     (TSJ):    0.071ns
    Discrete Jitter          (DJ):    0.310ns
    Phase Error              (PE):    0.000ns
  Clock Net Delay (Source):      1.601ns (routing 0.591ns, distribution 1.010ns)
  Clock Net Delay (Destination): 1.432ns (routing 0.533ns, distribution 0.899ns)
  Timing Exception:       MultiCycle Path   Setup -end   2

    Location             Delay type                Incr(ns)  Path(ns)    Netlist Resource(s)
  -------------------------------------------------------------------    -------------------
                         (clock clk_pl_0 rise edge)
                                                      0.000     0.000 r  
    PS8_X0Y0             PS8                          0.000     0.000 r  workout_classifier_i/zynq_ultra_ps_e_0/inst/PS8_i/PLCLK[0]
                         net (fo=1, routed)           0.171     0.171    workout_classifier_i/zynq_ultra_ps_e_0/inst/pl_clk_unbuffered[0]
    BUFG_PS_X0Y58        BUFG_PS (Prop_BUFG_PS_I_O)
                                                      0.028     0.199 r  workout_classifier_i/zynq_ultra_ps_e_0/inst/buffer_pl_clk_0.PL_CLK_0_BUFG/O
    X0Y1 (CLOCK_ROOT)    net (fo=103775, routed)      1.601     1.800    workout_classifier_i/axi_smc/inst/s01_nodes/s01_w_node/inst/inst_mi_handler/gen_normal_area.inst_fifo_node_payld/gen_xpm_memory_fifo.inst_fifo/gen_mem_rep[0].inst_wr_addra/s_sc_aclk
    SLICE_X0Y111         FDRE                                         r  workout_classifier_i/axi_smc/inst/s01_nodes/s01_w_node/inst/inst_mi_handler/gen_normal_area.inst_fifo_node_payld/gen_xpm_memory_fifo.inst_fifo/gen_mem_rep[0].inst_wr_addra/count_r_reg[3]/C
  -------------------------------------------------------------------    -------------------
    SLICE_X0Y111         FDRE (Prop_FFF_SLICEL_C_Q)
                                                      0.079     1.879 r  workout_classifier_i/axi_smc/inst/s01_nodes/s01_w_node/inst/inst_mi_handler/gen_normal_area.inst_fifo_node_payld/gen_xpm_memory_fifo.inst_fifo/gen_mem_rep[0].inst_wr_addra/count_r_reg[3]/Q
                         net (fo=181, routed)         6.065     7.944    workout_classifier_i/axi_smc/inst/s01_nodes/s01_w_node/inst/inst_mi_handler/gen_normal_area.inst_fifo_node_payld/gen_xpm_memory_fifo.inst_fifo/gen_mem_rep[0].inst_xpm_memory/xpm_memory_base_inst/gen_wr_a.gen_word_narrow.mem_reg_0_31_70_83/ADDRH3
    SLICE_X1Y108         RAMD32                                       r  workout_classifier_i/axi_smc/inst/s01_nodes/s01_w_node/inst/inst_mi_handler/gen_normal_area.inst_fifo_node_payld/gen_xpm_memory_fifo.inst_fifo/gen_mem_rep[0].inst_xpm_memory/xpm_memory_base_inst/gen_wr_a.gen_word_narrow.mem_reg_0_31_70_83/RAMB/WADR3
  -------------------------------------------------------------------    -------------------

                         (clock clk_pl_0 rise edge)
                                                     20.624    20.624 r  
    PS8_X0Y0             PS8                          0.000    20.624 r  workout_classifier_i/zynq_ultra_ps_e_0/inst/PS8_i/PLCLK[0]
                         net (fo=1, routed)           0.135    20.759    workout_classifier_i/zynq_ultra_ps_e_0/inst/pl_clk_unbuffered[0]
    BUFG_PS_X0Y58        BUFG_PS (Prop_BUFG_PS_I_O)
                                                      0.025    20.784 r  workout_classifier_i/zynq_ultra_ps_e_0/inst/buffer_pl_clk_0.PL_CLK_0_BUFG/O
    X0Y1 (CLOCK_ROOT)    net (fo=103775, routed)      1.432    22.216    workout_classifier_i/axi_smc/inst/s01_nodes/s01_w_node/inst/inst_mi_handler/gen_normal_area.inst_fifo_node_payld/gen_xpm_memory_fifo.inst_fifo/gen_mem_rep[0].inst_xpm_memory/xpm_memory_base_inst/gen_wr_a.gen_word_narrow.mem_reg_0_31_70_83/WCLK
    SLICE_X1Y108         RAMD32                                       r  workout_classifier_i/axi_smc/inst/s01_nodes/s01_w_node/inst/inst_mi_handler/gen_normal_area.inst_fifo_node_payld/gen_xpm_memory_fifo.inst_fifo/gen_mem_rep[0].inst_xpm_memory/xpm_memory_base_inst/gen_wr_a.gen_word_narrow.mem_reg_0_31_70_83/RAMB/CLK
                         clock pessimism              0.147    22.363    
                         clock uncertainty           -0.159    22.204    
    SLICE_X1Y108         RAMD32 (Setup_B5LUT_SLICEM_CLK_WADR3)
                                                     -0.112    22.092    workout_classifier_i/axi_smc/inst/s01_nodes/s01_w_node/inst/inst_mi_handler/gen_normal_area.inst_fifo_node_payld/gen_xpm_memory_fifo.inst_fifo/gen_mem_rep[0].inst_xpm_memory/xpm_memory_base_inst/gen_wr_a.gen_word_narrow.mem_reg_0_31_70_83/RAMB
  -------------------------------------------------------------------
                         required time                         22.092    
                         arrival time                          -7.944    
  -------------------------------------------------------------------
                         slack                                 14.148    

Slack (MET) :             14.148ns  (required time - arrival time)
  Source:                 workout_classifier_i/axi_smc/inst/s01_nodes/s01_w_node/inst/inst_mi_handler/gen_normal_area.inst_fifo_node_payld/gen_xpm_memory_fifo.inst_fifo/gen_mem_rep[0].inst_wr_addra/count_r_reg[3]/C
                            (rising edge-triggered cell FDRE clocked by clk_pl_0  {rise@0.000ns fall@5.156ns period=10.312ns})
  Destination:            workout_classifier_i/axi_smc/inst/s01_nodes/s01_w_node/inst/inst_mi_handler/gen_normal_area.inst_fifo_node_payld/gen_xpm_memory_fifo.inst_fifo/gen_mem_rep[0].inst_xpm_memory/xpm_memory_base_inst/gen_wr_a.gen_word_narrow.mem_reg_0_31_70_83/RAMB_D1/WADR3
                            (rising edge-triggered cell RAMD32 clocked by clk_pl_0  {rise@0.000ns fall@5.156ns period=10.312ns})
  Path Group:             clk_pl_0
  Path Type:              Setup (Max at Slow Process Corner)
  Requirement:            20.624ns  (clk_pl_0 rise@20.624ns - clk_pl_0 rise@0.000ns)
  Data Path Delay:        6.144ns  (logic 0.079ns (1.286%)  route 6.065ns (98.714%))
  Logic Levels:           0  
  Clock Path Skew:        -0.061ns (DCD - SCD + CPR)
    Destination Clock Delay (DCD):    1.592ns = ( 11.904 - 10.312 ) 
    Source Clock Delay      (SCD):    1.800ns
    Clock Pessimism Removal (CPR):    0.147ns
  Clock Uncertainty:      0.159ns  ((TSJ^2 + DJ^2)^1/2) / 2 + PE
    Total System Jitter     (TSJ):    0.071ns
    Discrete Jitter          (DJ):    0.310ns
    Phase Error              (PE):    0.000ns
  Clock Net Delay (Source):      1.601ns (routing 0.591ns, distribution 1.010ns)
  Clock Net Delay (Destination): 1.432ns (routing 0.533ns, distribution 0.899ns)
  Timing Exception:       MultiCycle Path   Setup -end   2

    Location             Delay type                Incr(ns)  Path(ns)    Netlist Resource(s)
  -------------------------------------------------------------------    -------------------
                         (clock clk_pl_0 rise edge)
                                                      0.000     0.000 r  
    PS8_X0Y0             PS8                          0.000     0.000 r  workout_classifier_i/zynq_ultra_ps_e_0/inst/PS8_i/PLCLK[0]
                         net (fo=1, routed)           0.171     0.171    workout_classifier_i/zynq_ultra_ps_e_0/inst/pl_clk_unbuffered[0]
    BUFG_PS_X0Y58        BUFG_PS (Prop_BUFG_PS_I_O)
                                                      0.028     0.199 r  workout_classifier_i/zynq_ultra_ps_e_0/inst/buffer_pl_clk_0.PL_CLK_0_BUFG/O
    X0Y1 (CLOCK_ROOT)    net (fo=103775, routed)      1.601     1.800    workout_classifier_i/axi_smc/inst/s01_nodes/s01_w_node/inst/inst_mi_handler/gen_normal_area.inst_fifo_node_payld/gen_xpm_memory_fifo.inst_fifo/gen_mem_rep[0].inst_wr_addra/s_sc_aclk
    SLICE_X0Y111         FDRE                                         r  workout_classifier_i/axi_smc/inst/s01_nodes/s01_w_node/inst/inst_mi_handler/gen_normal_area.inst_fifo_node_payld/gen_xpm_memory_fifo.inst_fifo/gen_mem_rep[0].inst_wr_addra/count_r_reg[3]/C
  -------------------------------------------------------------------    -------------------
    SLICE_X0Y111         FDRE (Prop_FFF_SLICEL_C_Q)
                                                      0.079     1.879 r  workout_classifier_i/axi_smc/inst/s01_nodes/s01_w_node/inst/inst_mi_handler/gen_normal_area.inst_fifo_node_payld/gen_xpm_memory_fifo.inst_fifo/gen_mem_rep[0].inst_wr_addra/count_r_reg[3]/Q
                         net (fo=181, routed)         6.065     7.944    workout_classifier_i/axi_smc/inst/s01_nodes/s01_w_node/inst/inst_mi_handler/gen_normal_area.inst_fifo_node_payld/gen_xpm_memory_fifo.inst_fifo/gen_mem_rep[0].inst_xpm_memory/xpm_memory_base_inst/gen_wr_a.gen_word_narrow.mem_reg_0_31_70_83/ADDRH3
    SLICE_X1Y108         RAMD32                                       r  workout_classifier_i/axi_smc/inst/s01_nodes/s01_w_node/inst/inst_mi_handler/gen_normal_area.inst_fifo_node_payld/gen_xpm_memory_fifo.inst_fifo/gen_mem_rep[0].inst_xpm_memory/xpm_memory_base_inst/gen_wr_a.gen_word_narrow.mem_reg_0_31_70_83/RAMB_D1/WADR3
  -------------------------------------------------------------------    -------------------

                         (clock clk_pl_0 rise edge)
                                                     20.624    20.624 r  
    PS8_X0Y0             PS8                          0.000    20.624 r  workout_classifier_i/zynq_ultra_ps_e_0/inst/PS8_i/PLCLK[0]
                         net (fo=1, routed)           0.135    20.759    workout_classifier_i/zynq_ultra_ps_e_0/inst/pl_clk_unbuffered[0]
    BUFG_PS_X0Y58        BUFG_PS (Prop_BUFG_PS_I_O)
                                                      0.025    20.784 r  workout_classifier_i/zynq_ultra_ps_e_0/inst/buffer_pl_clk_0.PL_CLK_0_BUFG/O
    X0Y1 (CLOCK_ROOT)    net (fo=103775, routed)      1.432    22.216    workout_classifier_i/axi_smc/inst/s01_nodes/s01_w_node/inst/inst_mi_handler/gen_normal_area.inst_fifo_node_payld/gen_xpm_memory_fifo.inst_fifo/gen_mem_rep[0].inst_xpm_memory/xpm_memory_base_inst/gen_wr_a.gen_word_narrow.mem_reg_0_31_70_83/WCLK
    SLICE_X1Y108         RAMD32                                       r  workout_classifier_i/axi_smc/inst/s01_nodes/s01_w_node/inst/inst_mi_handler/gen_normal_area.inst_fifo_node_payld/gen_xpm_memory_fifo.inst_fifo/gen_mem_rep[0].inst_xpm_memory/xpm_memory_base_inst/gen_wr_a.gen_word_narrow.mem_reg_0_31_70_83/RAMB_D1/CLK
                         clock pessimism              0.147    22.363    
                         clock uncertainty           -0.159    22.204    
    SLICE_X1Y108         RAMD32 (Setup_B6LUT_SLICEM_CLK_WADR3)
                                                     -0.112    22.092    workout_classifier_i/axi_smc/inst/s01_nodes/s01_w_node/inst/inst_mi_handler/gen_normal_area.inst_fifo_node_payld/gen_xpm_memory_fifo.inst_fifo/gen_mem_rep[0].inst_xpm_memory/xpm_memory_base_inst/gen_wr_a.gen_word_narrow.mem_reg_0_31_70_83/RAMB_D1
  -------------------------------------------------------------------
                         required time                         22.092    
                         arrival time                          -7.944    
  -------------------------------------------------------------------
                         slack                                 14.148    

Slack (MET) :             14.148ns  (required time - arrival time)
  Source:                 workout_classifier_i/axi_smc/inst/s01_nodes/s01_w_node/inst/inst_mi_handler/gen_normal_area.inst_fifo_node_payld/gen_xpm_memory_fifo.inst_fifo/gen_mem_rep[0].inst_wr_addra/count_r_reg[3]/C
                            (rising edge-triggered cell FDRE clocked by clk_pl_0  {rise@0.000ns fall@5.156ns period=10.312ns})
  Destination:            workout_classifier_i/axi_smc/inst/s01_nodes/s01_w_node/inst/inst_mi_handler/gen_normal_area.inst_fifo_node_payld/gen_xpm_memory_fifo.inst_fifo/gen_mem_rep[0].inst_xpm_memory/xpm_memory_base_inst/gen_wr_a.gen_word_narrow.mem_reg_0_31_70_83/RAMC/WADR3
                            (rising edge-triggered cell RAMD32 clocked by clk_pl_0  {rise@0.000ns fall@5.156ns period=10.312ns})
  Path Group:             clk_pl_0
  Path Type:              Setup (Max at Slow Process Corner)
  Requirement:            20.624ns  (clk_pl_0 rise@20.624ns - clk_pl_0 rise@0.000ns)
  Data Path Delay:        6.144ns  (logic 0.079ns (1.286%)  route 6.065ns (98.714%))
  Logic Levels:           0  
  Clock Path Skew:        -0.061ns (DCD - SCD + CPR)
    Destination Clock Delay (DCD):    1.592ns = ( 11.904 - 10.312 ) 
    Source Clock Delay      (SCD):    1.800ns
    Clock Pessimism Removal (CPR):    0.147ns
  Clock Uncertainty:      0.159ns  ((TSJ^2 + DJ^2)^1/2) / 2 + PE
    Total System Jitter     (TSJ):    0.071ns
    Discrete Jitter          (DJ):    0.310ns
    Phase Error              (PE):    0.000ns
  Clock Net Delay (Source):      1.601ns (routing 0.591ns, distribution 1.010ns)
  Clock Net Delay (Destination): 1.432ns (routing 0.533ns, distribution 0.899ns)
  Timing Exception:       MultiCycle Path   Setup -end   2

    Location             Delay type                Incr(ns)  Path(ns)    Netlist Resource(s)
  -------------------------------------------------------------------    -------------------
                         (clock clk_pl_0 rise edge)
                                                      0.000     0.000 r  
    PS8_X0Y0             PS8                          0.000     0.000 r  workout_classifier_i/zynq_ultra_ps_e_0/inst/PS8_i/PLCLK[0]
                         net (fo=1, routed)           0.171     0.171    workout_classifier_i/zynq_ultra_ps_e_0/inst/pl_clk_unbuffered[0]
    BUFG_PS_X0Y58        BUFG_PS (Prop_BUFG_PS_I_O)
                                                      0.028     0.199 r  workout_classifier_i/zynq_ultra_ps_e_0/inst/buffer_pl_clk_0.PL_CLK_0_BUFG/O
    X0Y1 (CLOCK_ROOT)    net (fo=103775, routed)      1.601     1.800    workout_classifier_i/axi_smc/inst/s01_nodes/s01_w_node/inst/inst_mi_handler/gen_normal_area.inst_fifo_node_payld/gen_xpm_memory_fifo.inst_fifo/gen_mem_rep[0].inst_wr_addra/s_sc_aclk
    SLICE_X0Y111         FDRE                                         r  workout_classifier_i/axi_smc/inst/s01_nodes/s01_w_node/inst/inst_mi_handler/gen_normal_area.inst_fifo_node_payld/gen_xpm_memory_fifo.inst_fifo/gen_mem_rep[0].inst_wr_addra/count_r_reg[3]/C
  -------------------------------------------------------------------    -------------------
    SLICE_X0Y111         FDRE (Prop_FFF_SLICEL_C_Q)
                                                      0.079     1.879 r  workout_classifier_i/axi_smc/inst/s01_nodes/s01_w_node/inst/inst_mi_handler/gen_normal_area.inst_fifo_node_payld/gen_xpm_memory_fifo.inst_fifo/gen_mem_rep[0].inst_wr_addra/count_r_reg[3]/Q
                         net (fo=181, routed)         6.065     7.944    workout_classifier_i/axi_smc/inst/s01_nodes/s01_w_node/inst/inst_mi_handler/gen_normal_area.inst_fifo_node_payld/gen_xpm_memory_fifo.inst_fifo/gen_mem_rep[0].inst_xpm_memory/xpm_memory_base_inst/gen_wr_a.gen_word_narrow.mem_reg_0_31_70_83/ADDRH3
    SLICE_X1Y108         RAMD32                                       r  workout_classifier_i/axi_smc/inst/s01_nodes/s01_w_node/inst/inst_mi_handler/gen_normal_area.inst_fifo_node_payld/gen_xpm_memory_fifo.inst_fifo/gen_mem_rep[0].inst_xpm_memory/xpm_memory_base_inst/gen_wr_a.gen_word_narrow.mem_reg_0_31_70_83/RAMC/WADR3
  -------------------------------------------------------------------    -------------------

                         (clock clk_pl_0 rise edge)
                                                     20.624    20.624 r  
    PS8_X0Y0             PS8                          0.000    20.624 r  workout_classifier_i/zynq_ultra_ps_e_0/inst/PS8_i/PLCLK[0]
                         net (fo=1, routed)           0.135    20.759    workout_classifier_i/zynq_ultra_ps_e_0/inst/pl_clk_unbuffered[0]
    BUFG_PS_X0Y58        BUFG_PS (Prop_BUFG_PS_I_O)
                                                      0.025    20.784 r  workout_classifier_i/zynq_ultra_ps_e_0/inst/buffer_pl_clk_0.PL_CLK_0_BUFG/O
    X0Y1 (CLOCK_ROOT)    net (fo=103775, routed)      1.432    22.216    workout_classifier_i/axi_smc/inst/s01_nodes/s01_w_node/inst/inst_mi_handler/gen_normal_area.inst_fifo_node_payld/gen_xpm_memory_fifo.inst_fifo/gen_mem_rep[0].inst_xpm_memory/xpm_memory_base_inst/gen_wr_a.gen_word_narrow.mem_reg_0_31_70_83/WCLK
    SLICE_X1Y108         RAMD32                                       r  workout_classifier_i/axi_smc/inst/s01_nodes/s01_w_node/inst/inst_mi_handler/gen_normal_area.inst_fifo_node_payld/gen_xpm_memory_fifo.inst_fifo/gen_mem_rep[0].inst_xpm_memory/xpm_memory_base_inst/gen_wr_a.gen_word_narrow.mem_reg_0_31_70_83/RAMC/CLK
                         clock pessimism              0.147    22.363    
                         clock uncertainty           -0.159    22.204    
    SLICE_X1Y108         RAMD32 (Setup_C5LUT_SLICEM_CLK_WADR3)
                                                     -0.112    22.092    workout_classifier_i/axi_smc/inst/s01_nodes/s01_w_node/inst/inst_mi_handler/gen_normal_area.inst_fifo_node_payld/gen_xpm_memory_fifo.inst_fifo/gen_mem_rep[0].inst_xpm_memory/xpm_memory_base_inst/gen_wr_a.gen_word_narrow.mem_reg_0_31_70_83/RAMC
  -------------------------------------------------------------------
                         required time                         22.092    
                         arrival time                          -7.944    
  -------------------------------------------------------------------
                         slack                                 14.148    

Slack (MET) :             14.148ns  (required time - arrival time)
  Source:                 workout_classifier_i/axi_smc/inst/s01_nodes/s01_w_node/inst/inst_mi_handler/gen_normal_area.inst_fifo_node_payld/gen_xpm_memory_fifo.inst_fifo/gen_mem_rep[0].inst_wr_addra/count_r_reg[3]/C
                            (rising edge-triggered cell FDRE clocked by clk_pl_0  {rise@0.000ns fall@5.156ns period=10.312ns})
  Destination:            workout_classifier_i/axi_smc/inst/s01_nodes/s01_w_node/inst/inst_mi_handler/gen_normal_area.inst_fifo_node_payld/gen_xpm_memory_fifo.inst_fifo/gen_mem_rep[0].inst_xpm_memory/xpm_memory_base_inst/gen_wr_a.gen_word_narrow.mem_reg_0_31_70_83/RAMC_D1/WADR3
                            (rising edge-triggered cell RAMD32 clocked by clk_pl_0  {rise@0.000ns fall@5.156ns period=10.312ns})
  Path Group:             clk_pl_0
  Path Type:              Setup (Max at Slow Process Corner)
  Requirement:            20.624ns  (clk_pl_0 rise@20.624ns - clk_pl_0 rise@0.000ns)
  Data Path Delay:        6.144ns  (logic 0.079ns (1.286%)  route 6.065ns (98.714%))
  Logic Levels:           0  
  Clock Path Skew:        -0.061ns (DCD - SCD + CPR)
    Destination Clock Delay (DCD):    1.592ns = ( 11.904 - 10.312 ) 
    Source Clock Delay      (SCD):    1.800ns
    Clock Pessimism Removal (CPR):    0.147ns
  Clock Uncertainty:      0.159ns  ((TSJ^2 + DJ^2)^1/2) / 2 + PE
    Total System Jitter     (TSJ):    0.071ns
    Discrete Jitter          (DJ):    0.310ns
    Phase Error              (PE):    0.000ns
  Clock Net Delay (Source):      1.601ns (routing 0.591ns, distribution 1.010ns)
  Clock Net Delay (Destination): 1.432ns (routing 0.533ns, distribution 0.899ns)
  Timing Exception:       MultiCycle Path   Setup -end   2

    Location             Delay type                Incr(ns)  Path(ns)    Netlist Resource(s)
  -------------------------------------------------------------------    -------------------
                         (clock clk_pl_0 rise edge)
                                                      0.000     0.000 r  
    PS8_X0Y0             PS8                          0.000     0.000 r  workout_classifier_i/zynq_ultra_ps_e_0/inst/PS8_i/PLCLK[0]
                         net (fo=1, routed)           0.171     0.171    workout_classifier_i/zynq_ultra_ps_e_0/inst/pl_clk_unbuffered[0]
    BUFG_PS_X0Y58        BUFG_PS (Prop_BUFG_PS_I_O)
                                                      0.028     0.199 r  workout_classifier_i/zynq_ultra_ps_e_0/inst/buffer_pl_clk_0.PL_CLK_0_BUFG/O
    X0Y1 (CLOCK_ROOT)    net (fo=103775, routed)      1.601     1.800    workout_classifier_i/axi_smc/inst/s01_nodes/s01_w_node/inst/inst_mi_handler/gen_normal_area.inst_fifo_node_payld/gen_xpm_memory_fifo.inst_fifo/gen_mem_rep[0].inst_wr_addra/s_sc_aclk
    SLICE_X0Y111         FDRE                                         r  workout_classifier_i/axi_smc/inst/s01_nodes/s01_w_node/inst/inst_mi_handler/gen_normal_area.inst_fifo_node_payld/gen_xpm_memory_fifo.inst_fifo/gen_mem_rep[0].inst_wr_addra/count_r_reg[3]/C
  -------------------------------------------------------------------    -------------------
    SLICE_X0Y111         FDRE (Prop_FFF_SLICEL_C_Q)
                                                      0.079     1.879 r  workout_classifier_i/axi_smc/inst/s01_nodes/s01_w_node/inst/inst_mi_handler/gen_normal_area.inst_fifo_node_payld/gen_xpm_memory_fifo.inst_fifo/gen_mem_rep[0].inst_wr_addra/count_r_reg[3]/Q
                         net (fo=181, routed)         6.065     7.944    workout_classifier_i/axi_smc/inst/s01_nodes/s01_w_node/inst/inst_mi_handler/gen_normal_area.inst_fifo_node_payld/gen_xpm_memory_fifo.inst_fifo/gen_mem_rep[0].inst_xpm_memory/xpm_memory_base_inst/gen_wr_a.gen_word_narrow.mem_reg_0_31_70_83/ADDRH3
    SLICE_X1Y108         RAMD32                                       r  workout_classifier_i/axi_smc/inst/s01_nodes/s01_w_node/inst/inst_mi_handler/gen_normal_area.inst_fifo_node_payld/gen_xpm_memory_fifo.inst_fifo/gen_mem_rep[0].inst_xpm_memory/xpm_memory_base_inst/gen_wr_a.gen_word_narrow.mem_reg_0_31_70_83/RAMC_D1/WADR3
  -------------------------------------------------------------------    -------------------

                         (clock clk_pl_0 rise edge)
                                                     20.624    20.624 r  
    PS8_X0Y0             PS8                          0.000    20.624 r  workout_classifier_i/zynq_ultra_ps_e_0/inst/PS8_i/PLCLK[0]
                         net (fo=1, routed)           0.135    20.759    workout_classifier_i/zynq_ultra_ps_e_0/inst/pl_clk_unbuffered[0]
    BUFG_PS_X0Y58        BUFG_PS (Prop_BUFG_PS_I_O)
                                                      0.025    20.784 r  workout_classifier_i/zynq_ultra_ps_e_0/inst/buffer_pl_clk_0.PL_CLK_0_BUFG/O
    X0Y1 (CLOCK_ROOT)    net (fo=103775, routed)      1.432    22.216    workout_classifier_i/axi_smc/inst/s01_nodes/s01_w_node/inst/inst_mi_handler/gen_normal_area.inst_fifo_node_payld/gen_xpm_memory_fifo.inst_fifo/gen_mem_rep[0].inst_xpm_memory/xpm_memory_base_inst/gen_wr_a.gen_word_narrow.mem_reg_0_31_70_83/WCLK
    SLICE_X1Y108         RAMD32                                       r  workout_classifier_i/axi_smc/inst/s01_nodes/s01_w_node/inst/inst_mi_handler/gen_normal_area.inst_fifo_node_payld/gen_xpm_memory_fifo.inst_fifo/gen_mem_rep[0].inst_xpm_memory/xpm_memory_base_inst/gen_wr_a.gen_word_narrow.mem_reg_0_31_70_83/RAMC_D1/CLK
                         clock pessimism              0.147    22.363    
                         clock uncertainty           -0.159    22.204    
    SLICE_X1Y108         RAMD32 (Setup_C6LUT_SLICEM_CLK_WADR3)
                                                     -0.112    22.092    workout_classifier_i/axi_smc/inst/s01_nodes/s01_w_node/inst/inst_mi_handler/gen_normal_area.inst_fifo_node_payld/gen_xpm_memory_fifo.inst_fifo/gen_mem_rep[0].inst_xpm_memory/xpm_memory_base_inst/gen_wr_a.gen_word_narrow.mem_reg_0_31_70_83/RAMC_D1
  -------------------------------------------------------------------
                         required time                         22.092    
                         arrival time                          -7.944    
  -------------------------------------------------------------------
                         slack                                 14.148    

Slack (MET) :             14.148ns  (required time - arrival time)
  Source:                 workout_classifier_i/axi_smc/inst/s01_nodes/s01_w_node/inst/inst_mi_handler/gen_normal_area.inst_fifo_node_payld/gen_xpm_memory_fifo.inst_fifo/gen_mem_rep[0].inst_wr_addra/count_r_reg[3]/C
                            (rising edge-triggered cell FDRE clocked by clk_pl_0  {rise@0.000ns fall@5.156ns period=10.312ns})
  Destination:            workout_classifier_i/axi_smc/inst/s01_nodes/s01_w_node/inst/inst_mi_handler/gen_normal_area.inst_fifo_node_payld/gen_xpm_memory_fifo.inst_fifo/gen_mem_rep[0].inst_xpm_memory/xpm_memory_base_inst/gen_wr_a.gen_word_narrow.mem_reg_0_31_70_83/RAMD/WADR3
                            (rising edge-triggered cell RAMD32 clocked by clk_pl_0  {rise@0.000ns fall@5.156ns period=10.312ns})
  Path Group:             clk_pl_0
  Path Type:              Setup (Max at Slow Process Corner)
  Requirement:            20.624ns  (clk_pl_0 rise@20.624ns - clk_pl_0 rise@0.000ns)
  Data Path Delay:        6.144ns  (logic 0.079ns (1.286%)  route 6.065ns (98.714%))
  Logic Levels:           0  
  Clock Path Skew:        -0.061ns (DCD - SCD + CPR)
    Destination Clock Delay (DCD):    1.592ns = ( 11.904 - 10.312 ) 
    Source Clock Delay      (SCD):    1.800ns
    Clock Pessimism Removal (CPR):    0.147ns
  Clock Uncertainty:      0.159ns  ((TSJ^2 + DJ^2)^1/2) / 2 + PE
    Total System Jitter     (TSJ):    0.071ns
    Discrete Jitter          (DJ):    0.310ns
    Phase Error              (PE):    0.000ns
  Clock Net Delay (Source):      1.601ns (routing 0.591ns, distribution 1.010ns)
  Clock Net Delay (Destination): 1.432ns (routing 0.533ns, distribution 0.899ns)
  Timing Exception:       MultiCycle Path   Setup -end   2

    Location             Delay type                Incr(ns)  Path(ns)    Netlist Resource(s)
  -------------------------------------------------------------------    -------------------
                         (clock clk_pl_0 rise edge)
                                                      0.000     0.000 r  
    PS8_X0Y0             PS8                          0.000     0.000 r  workout_classifier_i/zynq_ultra_ps_e_0/inst/PS8_i/PLCLK[0]
                         net (fo=1, routed)           0.171     0.171    workout_classifier_i/zynq_ultra_ps_e_0/inst/pl_clk_unbuffered[0]
    BUFG_PS_X0Y58        BUFG_PS (Prop_BUFG_PS_I_O)
                                                      0.028     0.199 r  workout_classifier_i/zynq_ultra_ps_e_0/inst/buffer_pl_clk_0.PL_CLK_0_BUFG/O
    X0Y1 (CLOCK_ROOT)    net (fo=103775, routed)      1.601     1.800    workout_classifier_i/axi_smc/inst/s01_nodes/s01_w_node/inst/inst_mi_handler/gen_normal_area.inst_fifo_node_payld/gen_xpm_memory_fifo.inst_fifo/gen_mem_rep[0].inst_wr_addra/s_sc_aclk
    SLICE_X0Y111         FDRE                                         r  workout_classifier_i/axi_smc/inst/s01_nodes/s01_w_node/inst/inst_mi_handler/gen_normal_area.inst_fifo_node_payld/gen_xpm_memory_fifo.inst_fifo/gen_mem_rep[0].inst_wr_addra/count_r_reg[3]/C
  -------------------------------------------------------------------    -------------------
    SLICE_X0Y111         FDRE (Prop_FFF_SLICEL_C_Q)
                                                      0.079     1.879 r  workout_classifier_i/axi_smc/inst/s01_nodes/s01_w_node/inst/inst_mi_handler/gen_normal_area.inst_fifo_node_payld/gen_xpm_memory_fifo.inst_fifo/gen_mem_rep[0].inst_wr_addra/count_r_reg[3]/Q
                         net (fo=181, routed)         6.065     7.944    workout_classifier_i/axi_smc/inst/s01_nodes/s01_w_node/inst/inst_mi_handler/gen_normal_area.inst_fifo_node_payld/gen_xpm_memory_fifo.inst_fifo/gen_mem_rep[0].inst_xpm_memory/xpm_memory_base_inst/gen_wr_a.gen_word_narrow.mem_reg_0_31_70_83/ADDRH3
    SLICE_X1Y108         RAMD32                                       r  workout_classifier_i/axi_smc/inst/s01_nodes/s01_w_node/inst/inst_mi_handler/gen_normal_area.inst_fifo_node_payld/gen_xpm_memory_fifo.inst_fifo/gen_mem_rep[0].inst_xpm_memory/xpm_memory_base_inst/gen_wr_a.gen_word_narrow.mem_reg_0_31_70_83/RAMD/WADR3
  -------------------------------------------------------------------    -------------------

                         (clock clk_pl_0 rise edge)
                                                     20.624    20.624 r  
    PS8_X0Y0             PS8                          0.000    20.624 r  workout_classifier_i/zynq_ultra_ps_e_0/inst/PS8_i/PLCLK[0]
                         net (fo=1, routed)           0.135    20.759    workout_classifier_i/zynq_ultra_ps_e_0/inst/pl_clk_unbuffered[0]
    BUFG_PS_X0Y58        BUFG_PS (Prop_BUFG_PS_I_O)
                                                      0.025    20.784 r  workout_classifier_i/zynq_ultra_ps_e_0/inst/buffer_pl_clk_0.PL_CLK_0_BUFG/O
    X0Y1 (CLOCK_ROOT)    net (fo=103775, routed)      1.432    22.216    workout_classifier_i/axi_smc/inst/s01_nodes/s01_w_node/inst/inst_mi_handler/gen_normal_area.inst_fifo_node_payld/gen_xpm_memory_fifo.inst_fifo/gen_mem_rep[0].inst_xpm_memory/xpm_memory_base_inst/gen_wr_a.gen_word_narrow.mem_reg_0_31_70_83/WCLK
    SLICE_X1Y108         RAMD32                                       r  workout_classifier_i/axi_smc/inst/s01_nodes/s01_w_node/inst/inst_mi_handler/gen_normal_area.inst_fifo_node_payld/gen_xpm_memory_fifo.inst_fifo/gen_mem_rep[0].inst_xpm_memory/xpm_memory_base_inst/gen_wr_a.gen_word_narrow.mem_reg_0_31_70_83/RAMD/CLK
                         clock pessimism              0.147    22.363    
                         clock uncertainty           -0.159    22.204    
    SLICE_X1Y108         RAMD32 (Setup_D5LUT_SLICEM_CLK_WADR3)
                                                     -0.112    22.092    workout_classifier_i/axi_smc/inst/s01_nodes/s01_w_node/inst/inst_mi_handler/gen_normal_area.inst_fifo_node_payld/gen_xpm_memory_fifo.inst_fifo/gen_mem_rep[0].inst_xpm_memory/xpm_memory_base_inst/gen_wr_a.gen_word_narrow.mem_reg_0_31_70_83/RAMD
  -------------------------------------------------------------------
                         required time                         22.092    
                         arrival time                          -7.944    
  -------------------------------------------------------------------
                         slack                                 14.148    

Slack (MET) :             14.148ns  (required time - arrival time)
  Source:                 workout_classifier_i/axi_smc/inst/s01_nodes/s01_w_node/inst/inst_mi_handler/gen_normal_area.inst_fifo_node_payld/gen_xpm_memory_fifo.inst_fifo/gen_mem_rep[0].inst_wr_addra/count_r_reg[3]/C
                            (rising edge-triggered cell FDRE clocked by clk_pl_0  {rise@0.000ns fall@5.156ns period=10.312ns})
  Destination:            workout_classifier_i/axi_smc/inst/s01_nodes/s01_w_node/inst/inst_mi_handler/gen_normal_area.inst_fifo_node_payld/gen_xpm_memory_fifo.inst_fifo/gen_mem_rep[0].inst_xpm_memory/xpm_memory_base_inst/gen_wr_a.gen_word_narrow.mem_reg_0_31_70_83/RAMD_D1/WADR3
                            (rising edge-triggered cell RAMD32 clocked by clk_pl_0  {rise@0.000ns fall@5.156ns period=10.312ns})
  Path Group:             clk_pl_0
  Path Type:              Setup (Max at Slow Process Corner)
  Requirement:            20.624ns  (clk_pl_0 rise@20.624ns - clk_pl_0 rise@0.000ns)
  Data Path Delay:        6.144ns  (logic 0.079ns (1.286%)  route 6.065ns (98.714%))
  Logic Levels:           0  
  Clock Path Skew:        -0.061ns (DCD - SCD + CPR)
    Destination Clock Delay (DCD):    1.592ns = ( 11.904 - 10.312 ) 
    Source Clock Delay      (SCD):    1.800ns
    Clock Pessimism Removal (CPR):    0.147ns
  Clock Uncertainty:      0.159ns  ((TSJ^2 + DJ^2)^1/2) / 2 + PE
    Total System Jitter     (TSJ):    0.071ns
    Discrete Jitter          (DJ):    0.310ns
    Phase Error              (PE):    0.000ns
  Clock Net Delay (Source):      1.601ns (routing 0.591ns, distribution 1.010ns)
  Clock Net Delay (Destination): 1.432ns (routing 0.533ns, distribution 0.899ns)
  Timing Exception:       MultiCycle Path   Setup -end   2

    Location             Delay type                Incr(ns)  Path(ns)    Netlist Resource(s)
  -------------------------------------------------------------------    -------------------
                         (clock clk_pl_0 rise edge)
                                                      0.000     0.000 r  
    PS8_X0Y0             PS8                          0.000     0.000 r  workout_classifier_i/zynq_ultra_ps_e_0/inst/PS8_i/PLCLK[0]
                         net (fo=1, routed)           0.171     0.171    workout_classifier_i/zynq_ultra_ps_e_0/inst/pl_clk_unbuffered[0]
    BUFG_PS_X0Y58        BUFG_PS (Prop_BUFG_PS_I_O)
                                                      0.028     0.199 r  workout_classifier_i/zynq_ultra_ps_e_0/inst/buffer_pl_clk_0.PL_CLK_0_BUFG/O
    X0Y1 (CLOCK_ROOT)    net (fo=103775, routed)      1.601     1.800    workout_classifier_i/axi_smc/inst/s01_nodes/s01_w_node/inst/inst_mi_handler/gen_normal_area.inst_fifo_node_payld/gen_xpm_memory_fifo.inst_fifo/gen_mem_rep[0].inst_wr_addra/s_sc_aclk
    SLICE_X0Y111         FDRE                                         r  workout_classifier_i/axi_smc/inst/s01_nodes/s01_w_node/inst/inst_mi_handler/gen_normal_area.inst_fifo_node_payld/gen_xpm_memory_fifo.inst_fifo/gen_mem_rep[0].inst_wr_addra/count_r_reg[3]/C
  -------------------------------------------------------------------    -------------------
    SLICE_X0Y111         FDRE (Prop_FFF_SLICEL_C_Q)
                                                      0.079     1.879 r  workout_classifier_i/axi_smc/inst/s01_nodes/s01_w_node/inst/inst_mi_handler/gen_normal_area.inst_fifo_node_payld/gen_xpm_memory_fifo.inst_fifo/gen_mem_rep[0].inst_wr_addra/count_r_reg[3]/Q
                         net (fo=181, routed)         6.065     7.944    workout_classifier_i/axi_smc/inst/s01_nodes/s01_w_node/inst/inst_mi_handler/gen_normal_area.inst_fifo_node_payld/gen_xpm_memory_fifo.inst_fifo/gen_mem_rep[0].inst_xpm_memory/xpm_memory_base_inst/gen_wr_a.gen_word_narrow.mem_reg_0_31_70_83/ADDRH3
    SLICE_X1Y108         RAMD32                                       r  workout_classifier_i/axi_smc/inst/s01_nodes/s01_w_node/inst/inst_mi_handler/gen_normal_area.inst_fifo_node_payld/gen_xpm_memory_fifo.inst_fifo/gen_mem_rep[0].inst_xpm_memory/xpm_memory_base_inst/gen_wr_a.gen_word_narrow.mem_reg_0_31_70_83/RAMD_D1/WADR3
  -------------------------------------------------------------------    -------------------

                         (clock clk_pl_0 rise edge)
                                                     20.624    20.624 r  
    PS8_X0Y0             PS8                          0.000    20.624 r  workout_classifier_i/zynq_ultra_ps_e_0/inst/PS8_i/PLCLK[0]
                         net (fo=1, routed)           0.135    20.759    workout_classifier_i/zynq_ultra_ps_e_0/inst/pl_clk_unbuffered[0]
    BUFG_PS_X0Y58        BUFG_PS (Prop_BUFG_PS_I_O)
                                                      0.025    20.784 r  workout_classifier_i/zynq_ultra_ps_e_0/inst/buffer_pl_clk_0.PL_CLK_0_BUFG/O
    X0Y1 (CLOCK_ROOT)    net (fo=103775, routed)      1.432    22.216    workout_classifier_i/axi_smc/inst/s01_nodes/s01_w_node/inst/inst_mi_handler/gen_normal_area.inst_fifo_node_payld/gen_xpm_memory_fifo.inst_fifo/gen_mem_rep[0].inst_xpm_memory/xpm_memory_base_inst/gen_wr_a.gen_word_narrow.mem_reg_0_31_70_83/WCLK
    SLICE_X1Y108         RAMD32                                       r  workout_classifier_i/axi_smc/inst/s01_nodes/s01_w_node/inst/inst_mi_handler/gen_normal_area.inst_fifo_node_payld/gen_xpm_memory_fifo.inst_fifo/gen_mem_rep[0].inst_xpm_memory/xpm_memory_base_inst/gen_wr_a.gen_word_narrow.mem_reg_0_31_70_83/RAMD_D1/CLK
                         clock pessimism              0.147    22.363    
                         clock uncertainty           -0.159    22.204    
    SLICE_X1Y108         RAMD32 (Setup_D6LUT_SLICEM_CLK_WADR3)
                                                     -0.112    22.092    workout_classifier_i/axi_smc/inst/s01_nodes/s01_w_node/inst/inst_mi_handler/gen_normal_area.inst_fifo_node_payld/gen_xpm_memory_fifo.inst_fifo/gen_mem_rep[0].inst_xpm_memory/xpm_memory_base_inst/gen_wr_a.gen_word_narrow.mem_reg_0_31_70_83/RAMD_D1
  -------------------------------------------------------------------
                         required time                         22.092    
                         arrival time                          -7.944    
  -------------------------------------------------------------------
                         slack                                 14.148    

Slack (MET) :             14.148ns  (required time - arrival time)
  Source:                 workout_classifier_i/axi_smc/inst/s01_nodes/s01_w_node/inst/inst_mi_handler/gen_normal_area.inst_fifo_node_payld/gen_xpm_memory_fifo.inst_fifo/gen_mem_rep[0].inst_wr_addra/count_r_reg[3]/C
                            (rising edge-triggered cell FDRE clocked by clk_pl_0  {rise@0.000ns fall@5.156ns period=10.312ns})
  Destination:            workout_classifier_i/axi_smc/inst/s01_nodes/s01_w_node/inst/inst_mi_handler/gen_normal_area.inst_fifo_node_payld/gen_xpm_memory_fifo.inst_fifo/gen_mem_rep[0].inst_xpm_memory/xpm_memory_base_inst/gen_wr_a.gen_word_narrow.mem_reg_0_31_70_83/RAME/WADR3
                            (rising edge-triggered cell RAMD32 clocked by clk_pl_0  {rise@0.000ns fall@5.156ns period=10.312ns})
  Path Group:             clk_pl_0
  Path Type:              Setup (Max at Slow Process Corner)
  Requirement:            20.624ns  (clk_pl_0 rise@20.624ns - clk_pl_0 rise@0.000ns)
  Data Path Delay:        6.144ns  (logic 0.079ns (1.286%)  route 6.065ns (98.714%))
  Logic Levels:           0  
  Clock Path Skew:        -0.061ns (DCD - SCD + CPR)
    Destination Clock Delay (DCD):    1.592ns = ( 11.904 - 10.312 ) 
    Source Clock Delay      (SCD):    1.800ns
    Clock Pessimism Removal (CPR):    0.147ns
  Clock Uncertainty:      0.159ns  ((TSJ^2 + DJ^2)^1/2) / 2 + PE
    Total System Jitter     (TSJ):    0.071ns
    Discrete Jitter          (DJ):    0.310ns
    Phase Error              (PE):    0.000ns
  Clock Net Delay (Source):      1.601ns (routing 0.591ns, distribution 1.010ns)
  Clock Net Delay (Destination): 1.432ns (routing 0.533ns, distribution 0.899ns)
  Timing Exception:       MultiCycle Path   Setup -end   2

    Location             Delay type                Incr(ns)  Path(ns)    Netlist Resource(s)
  -------------------------------------------------------------------    -------------------
                         (clock clk_pl_0 rise edge)
                                                      0.000     0.000 r  
    PS8_X0Y0             PS8                          0.000     0.000 r  workout_classifier_i/zynq_ultra_ps_e_0/inst/PS8_i/PLCLK[0]
                         net (fo=1, routed)           0.171     0.171    workout_classifier_i/zynq_ultra_ps_e_0/inst/pl_clk_unbuffered[0]
    BUFG_PS_X0Y58        BUFG_PS (Prop_BUFG_PS_I_O)
                                                      0.028     0.199 r  workout_classifier_i/zynq_ultra_ps_e_0/inst/buffer_pl_clk_0.PL_CLK_0_BUFG/O
    X0Y1 (CLOCK_ROOT)    net (fo=103775, routed)      1.601     1.800    workout_classifier_i/axi_smc/inst/s01_nodes/s01_w_node/inst/inst_mi_handler/gen_normal_area.inst_fifo_node_payld/gen_xpm_memory_fifo.inst_fifo/gen_mem_rep[0].inst_wr_addra/s_sc_aclk
    SLICE_X0Y111         FDRE                                         r  workout_classifier_i/axi_smc/inst/s01_nodes/s01_w_node/inst/inst_mi_handler/gen_normal_area.inst_fifo_node_payld/gen_xpm_memory_fifo.inst_fifo/gen_mem_rep[0].inst_wr_addra/count_r_reg[3]/C
  -------------------------------------------------------------------    -------------------
    SLICE_X0Y111         FDRE (Prop_FFF_SLICEL_C_Q)
                                                      0.079     1.879 r  workout_classifier_i/axi_smc/inst/s01_nodes/s01_w_node/inst/inst_mi_handler/gen_normal_area.inst_fifo_node_payld/gen_xpm_memory_fifo.inst_fifo/gen_mem_rep[0].inst_wr_addra/count_r_reg[3]/Q
                         net (fo=181, routed)         6.065     7.944    workout_classifier_i/axi_smc/inst/s01_nodes/s01_w_node/inst/inst_mi_handler/gen_normal_area.inst_fifo_node_payld/gen_xpm_memory_fifo.inst_fifo/gen_mem_rep[0].inst_xpm_memory/xpm_memory_base_inst/gen_wr_a.gen_word_narrow.mem_reg_0_31_70_83/ADDRH3
    SLICE_X1Y108         RAMD32                                       r  workout_classifier_i/axi_smc/inst/s01_nodes/s01_w_node/inst/inst_mi_handler/gen_normal_area.inst_fifo_node_payld/gen_xpm_memory_fifo.inst_fifo/gen_mem_rep[0].inst_xpm_memory/xpm_memory_base_inst/gen_wr_a.gen_word_narrow.mem_reg_0_31_70_83/RAME/WADR3
  -------------------------------------------------------------------    -------------------

                         (clock clk_pl_0 rise edge)
                                                     20.624    20.624 r  
    PS8_X0Y0             PS8                          0.000    20.624 r  workout_classifier_i/zynq_ultra_ps_e_0/inst/PS8_i/PLCLK[0]
                         net (fo=1, routed)           0.135    20.759    workout_classifier_i/zynq_ultra_ps_e_0/inst/pl_clk_unbuffered[0]
    BUFG_PS_X0Y58        BUFG_PS (Prop_BUFG_PS_I_O)
                                                      0.025    20.784 r  workout_classifier_i/zynq_ultra_ps_e_0/inst/buffer_pl_clk_0.PL_CLK_0_BUFG/O
    X0Y1 (CLOCK_ROOT)    net (fo=103775, routed)      1.432    22.216    workout_classifier_i/axi_smc/inst/s01_nodes/s01_w_node/inst/inst_mi_handler/gen_normal_area.inst_fifo_node_payld/gen_xpm_memory_fifo.inst_fifo/gen_mem_rep[0].inst_xpm_memory/xpm_memory_base_inst/gen_wr_a.gen_word_narrow.mem_reg_0_31_70_83/WCLK
    SLICE_X1Y108         RAMD32                                       r  workout_classifier_i/axi_smc/inst/s01_nodes/s01_w_node/inst/inst_mi_handler/gen_normal_area.inst_fifo_node_payld/gen_xpm_memory_fifo.inst_fifo/gen_mem_rep[0].inst_xpm_memory/xpm_memory_base_inst/gen_wr_a.gen_word_narrow.mem_reg_0_31_70_83/RAME/CLK
                         clock pessimism              0.147    22.363    
                         clock uncertainty           -0.159    22.204    
    SLICE_X1Y108         RAMD32 (Setup_E5LUT_SLICEM_CLK_WADR3)
                                                     -0.112    22.092    workout_classifier_i/axi_smc/inst/s01_nodes/s01_w_node/inst/inst_mi_handler/gen_normal_area.inst_fifo_node_payld/gen_xpm_memory_fifo.inst_fifo/gen_mem_rep[0].inst_xpm_memory/xpm_memory_base_inst/gen_wr_a.gen_word_narrow.mem_reg_0_31_70_83/RAME
  -------------------------------------------------------------------
                         required time                         22.092    
                         arrival time                          -7.944    
  -------------------------------------------------------------------
                         slack                                 14.148    





Min Delay Paths
--------------------------------------------------------------------------------------
Slack (MET) :             0.010ns  (arrival time - required time)
  Source:                 workout_classifier_wrapper/workout_classifier/workout_classifier_dpuczdx8g_0_0/<hidden>/<hidden>/<hidden>/<hidden>/<hidden>/<hidden>/<hidden>
                            (rising edge-triggered cell FDRE clocked by clk_pl_0  {rise@0.000ns fall@5.156ns period=10.312ns})
  Destination:            workout_classifier_wrapper/workout_classifier/workout_classifier_dpuczdx8g_0_0/<hidden>/<hidden>/<hidden>/<hidden>/<hidden>/<hidden>/<hidden>
                            (rising edge-triggered cell FDRE clocked by clk_pl_0  {rise@0.000ns fall@5.156ns period=10.312ns})
  Path Group:             clk_pl_0
  Path Type:              Hold (Min at Slow Process Corner)
  Requirement:            0.000ns  (clk_pl_0 rise@0.000ns - clk_pl_0 rise@0.000ns)
  Data Path Delay:        0.164ns  (logic 0.060ns (36.585%)  route 0.104ns (63.415%))
  Logic Levels:           0  
  Clock Path Skew:        0.092ns (DCD - SCD - CPR)
    Destination Clock Delay (DCD):    2.018ns
    Source Clock Delay      (SCD):    1.768ns
    Clock Pessimism Removal (CPR):    0.157ns
  Clock Net Delay (Source):      1.608ns (routing 0.533ns, distribution 1.075ns)
  Clock Net Delay (Destination): 1.819ns (routing 0.591ns, distribution 1.228ns)
  Timing Exception:       MultiCycle Path   Setup -end   2    Hold  -end   1

    Location             Delay type                Incr(ns)  Path(ns)    Netlist Resource(s)
  -------------------------------------------------------------------    -------------------
                         (clock clk_pl_0 rise edge)
                                                      0.000     0.000 r  
    PS8_X0Y0             PS8                          0.000     0.000 r  workout_classifier_i/zynq_ultra_ps_e_0/inst/PS8_i/PLCLK[0]
                         net (fo=1, routed)           0.135     0.135    workout_classifier_i/zynq_ultra_ps_e_0/inst/pl_clk_unbuffered[0]
    BUFG_PS_X0Y58        BUFG_PS (Prop_BUFG_PS_I_O)
                                                      0.025     0.160 r  workout_classifier_i/zynq_ultra_ps_e_0/inst/buffer_pl_clk_0.PL_CLK_0_BUFG/O
    X0Y1 (CLOCK_ROOT)    net (fo=103775, routed)      1.608     1.768    workout_classifier_wrapper/workout_classifier/workout_classifier_dpuczdx8g_0_0/<hidden>/<hidden>/<hidden>/<hidden>/<hidden>/<hidden>/<hidden>
    SLICE_X45Y16         FDRE                                         r  workout_classifier_wrapper/workout_classifier/workout_classifier_dpuczdx8g_0_0/<hidden>/<hidden>/<hidden>/<hidden>/<hidden>/<hidden>/<hidden>
  -------------------------------------------------------------------    -------------------
    SLICE_X45Y16         FDRE (Prop_EFF2_SLICEM_C_Q)
                                                      0.060     1.828 r  workout_classifier_wrapper/workout_classifier/workout_classifier_dpuczdx8g_0_0/<hidden>/<hidden>/<hidden>/<hidden>/<hidden>/<hidden>/<hidden>
                         net (fo=1, routed)           0.104     1.932    workout_classifier_wrapper/workout_classifier/workout_classifier_dpuczdx8g_0_0/<hidden>/<hidden>/<hidden>/<hidden>/<hidden>/<hidden>/<hidden>
    SLICE_X44Y16         FDRE                                         r  workout_classifier_wrapper/workout_classifier/workout_classifier_dpuczdx8g_0_0/<hidden>/<hidden>/<hidden>/<hidden>/<hidden>/<hidden>/<hidden>
  -------------------------------------------------------------------    -------------------

                         (clock clk_pl_0 rise edge)
                                                      0.000     0.000 r  
    PS8_X0Y0             PS8                          0.000     0.000 r  workout_classifier_i/zynq_ultra_ps_e_0/inst/PS8_i/PLCLK[0]
                         net (fo=1, routed)           0.171     0.171    workout_classifier_i/zynq_ultra_ps_e_0/inst/pl_clk_unbuffered[0]
    BUFG_PS_X0Y58        BUFG_PS (Prop_BUFG_PS_I_O)
                                                      0.028     0.199 r  workout_classifier_i/zynq_ultra_ps_e_0/inst/buffer_pl_clk_0.PL_CLK_0_BUFG/O
    X0Y1 (CLOCK_ROOT)    net (fo=103775, routed)      1.819     2.018    workout_classifier_wrapper/workout_classifier/workout_classifier_dpuczdx8g_0_0/<hidden>/<hidden>/<hidden>/<hidden>/<hidden>/<hidden>/<hidden>
    SLICE_X44Y16         FDRE                                         r  workout_classifier_wrapper/workout_classifier/workout_classifier_dpuczdx8g_0_0/<hidden>/<hidden>/<hidden>/<hidden>/<hidden>/<hidden>/<hidden>
                         clock pessimism             -0.157     1.861    
    SLICE_X44Y16         FDRE (Hold_EFF2_SLICEL_C_D)
                                                      0.062     1.923    workout_classifier_wrapper/workout_classifier/workout_classifier_dpuczdx8g_0_0/<hidden>/<hidden>/<hidden>/<hidden>/<hidden>/<hidden>/<hidden>
  -------------------------------------------------------------------
                         required time                         -1.923    
                         arrival time                           1.932    
  -------------------------------------------------------------------
                         slack                                  0.010    

Slack (MET) :             0.010ns  (arrival time - required time)
  Source:                 workout_classifier_wrapper/workout_classifier/workout_classifier_dpuczdx8g_0_0/<hidden>/<hidden>/<hidden>/<hidden>/<hidden>/<hidden>/<hidden>
                            (rising edge-triggered cell FDRE clocked by clk_pl_0  {rise@0.000ns fall@5.156ns period=10.312ns})
  Destination:            workout_classifier_wrapper/workout_classifier/workout_classifier_dpuczdx8g_0_0/<hidden>/<hidden>/<hidden>/<hidden>/<hidden>/<hidden>
                            (rising edge-triggered cell FDRE clocked by clk_pl_0  {rise@0.000ns fall@5.156ns period=10.312ns})
  Path Group:             clk_pl_0
  Path Type:              Hold (Min at Slow Process Corner)
  Requirement:            0.000ns  (clk_pl_0 rise@0.000ns - clk_pl_0 rise@0.000ns)
  Data Path Delay:        0.159ns  (logic 0.058ns (36.478%)  route 0.101ns (63.522%))
  Logic Levels:           0  
  Clock Path Skew:        0.087ns (DCD - SCD - CPR)
    Destination Clock Delay (DCD):    2.024ns
    Source Clock Delay      (SCD):    1.778ns
    Clock Pessimism Removal (CPR):    0.159ns
  Clock Net Delay (Source):      1.618ns (routing 0.533ns, distribution 1.085ns)
  Clock Net Delay (Destination): 1.825ns (routing 0.591ns, distribution 1.234ns)
  Timing Exception:       MultiCycle Path   Setup -end   2    Hold  -end   1

    Location             Delay type                Incr(ns)  Path(ns)    Netlist Resource(s)
  -------------------------------------------------------------------    -------------------
                         (clock clk_pl_0 rise edge)
                                                      0.000     0.000 r  
    PS8_X0Y0             PS8                          0.000     0.000 r  workout_classifier_i/zynq_ultra_ps_e_0/inst/PS8_i/PLCLK[0]
                         net (fo=1, routed)           0.135     0.135    workout_classifier_i/zynq_ultra_ps_e_0/inst/pl_clk_unbuffered[0]
    BUFG_PS_X0Y58        BUFG_PS (Prop_BUFG_PS_I_O)
                                                      0.025     0.160 r  workout_classifier_i/zynq_ultra_ps_e_0/inst/buffer_pl_clk_0.PL_CLK_0_BUFG/O
    X0Y1 (CLOCK_ROOT)    net (fo=103775, routed)      1.618     1.778    workout_classifier_wrapper/workout_classifier/workout_classifier_dpuczdx8g_0_0/<hidden>/<hidden>/<hidden>/<hidden>/<hidden>/<hidden>/<hidden>
    SLICE_X46Y139        FDRE                                         r  workout_classifier_wrapper/workout_classifier/workout_classifier_dpuczdx8g_0_0/<hidden>/<hidden>/<hidden>/<hidden>/<hidden>/<hidden>/<hidden>
  -------------------------------------------------------------------    -------------------
    SLICE_X46Y139        FDRE (Prop_HFF_SLICEL_C_Q)
                                                      0.058     1.836 r  workout_classifier_wrapper/workout_classifier/workout_classifier_dpuczdx8g_0_0/<hidden>/<hidden>/<hidden>/<hidden>/<hidden>/<hidden>/<hidden>
                         net (fo=1, routed)           0.101     1.937    workout_classifier_wrapper/workout_classifier/workout_classifier_dpuczdx8g_0_0/<hidden>/<hidden>/<hidden>/<hidden>/<hidden>/<hidden>
    SLICE_X47Y139        FDRE                                         r  workout_classifier_wrapper/workout_classifier/workout_classifier_dpuczdx8g_0_0/<hidden>/<hidden>/<hidden>/<hidden>/<hidden>/<hidden>
  -------------------------------------------------------------------    -------------------

                         (clock clk_pl_0 rise edge)
                                                      0.000     0.000 r  
    PS8_X0Y0             PS8                          0.000     0.000 r  workout_classifier_i/zynq_ultra_ps_e_0/inst/PS8_i/PLCLK[0]
                         net (fo=1, routed)           0.171     0.171    workout_classifier_i/zynq_ultra_ps_e_0/inst/pl_clk_unbuffered[0]
    BUFG_PS_X0Y58        BUFG_PS (Prop_BUFG_PS_I_O)
                                                      0.028     0.199 r  workout_classifier_i/zynq_ultra_ps_e_0/inst/buffer_pl_clk_0.PL_CLK_0_BUFG/O
    X0Y1 (CLOCK_ROOT)    net (fo=103775, routed)      1.825     2.024    workout_classifier_wrapper/workout_classifier/workout_classifier_dpuczdx8g_0_0/<hidden>/<hidden>/<hidden>/<hidden>/<hidden>/<hidden>
    SLICE_X47Y139        FDRE                                         r  workout_classifier_wrapper/workout_classifier/workout_classifier_dpuczdx8g_0_0/<hidden>/<hidden>/<hidden>/<hidden>/<hidden>/<hidden>
                         clock pessimism             -0.159     1.866    
    SLICE_X47Y139        FDRE (Hold_FFF2_SLICEL_C_D)
                                                      0.062     1.928    workout_classifier_wrapper/workout_classifier/workout_classifier_dpuczdx8g_0_0/<hidden>/<hidden>/<hidden>/<hidden>/<hidden>/<hidden>
  -------------------------------------------------------------------
                         required time                         -1.928    
                         arrival time                           1.937    
  -------------------------------------------------------------------
                         slack                                  0.010    

Slack (MET) :             0.010ns  (arrival time - required time)
  Source:                 workout_classifier_wrapper/workout_classifier/workout_classifier_dpuczdx8g_0_0/<hidden>/<hidden>/<hidden>/<hidden>/<hidden>/<hidden>
                            (rising edge-triggered cell FDRE clocked by clk_pl_0  {rise@0.000ns fall@5.156ns period=10.312ns})
  Destination:            workout_classifier_wrapper/workout_classifier/workout_classifier_dpuczdx8g_0_0/<hidden>/<hidden>/<hidden>/<hidden>/<hidden>/<hidden>/<hidden>
                            (rising edge-triggered cell FDRE clocked by clk_pl_0  {rise@0.000ns fall@5.156ns period=10.312ns})
  Path Group:             clk_pl_0
  Path Type:              Hold (Min at Slow Process Corner)
  Requirement:            0.000ns  (clk_pl_0 rise@0.000ns - clk_pl_0 rise@0.000ns)
  Data Path Delay:        0.127ns  (logic 0.058ns (45.669%)  route 0.069ns (54.331%))
  Logic Levels:           0  
  Clock Path Skew:        0.055ns (DCD - SCD - CPR)
    Destination Clock Delay (DCD):    2.028ns
    Source Clock Delay      (SCD):    1.760ns
    Clock Pessimism Removal (CPR):    0.213ns
  Clock Net Delay (Source):      1.600ns (routing 0.533ns, distribution 1.067ns)
  Clock Net Delay (Destination): 1.829ns (routing 0.591ns, distribution 1.238ns)
  Timing Exception:       MultiCycle Path   Setup -end   2    Hold  -end   1

    Location             Delay type                Incr(ns)  Path(ns)    Netlist Resource(s)
  -------------------------------------------------------------------    -------------------
                         (clock clk_pl_0 rise edge)
                                                      0.000     0.000 r  
    PS8_X0Y0             PS8                          0.000     0.000 r  workout_classifier_i/zynq_ultra_ps_e_0/inst/PS8_i/PLCLK[0]
                         net (fo=1, routed)           0.135     0.135    workout_classifier_i/zynq_ultra_ps_e_0/inst/pl_clk_unbuffered[0]
    BUFG_PS_X0Y58        BUFG_PS (Prop_BUFG_PS_I_O)
                                                      0.025     0.160 r  workout_classifier_i/zynq_ultra_ps_e_0/inst/buffer_pl_clk_0.PL_CLK_0_BUFG/O
    X0Y1 (CLOCK_ROOT)    net (fo=103775, routed)      1.600     1.760    workout_classifier_wrapper/workout_classifier/workout_classifier_dpuczdx8g_0_0/<hidden>/<hidden>/<hidden>/<hidden>/<hidden>/<hidden>
    SLICE_X44Y18         FDRE                                         r  workout_classifier_wrapper/workout_classifier/workout_classifier_dpuczdx8g_0_0/<hidden>/<hidden>/<hidden>/<hidden>/<hidden>/<hidden>
  -------------------------------------------------------------------    -------------------
    SLICE_X44Y18         FDRE (Prop_HFF_SLICEL_C_Q)
                                                      0.058     1.818 r  workout_classifier_wrapper/workout_classifier/workout_classifier_dpuczdx8g_0_0/<hidden>/<hidden>/<hidden>/<hidden>/<hidden>/<hidden>
                         net (fo=1, routed)           0.069     1.887    workout_classifier_wrapper/workout_classifier/workout_classifier_dpuczdx8g_0_0/<hidden>/<hidden>/<hidden>/<hidden>/<hidden>/<hidden>/<hidden>
    SLICE_X44Y17         FDRE                                         r  workout_classifier_wrapper/workout_classifier/workout_classifier_dpuczdx8g_0_0/<hidden>/<hidden>/<hidden>/<hidden>/<hidden>/<hidden>/<hidden>
  -------------------------------------------------------------------    -------------------

                         (clock clk_pl_0 rise edge)
                                                      0.000     0.000 r  
    PS8_X0Y0             PS8                          0.000     0.000 r  workout_classifier_i/zynq_ultra_ps_e_0/inst/PS8_i/PLCLK[0]
                         net (fo=1, routed)           0.171     0.171    workout_classifier_i/zynq_ultra_ps_e_0/inst/pl_clk_unbuffered[0]
    BUFG_PS_X0Y58        BUFG_PS (Prop_BUFG_PS_I_O)
                                                      0.028     0.199 r  workout_classifier_i/zynq_ultra_ps_e_0/inst/buffer_pl_clk_0.PL_CLK_0_BUFG/O
    X0Y1 (CLOCK_ROOT)    net (fo=103775, routed)      1.829     2.028    workout_classifier_wrapper/workout_classifier/workout_classifier_dpuczdx8g_0_0/<hidden>/<hidden>/<hidden>/<hidden>/<hidden>/<hidden>/<hidden>
    SLICE_X44Y17         FDRE                                         r  workout_classifier_wrapper/workout_classifier/workout_classifier_dpuczdx8g_0_0/<hidden>/<hidden>/<hidden>/<hidden>/<hidden>/<hidden>/<hidden>
                         clock pessimism             -0.213     1.815    
    SLICE_X44Y17         FDRE (Hold_EFF2_SLICEL_C_D)
                                                      0.062     1.877    workout_classifier_wrapper/workout_classifier/workout_classifier_dpuczdx8g_0_0/<hidden>/<hidden>/<hidden>/<hidden>/<hidden>/<hidden>/<hidden>
  -------------------------------------------------------------------
                         required time                         -1.877    
                         arrival time                           1.887    
  -------------------------------------------------------------------
                         slack                                  0.010    

Slack (MET) :             0.010ns  (arrival time - required time)
  Source:                 workout_classifier_wrapper/workout_classifier/workout_classifier_dpuczdx8g_0_0/<hidden>/<hidden>/<hidden>/<hidden>/<hidden>/<hidden>/<hidden>/<hidden>/<hidden>
                            (rising edge-triggered cell FDRE clocked by clk_pl_0  {rise@0.000ns fall@5.156ns period=10.312ns})
  Destination:            workout_classifier_wrapper/workout_classifier/workout_classifier_dpuczdx8g_0_0/<hidden>/<hidden>/<hidden>/<hidden>/<hidden>/<hidden>/<hidden>
                            (rising edge-triggered cell FDRE clocked by clk_pl_0  {rise@0.000ns fall@5.156ns period=10.312ns})
  Path Group:             clk_pl_0
  Path Type:              Hold (Min at Slow Process Corner)
  Requirement:            0.000ns  (clk_pl_0 rise@0.000ns - clk_pl_0 rise@0.000ns)
  Data Path Delay:        0.175ns  (logic 0.060ns (34.286%)  route 0.115ns (65.714%))
  Logic Levels:           0  
  Clock Path Skew:        0.103ns (DCD - SCD - CPR)
    Destination Clock Delay (DCD):    1.832ns
    Source Clock Delay      (SCD):    1.582ns
    Clock Pessimism Removal (CPR):    0.147ns
  Clock Net Delay (Source):      1.422ns (routing 0.533ns, distribution 0.889ns)
  Clock Net Delay (Destination): 1.633ns (routing 0.591ns, distribution 1.042ns)
  Timing Exception:       MultiCycle Path   Setup -end   2    Hold  -end   1

    Location             Delay type                Incr(ns)  Path(ns)    Netlist Resource(s)
  -------------------------------------------------------------------    -------------------
                         (clock clk_pl_0 rise edge)
                                                      0.000     0.000 r  
    PS8_X0Y0             PS8                          0.000     0.000 r  workout_classifier_i/zynq_ultra_ps_e_0/inst/PS8_i/PLCLK[0]
                         net (fo=1, routed)           0.135     0.135    workout_classifier_i/zynq_ultra_ps_e_0/inst/pl_clk_unbuffered[0]
    BUFG_PS_X0Y58        BUFG_PS (Prop_BUFG_PS_I_O)
                                                      0.025     0.160 r  workout_classifier_i/zynq_ultra_ps_e_0/inst/buffer_pl_clk_0.PL_CLK_0_BUFG/O
    X0Y1 (CLOCK_ROOT)    net (fo=103775, routed)      1.422     1.582    workout_classifier_wrapper/workout_classifier/workout_classifier_dpuczdx8g_0_0/<hidden>/<hidden>/<hidden>/<hidden>/<hidden>/<hidden>/<hidden>/<hidden>/<hidden>
    SLICE_X19Y100        FDRE                                         r  workout_classifier_wrapper/workout_classifier/workout_classifier_dpuczdx8g_0_0/<hidden>/<hidden>/<hidden>/<hidden>/<hidden>/<hidden>/<hidden>/<hidden>/<hidden>
  -------------------------------------------------------------------    -------------------
    SLICE_X19Y100        FDRE (Prop_EFF2_SLICEM_C_Q)
                                                      0.060     1.642 r  workout_classifier_wrapper/workout_classifier/workout_classifier_dpuczdx8g_0_0/<hidden>/<hidden>/<hidden>/<hidden>/<hidden>/<hidden>/<hidden>/<hidden>/<hidden>
                         net (fo=1, routed)           0.115     1.757    workout_classifier_wrapper/workout_classifier/workout_classifier_dpuczdx8g_0_0/<hidden>/<hidden>/<hidden>/<hidden>/<hidden>/<hidden>/<hidden>
    SLICE_X21Y100        FDRE                                         r  workout_classifier_wrapper/workout_classifier/workout_classifier_dpuczdx8g_0_0/<hidden>/<hidden>/<hidden>/<hidden>/<hidden>/<hidden>/<hidden>
  -------------------------------------------------------------------    -------------------

                         (clock clk_pl_0 rise edge)
                                                      0.000     0.000 r  
    PS8_X0Y0             PS8                          0.000     0.000 r  workout_classifier_i/zynq_ultra_ps_e_0/inst/PS8_i/PLCLK[0]
                         net (fo=1, routed)           0.171     0.171    workout_classifier_i/zynq_ultra_ps_e_0/inst/pl_clk_unbuffered[0]
    BUFG_PS_X0Y58        BUFG_PS (Prop_BUFG_PS_I_O)
                                                      0.028     0.199 r  workout_classifier_i/zynq_ultra_ps_e_0/inst/buffer_pl_clk_0.PL_CLK_0_BUFG/O
    X0Y1 (CLOCK_ROOT)    net (fo=103775, routed)      1.633     1.832    workout_classifier_wrapper/workout_classifier/workout_classifier_dpuczdx8g_0_0/<hidden>/<hidden>/<hidden>/<hidden>/<hidden>/<hidden>/<hidden>
    SLICE_X21Y100        FDRE                                         r  workout_classifier_wrapper/workout_classifier/workout_classifier_dpuczdx8g_0_0/<hidden>/<hidden>/<hidden>/<hidden>/<hidden>/<hidden>/<hidden>
                         clock pessimism             -0.147     1.685    
    SLICE_X21Y100        FDRE (Hold_DFF2_SLICEL_C_D)
                                                      0.062     1.747    workout_classifier_wrapper/workout_classifier/workout_classifier_dpuczdx8g_0_0/<hidden>/<hidden>/<hidden>/<hidden>/<hidden>/<hidden>/<hidden>
  -------------------------------------------------------------------
                         required time                         -1.747    
                         arrival time                           1.757    
  -------------------------------------------------------------------
                         slack                                  0.010    

Slack (MET) :             0.010ns  (arrival time - required time)
  Source:                 workout_classifier_wrapper/workout_classifier/workout_classifier_dpuczdx8g_0_0/<hidden>/<hidden>/<hidden>/<hidden>/<hidden>/<hidden>
                            (rising edge-triggered cell FDRE clocked by clk_pl_0  {rise@0.000ns fall@5.156ns period=10.312ns})
  Destination:            workout_classifier_wrapper/workout_classifier/workout_classifier_dpuczdx8g_0_0/<hidden>/<hidden>/<hidden>/<hidden>/<hidden>/<hidden>
                            (rising edge-triggered cell FDRE clocked by clk_pl_0  {rise@0.000ns fall@5.156ns period=10.312ns})
  Path Group:             clk_pl_0
  Path Type:              Hold (Min at Slow Process Corner)
  Requirement:            0.000ns  (clk_pl_0 rise@0.000ns - clk_pl_0 rise@0.000ns)
  Data Path Delay:        0.161ns  (logic 0.060ns (37.174%)  route 0.101ns (62.826%))
  Logic Levels:           0  
  Clock Path Skew:        0.089ns (DCD - SCD - CPR)
    Destination Clock Delay (DCD):    2.026ns
    Source Clock Delay      (SCD):    1.778ns
    Clock Pessimism Removal (CPR):    0.159ns
  Clock Net Delay (Source):      1.618ns (routing 0.533ns, distribution 1.085ns)
  Clock Net Delay (Destination): 1.827ns (routing 0.591ns, distribution 1.236ns)
  Timing Exception:       MultiCycle Path   Setup -end   2    Hold  -end   1

    Location             Delay type                Incr(ns)  Path(ns)    Netlist Resource(s)
  -------------------------------------------------------------------    -------------------
                         (clock clk_pl_0 rise edge)
                                                      0.000     0.000 r  
    PS8_X0Y0             PS8                          0.000     0.000 r  workout_classifier_i/zynq_ultra_ps_e_0/inst/PS8_i/PLCLK[0]
                         net (fo=1, routed)           0.135     0.135    workout_classifier_i/zynq_ultra_ps_e_0/inst/pl_clk_unbuffered[0]
    BUFG_PS_X0Y58        BUFG_PS (Prop_BUFG_PS_I_O)
                                                      0.025     0.160 r  workout_classifier_i/zynq_ultra_ps_e_0/inst/buffer_pl_clk_0.PL_CLK_0_BUFG/O
    X0Y1 (CLOCK_ROOT)    net (fo=103775, routed)      1.618     1.778    workout_classifier_wrapper/workout_classifier/workout_classifier_dpuczdx8g_0_0/<hidden>/<hidden>/<hidden>/<hidden>/<hidden>/<hidden>
    SLICE_X46Y137        FDRE                                         r  workout_classifier_wrapper/workout_classifier/workout_classifier_dpuczdx8g_0_0/<hidden>/<hidden>/<hidden>/<hidden>/<hidden>/<hidden>
  -------------------------------------------------------------------    -------------------
    SLICE_X46Y137        FDRE (Prop_AFF2_SLICEL_C_Q)
                                                      0.060     1.838 r  workout_classifier_wrapper/workout_classifier/workout_classifier_dpuczdx8g_0_0/<hidden>/<hidden>/<hidden>/<hidden>/<hidden>/<hidden>
                         net (fo=3, routed)           0.101     1.940    workout_classifier_wrapper/workout_classifier/workout_classifier_dpuczdx8g_0_0/<hidden>/<hidden>/<hidden>/<hidden>/<hidden>/<hidden>
    SLICE_X47Y137        FDRE                                         r  workout_classifier_wrapper/workout_classifier/workout_classifier_dpuczdx8g_0_0/<hidden>/<hidden>/<hidden>/<hidden>/<hidden>/<hidden>
  -------------------------------------------------------------------    -------------------

                         (clock clk_pl_0 rise edge)
                                                      0.000     0.000 r  
    PS8_X0Y0             PS8                          0.000     0.000 r  workout_classifier_i/zynq_ultra_ps_e_0/inst/PS8_i/PLCLK[0]
                         net (fo=1, routed)           0.171     0.171    workout_classifier_i/zynq_ultra_ps_e_0/inst/pl_clk_unbuffered[0]
    BUFG_PS_X0Y58        BUFG_PS (Prop_BUFG_PS_I_O)
                                                      0.028     0.199 r  workout_classifier_i/zynq_ultra_ps_e_0/inst/buffer_pl_clk_0.PL_CLK_0_BUFG/O
    X0Y1 (CLOCK_ROOT)    net (fo=103775, routed)      1.827     2.026    workout_classifier_wrapper/workout_classifier/workout_classifier_dpuczdx8g_0_0/<hidden>/<hidden>/<hidden>/<hidden>/<hidden>/<hidden>
    SLICE_X47Y137        FDRE                                         r  workout_classifier_wrapper/workout_classifier/workout_classifier_dpuczdx8g_0_0/<hidden>/<hidden>/<hidden>/<hidden>/<hidden>/<hidden>
                         clock pessimism             -0.159     1.868    
    SLICE_X47Y137        FDRE (Hold_HFF2_SLICEL_C_D)
                                                      0.062     1.930    workout_classifier_wrapper/workout_classifier/workout_classifier_dpuczdx8g_0_0/<hidden>/<hidden>/<hidden>/<hidden>/<hidden>/<hidden>
  -------------------------------------------------------------------
                         required time                         -1.930    
                         arrival time                           1.940    
  -------------------------------------------------------------------
                         slack                                  0.010    

Slack (MET) :             0.010ns  (arrival time - required time)
  Source:                 workout_classifier_wrapper/workout_classifier/workout_classifier_dpuczdx8g_0_0/<hidden>/<hidden>/<hidden>/<hidden>/<hidden>/<hidden>
                            (rising edge-triggered cell FDRE clocked by clk_pl_0  {rise@0.000ns fall@5.156ns period=10.312ns})
  Destination:            workout_classifier_wrapper/workout_classifier/workout_classifier_dpuczdx8g_0_0/<hidden>/<hidden>/<hidden>/<hidden>/<hidden>/<hidden>
                            (rising edge-triggered cell SRL16E clocked by clk_pl_0  {rise@0.000ns fall@5.156ns period=10.312ns})
  Path Group:             clk_pl_0
  Path Type:              Hold (Min at Slow Process Corner)
  Requirement:            0.000ns  (clk_pl_0 rise@0.000ns - clk_pl_0 rise@0.000ns)
  Data Path Delay:        0.160ns  (logic 0.058ns (36.159%)  route 0.102ns (63.841%))
  Logic Levels:           0  
  Clock Path Skew:        0.094ns (DCD - SCD - CPR)
    Destination Clock Delay (DCD):    1.977ns
    Source Clock Delay      (SCD):    1.676ns
    Clock Pessimism Removal (CPR):    0.207ns
  Clock Net Delay (Source):      1.516ns (routing 0.533ns, distribution 0.983ns)
  Clock Net Delay (Destination): 1.778ns (routing 0.591ns, distribution 1.187ns)
  Timing Exception:       MultiCycle Path   Setup -end   2    Hold  -end   1

    Location             Delay type                Incr(ns)  Path(ns)    Netlist Resource(s)
  -------------------------------------------------------------------    -------------------
                         (clock clk_pl_0 rise edge)
                                                      0.000     0.000 r  
    PS8_X0Y0             PS8                          0.000     0.000 r  workout_classifier_i/zynq_ultra_ps_e_0/inst/PS8_i/PLCLK[0]
                         net (fo=1, routed)           0.135     0.135    workout_classifier_i/zynq_ultra_ps_e_0/inst/pl_clk_unbuffered[0]
    BUFG_PS_X0Y58        BUFG_PS (Prop_BUFG_PS_I_O)
                                                      0.025     0.160 r  workout_classifier_i/zynq_ultra_ps_e_0/inst/buffer_pl_clk_0.PL_CLK_0_BUFG/O
    X0Y1 (CLOCK_ROOT)    net (fo=103775, routed)      1.516     1.676    workout_classifier_wrapper/workout_classifier/workout_classifier_dpuczdx8g_0_0/<hidden>/<hidden>/<hidden>/<hidden>/<hidden>/<hidden>
    SLICE_X29Y14         FDRE                                         r  workout_classifier_wrapper/workout_classifier/workout_classifier_dpuczdx8g_0_0/<hidden>/<hidden>/<hidden>/<hidden>/<hidden>/<hidden>
  -------------------------------------------------------------------    -------------------
    SLICE_X29Y14         FDRE (Prop_GFF_SLICEM_C_Q)
                                                      0.058     1.734 r  workout_classifier_wrapper/workout_classifier/workout_classifier_dpuczdx8g_0_0/<hidden>/<hidden>/<hidden>/<hidden>/<hidden>/<hidden>
                         net (fo=2, routed)           0.102     1.837    workout_classifier_wrapper/workout_classifier/workout_classifier_dpuczdx8g_0_0/<hidden>/<hidden>/<hidden>/<hidden>/<hidden>/<hidden>
    SLICE_X29Y13         SRL16E                                       r  workout_classifier_wrapper/workout_classifier/workout_classifier_dpuczdx8g_0_0/<hidden>/<hidden>/<hidden>/<hidden>/<hidden>/<hidden>
  -------------------------------------------------------------------    -------------------

                         (clock clk_pl_0 rise edge)
                                                      0.000     0.000 r  
    PS8_X0Y0             PS8                          0.000     0.000 r  workout_classifier_i/zynq_ultra_ps_e_0/inst/PS8_i/PLCLK[0]
                         net (fo=1, routed)           0.171     0.171    workout_classifier_i/zynq_ultra_ps_e_0/inst/pl_clk_unbuffered[0]
    BUFG_PS_X0Y58        BUFG_PS (Prop_BUFG_PS_I_O)
                                                      0.028     0.199 r  workout_classifier_i/zynq_ultra_ps_e_0/inst/buffer_pl_clk_0.PL_CLK_0_BUFG/O
    X0Y1 (CLOCK_ROOT)    net (fo=103775, routed)      1.778     1.977    workout_classifier_wrapper/workout_classifier/workout_classifier_dpuczdx8g_0_0/<hidden>/<hidden>/<hidden>/<hidden>/<hidden>/<hidden>
    SLICE_X29Y13         SRL16E                                       r  workout_classifier_wrapper/workout_classifier/workout_classifier_dpuczdx8g_0_0/<hidden>/<hidden>/<hidden>/<hidden>/<hidden>/<hidden>
                         clock pessimism             -0.207     1.771    
    SLICE_X29Y13         SRL16E (Hold_F5LUT_SLICEM_CLK_D)
                                                      0.056     1.827    workout_classifier_wrapper/workout_classifier/workout_classifier_dpuczdx8g_0_0/<hidden>/<hidden>/<hidden>/<hidden>/<hidden>/<hidden>
  -------------------------------------------------------------------
                         required time                         -1.827    
                         arrival time                           1.837    
  -------------------------------------------------------------------
                         slack                                  0.010    

Slack (MET) :             0.010ns  (arrival time - required time)
  Source:                 workout_classifier_wrapper/workout_classifier/workout_classifier_dpuczdx8g_0_0/<hidden>/<hidden>/<hidden>/<hidden>/<hidden>/<hidden>
                            (rising edge-triggered cell FDSE clocked by clk_pl_0  {rise@0.000ns fall@5.156ns period=10.312ns})
  Destination:            workout_classifier_wrapper/workout_classifier/workout_classifier_dpuczdx8g_0_0/<hidden>/<hidden>/<hidden>/<hidden>/<hidden>
                            (rising edge-triggered cell FDRE clocked by clk_pl_0  {rise@0.000ns fall@5.156ns period=10.312ns})
  Path Group:             clk_pl_0
  Path Type:              Hold (Min at Slow Process Corner)
  Requirement:            0.000ns  (clk_pl_0 rise@0.000ns - clk_pl_0 rise@0.000ns)
  Data Path Delay:        0.236ns  (logic 0.060ns (25.424%)  route 0.176ns (74.576%))
  Logic Levels:           0  
  Clock Path Skew:        0.164ns (DCD - SCD - CPR)
    Destination Clock Delay (DCD):    1.941ns
    Source Clock Delay      (SCD):    1.624ns
    Clock Pessimism Removal (CPR):    0.153ns
  Clock Net Delay (Source):      1.464ns (routing 0.533ns, distribution 0.931ns)
  Clock Net Delay (Destination): 1.742ns (routing 0.591ns, distribution 1.151ns)
  Timing Exception:       MultiCycle Path   Setup -end   2    Hold  -end   1

    Location             Delay type                Incr(ns)  Path(ns)    Netlist Resource(s)
  -------------------------------------------------------------------    -------------------
                         (clock clk_pl_0 rise edge)
                                                      0.000     0.000 r  
    PS8_X0Y0             PS8                          0.000     0.000 r  workout_classifier_i/zynq_ultra_ps_e_0/inst/PS8_i/PLCLK[0]
                         net (fo=1, routed)           0.135     0.135    workout_classifier_i/zynq_ultra_ps_e_0/inst/pl_clk_unbuffered[0]
    BUFG_PS_X0Y58        BUFG_PS (Prop_BUFG_PS_I_O)
                                                      0.025     0.160 r  workout_classifier_i/zynq_ultra_ps_e_0/inst/buffer_pl_clk_0.PL_CLK_0_BUFG/O
    X0Y1 (CLOCK_ROOT)    net (fo=103775, routed)      1.464     1.624    workout_classifier_wrapper/workout_classifier/workout_classifier_dpuczdx8g_0_0/<hidden>/<hidden>/<hidden>/<hidden>/<hidden>/<hidden>
    SLICE_X26Y3          FDSE                                         r  workout_classifier_wrapper/workout_classifier/workout_classifier_dpuczdx8g_0_0/<hidden>/<hidden>/<hidden>/<hidden>/<hidden>/<hidden>
  -------------------------------------------------------------------    -------------------
    SLICE_X26Y3          FDSE (Prop_FFF2_SLICEL_C_Q)
                                                      0.060     1.684 r  workout_classifier_wrapper/workout_classifier/workout_classifier_dpuczdx8g_0_0/<hidden>/<hidden>/<hidden>/<hidden>/<hidden>/<hidden>
                         net (fo=1, routed)           0.176     1.860    workout_classifier_wrapper/workout_classifier/workout_classifier_dpuczdx8g_0_0/<hidden>/<hidden>/<hidden>/<hidden>/<hidden>
    SLICE_X31Y3          FDRE                                         r  workout_classifier_wrapper/workout_classifier/workout_classifier_dpuczdx8g_0_0/<hidden>/<hidden>/<hidden>/<hidden>/<hidden>
  -------------------------------------------------------------------    -------------------

                         (clock clk_pl_0 rise edge)
                                                      0.000     0.000 r  
    PS8_X0Y0             PS8                          0.000     0.000 r  workout_classifier_i/zynq_ultra_ps_e_0/inst/PS8_i/PLCLK[0]
                         net (fo=1, routed)           0.171     0.171    workout_classifier_i/zynq_ultra_ps_e_0/inst/pl_clk_unbuffered[0]
    BUFG_PS_X0Y58        BUFG_PS (Prop_BUFG_PS_I_O)
                                                      0.028     0.199 r  workout_classifier_i/zynq_ultra_ps_e_0/inst/buffer_pl_clk_0.PL_CLK_0_BUFG/O
    X0Y1 (CLOCK_ROOT)    net (fo=103775, routed)      1.742     1.941    workout_classifier_wrapper/workout_classifier/workout_classifier_dpuczdx8g_0_0/<hidden>/<hidden>/<hidden>/<hidden>/<hidden>
    SLICE_X31Y3          FDRE                                         r  workout_classifier_wrapper/workout_classifier/workout_classifier_dpuczdx8g_0_0/<hidden>/<hidden>/<hidden>/<hidden>/<hidden>
                         clock pessimism             -0.153     1.788    
    SLICE_X31Y3          FDRE (Hold_HFF2_SLICEM_C_D)
                                                      0.062     1.850    workout_classifier_wrapper/workout_classifier/workout_classifier_dpuczdx8g_0_0/<hidden>/<hidden>/<hidden>/<hidden>/<hidden>
  -------------------------------------------------------------------
                         required time                         -1.850    
                         arrival time                           1.860    
  -------------------------------------------------------------------
                         slack                                  0.010    

Slack (MET) :             0.010ns  (arrival time - required time)
  Source:                 workout_classifier_wrapper/workout_classifier/workout_classifier_dpuczdx8g_0_0/<hidden>/<hidden>/<hidden>/<hidden>/<hidden>/<hidden>
                            (rising edge-triggered cell FDRE clocked by clk_pl_0  {rise@0.000ns fall@5.156ns period=10.312ns})
  Destination:            workout_classifier_wrapper/workout_classifier/workout_classifier_dpuczdx8g_0_0/<hidden>/<hidden>/<hidden>/<hidden>/<hidden>/<hidden>/<hidden>
                            (rising edge-triggered cell RAMB36E2 clocked by clk_pl_0  {rise@0.000ns fall@5.156ns period=10.312ns})
  Path Group:             clk_pl_0
  Path Type:              Hold (Min at Slow Process Corner)
  Requirement:            0.000ns  (clk_pl_0 rise@0.000ns - clk_pl_0 rise@0.000ns)
  Data Path Delay:        0.175ns  (logic 0.058ns (33.234%)  route 0.117ns (66.766%))
  Logic Levels:           0  
  Clock Path Skew:        0.192ns (DCD - SCD - CPR)
    Destination Clock Delay (DCD):    1.938ns
    Source Clock Delay      (SCD):    1.596ns
    Clock Pessimism Removal (CPR):    0.150ns
  Clock Net Delay (Source):      1.436ns (routing 0.533ns, distribution 0.903ns)
  Clock Net Delay (Destination): 1.739ns (routing 0.591ns, distribution 1.148ns)
  Timing Exception:       MultiCycle Path   Setup -end   2    Hold  -end   1

    Location             Delay type                Incr(ns)  Path(ns)    Netlist Resource(s)
  -------------------------------------------------------------------    -------------------
                         (clock clk_pl_0 rise edge)
                                                      0.000     0.000 r  
    PS8_X0Y0             PS8                          0.000     0.000 r  workout_classifier_i/zynq_ultra_ps_e_0/inst/PS8_i/PLCLK[0]
                         net (fo=1, routed)           0.135     0.135    workout_classifier_i/zynq_ultra_ps_e_0/inst/pl_clk_unbuffered[0]
    BUFG_PS_X0Y58        BUFG_PS (Prop_BUFG_PS_I_O)
                                                      0.025     0.160 r  workout_classifier_i/zynq_ultra_ps_e_0/inst/buffer_pl_clk_0.PL_CLK_0_BUFG/O
    X0Y1 (CLOCK_ROOT)    net (fo=103775, routed)      1.436     1.596    workout_classifier_wrapper/workout_classifier/workout_classifier_dpuczdx8g_0_0/<hidden>/<hidden>/<hidden>/<hidden>/<hidden>/<hidden>
    SLICE_X17Y67         FDRE                                         r  workout_classifier_wrapper/workout_classifier/workout_classifier_dpuczdx8g_0_0/<hidden>/<hidden>/<hidden>/<hidden>/<hidden>/<hidden>
  -------------------------------------------------------------------    -------------------
    SLICE_X17Y67         FDRE (Prop_HFF_SLICEL_C_Q)
                                                      0.058     1.654 r  workout_classifier_wrapper/workout_classifier/workout_classifier_dpuczdx8g_0_0/<hidden>/<hidden>/<hidden>/<hidden>/<hidden>/<hidden>
                         net (fo=2, routed)           0.117     1.770    workout_classifier_wrapper/workout_classifier/workout_classifier_dpuczdx8g_0_0/<hidden>/<hidden>/<hidden>/<hidden>/<hidden>/<hidden>/<hidden>
    RAMB36_X2Y13         RAMB36E2                                     r  workout_classifier_wrapper/workout_classifier/workout_classifier_dpuczdx8g_0_0/<hidden>/<hidden>/<hidden>/<hidden>/<hidden>/<hidden>/<hidden>
  -------------------------------------------------------------------    -------------------

                         (clock clk_pl_0 rise edge)
                                                      0.000     0.000 r  
    PS8_X0Y0             PS8                          0.000     0.000 r  workout_classifier_i/zynq_ultra_ps_e_0/inst/PS8_i/PLCLK[0]
                         net (fo=1, routed)           0.171     0.171    workout_classifier_i/zynq_ultra_ps_e_0/inst/pl_clk_unbuffered[0]
    BUFG_PS_X0Y58        BUFG_PS (Prop_BUFG_PS_I_O)
                                                      0.028     0.199 r  workout_classifier_i/zynq_ultra_ps_e_0/inst/buffer_pl_clk_0.PL_CLK_0_BUFG/O
    X0Y1 (CLOCK_ROOT)    net (fo=103775, routed)      1.739     1.938    workout_classifier_wrapper/workout_classifier/workout_classifier_dpuczdx8g_0_0/<hidden>/<hidden>/<hidden>/<hidden>/<hidden>/<hidden>/<hidden>
    RAMB36_X2Y13         RAMB36E2                                     r  workout_classifier_wrapper/workout_classifier/workout_classifier_dpuczdx8g_0_0/<hidden>/<hidden>/<hidden>/<hidden>/<hidden>/<hidden>/<hidden>
                         clock pessimism             -0.150     1.788    
    RAMB36_X2Y13         RAMB36E2 (Hold_RAMB36E2_RAMB36_CLKARDCLK_DINADIN[7])
                                                     -0.028     1.760    workout_classifier_wrapper/workout_classifier/workout_classifier_dpuczdx8g_0_0/<hidden>/<hidden>/<hidden>/<hidden>/<hidden>/<hidden>/<hidden>
  -------------------------------------------------------------------
                         required time                         -1.760    
                         arrival time                           1.770    
  -------------------------------------------------------------------
                         slack                                  0.010    

Slack (MET) :             0.010ns  (arrival time - required time)
  Source:                 workout_classifier_wrapper/workout_classifier/workout_classifier_dpuczdx8g_0_0/<hidden>/<hidden>/<hidden>/<hidden>/<hidden>/<hidden>
                            (rising edge-triggered cell FDRE clocked by clk_pl_0  {rise@0.000ns fall@5.156ns period=10.312ns})
  Destination:            workout_classifier_wrapper/workout_classifier/workout_classifier_dpuczdx8g_0_0/<hidden>/<hidden>/<hidden>/<hidden>/<hidden>/<hidden>/<hidden>/<hidden>/<hidden>
                            (rising edge-triggered cell RAMD64E clocked by clk_pl_0  {rise@0.000ns fall@5.156ns period=10.312ns})
  Path Group:             clk_pl_0
  Path Type:              Hold (Min at Slow Process Corner)
  Requirement:            0.000ns  (clk_pl_0 rise@0.000ns - clk_pl_0 rise@0.000ns)
  Data Path Delay:        0.199ns  (logic 0.060ns (30.151%)  route 0.139ns (69.849%))
  Logic Levels:           0  
  Clock Path Skew:        0.112ns (DCD - SCD - CPR)
    Destination Clock Delay (DCD):    1.817ns
    Source Clock Delay      (SCD):    1.558ns
    Clock Pessimism Removal (CPR):    0.148ns
  Clock Net Delay (Source):      1.398ns (routing 0.533ns, distribution 0.865ns)
  Clock Net Delay (Destination): 1.618ns (routing 0.591ns, distribution 1.027ns)
  Timing Exception:       MultiCycle Path   Setup -end   2    Hold  -end   1

    Location             Delay type                Incr(ns)  Path(ns)    Netlist Resource(s)
  -------------------------------------------------------------------    -------------------
                         (clock clk_pl_0 rise edge)
                                                      0.000     0.000 r  
    PS8_X0Y0             PS8                          0.000     0.000 r  workout_classifier_i/zynq_ultra_ps_e_0/inst/PS8_i/PLCLK[0]
                         net (fo=1, routed)           0.135     0.135    workout_classifier_i/zynq_ultra_ps_e_0/inst/pl_clk_unbuffered[0]
    BUFG_PS_X0Y58        BUFG_PS (Prop_BUFG_PS_I_O)
                                                      0.025     0.160 r  workout_classifier_i/zynq_ultra_ps_e_0/inst/buffer_pl_clk_0.PL_CLK_0_BUFG/O
    X0Y1 (CLOCK_ROOT)    net (fo=103775, routed)      1.398     1.558    workout_classifier_wrapper/workout_classifier/workout_classifier_dpuczdx8g_0_0/<hidden>/<hidden>/<hidden>/<hidden>/<hidden>/<hidden>
    SLICE_X13Y80         FDRE                                         r  workout_classifier_wrapper/workout_classifier/workout_classifier_dpuczdx8g_0_0/<hidden>/<hidden>/<hidden>/<hidden>/<hidden>/<hidden>
  -------------------------------------------------------------------    -------------------
    SLICE_X13Y80         FDRE (Prop_EFF2_SLICEL_C_Q)
                                                      0.060     1.618 r  workout_classifier_wrapper/workout_classifier/workout_classifier_dpuczdx8g_0_0/<hidden>/<hidden>/<hidden>/<hidden>/<hidden>/<hidden>
                         net (fo=1, routed)           0.139     1.757    workout_classifier_wrapper/workout_classifier/workout_classifier_dpuczdx8g_0_0/<hidden>/<hidden>/<hidden>/<hidden>/<hidden>/<hidden>/<hidden>/<hidden>/<hidden>
    SLICE_X14Y81         RAMD64E                                      r  workout_classifier_wrapper/workout_classifier/workout_classifier_dpuczdx8g_0_0/<hidden>/<hidden>/<hidden>/<hidden>/<hidden>/<hidden>/<hidden>/<hidden>/<hidden>
  -------------------------------------------------------------------    -------------------

                         (clock clk_pl_0 rise edge)
                                                      0.000     0.000 r  
    PS8_X0Y0             PS8                          0.000     0.000 r  workout_classifier_i/zynq_ultra_ps_e_0/inst/PS8_i/PLCLK[0]
                         net (fo=1, routed)           0.171     0.171    workout_classifier_i/zynq_ultra_ps_e_0/inst/pl_clk_unbuffered[0]
    BUFG_PS_X0Y58        BUFG_PS (Prop_BUFG_PS_I_O)
                                                      0.028     0.199 r  workout_classifier_i/zynq_ultra_ps_e_0/inst/buffer_pl_clk_0.PL_CLK_0_BUFG/O
    X0Y1 (CLOCK_ROOT)    net (fo=103775, routed)      1.618     1.817    workout_classifier_wrapper/workout_classifier/workout_classifier_dpuczdx8g_0_0/<hidden>/<hidden>/<hidden>/<hidden>/<hidden>/<hidden>/<hidden>/<hidden>/<hidden>
    SLICE_X14Y81         RAMD64E                                      r  workout_classifier_wrapper/workout_classifier/workout_classifier_dpuczdx8g_0_0/<hidden>/<hidden>/<hidden>/<hidden>/<hidden>/<hidden>/<hidden>/<hidden>/<hidden>
                         clock pessimism             -0.148     1.669    
    SLICE_X14Y81         RAMD64E (Hold_E6LUT_SLICEM_CLK_I)
                                                      0.077     1.746    workout_classifier_wrapper/workout_classifier/workout_classifier_dpuczdx8g_0_0/<hidden>/<hidden>/<hidden>/<hidden>/<hidden>/<hidden>/<hidden>/<hidden>/<hidden>
  -------------------------------------------------------------------
                         required time                         -1.746    
                         arrival time                           1.757    
  -------------------------------------------------------------------
                         slack                                  0.010    

Slack (MET) :             0.010ns  (arrival time - required time)
  Source:                 workout_classifier_i/axi_smc/inst/switchboards/w_switchboard/inst/gen_mi[0].inst_opipe_payld/gen_pipe[1].pipe_reg[1][132]/C
                            (rising edge-triggered cell FDRE clocked by clk_pl_0  {rise@0.000ns fall@5.156ns period=10.312ns})
  Destination:            workout_classifier_i/axi_smc/inst/m00_nodes/m00_w_node/inst/inst_mi_handler/gen_normal_area.inst_fifo_node_payld/gen_xpm_memory_fifo.inst_fifo/gen_mem_rep[0].inst_xpm_memory/xpm_memory_base_inst/gen_wr_a.gen_word_narrow.mem_reg_0_31_126_139/RAMD/I
                            (rising edge-triggered cell RAMD32 clocked by clk_pl_0  {rise@0.000ns fall@5.156ns period=10.312ns})
  Path Group:             clk_pl_0
  Path Type:              Hold (Min at Slow Process Corner)
  Requirement:            0.000ns  (clk_pl_0 rise@0.000ns - clk_pl_0 rise@0.000ns)
  Data Path Delay:        0.233ns  (logic 0.060ns (25.751%)  route 0.173ns (74.249%))
  Logic Levels:           0  
  Clock Path Skew:        0.147ns (DCD - SCD - CPR)
    Destination Clock Delay (DCD):    1.920ns
    Source Clock Delay      (SCD):    1.622ns
    Clock Pessimism Removal (CPR):    0.151ns
  Clock Net Delay (Source):      1.462ns (routing 0.533ns, distribution 0.929ns)
  Clock Net Delay (Destination): 1.721ns (routing 0.591ns, distribution 1.130ns)
  Timing Exception:       MultiCycle Path   Setup -end   2    Hold  -end   1

    Location             Delay type                Incr(ns)  Path(ns)    Netlist Resource(s)
  -------------------------------------------------------------------    -------------------
                         (clock clk_pl_0 rise edge)
                                                      0.000     0.000 r  
    PS8_X0Y0             PS8                          0.000     0.000 r  workout_classifier_i/zynq_ultra_ps_e_0/inst/PS8_i/PLCLK[0]
                         net (fo=1, routed)           0.135     0.135    workout_classifier_i/zynq_ultra_ps_e_0/inst/pl_clk_unbuffered[0]
    BUFG_PS_X0Y58        BUFG_PS (Prop_BUFG_PS_I_O)
                                                      0.025     0.160 r  workout_classifier_i/zynq_ultra_ps_e_0/inst/buffer_pl_clk_0.PL_CLK_0_BUFG/O
    X0Y1 (CLOCK_ROOT)    net (fo=103775, routed)      1.462     1.622    workout_classifier_i/axi_smc/inst/switchboards/w_switchboard/inst/gen_mi[0].inst_opipe_payld/aclk
    SLICE_X7Y120         FDRE                                         r  workout_classifier_i/axi_smc/inst/switchboards/w_switchboard/inst/gen_mi[0].inst_opipe_payld/gen_pipe[1].pipe_reg[1][132]/C
  -------------------------------------------------------------------    -------------------
    SLICE_X7Y120         FDRE (Prop_GFF2_SLICEL_C_Q)
                                                      0.060     1.682 r  workout_classifier_i/axi_smc/inst/switchboards/w_switchboard/inst/gen_mi[0].inst_opipe_payld/gen_pipe[1].pipe_reg[1][132]/Q
                         net (fo=1, routed)           0.173     1.855    workout_classifier_i/axi_smc/inst/m00_nodes/m00_w_node/inst/inst_mi_handler/gen_normal_area.inst_fifo_node_payld/gen_xpm_memory_fifo.inst_fifo/gen_mem_rep[0].inst_xpm_memory/xpm_memory_base_inst/gen_wr_a.gen_word_narrow.mem_reg_0_31_126_139/DID0
    SLICE_X5Y124         RAMD32                                       r  workout_classifier_i/axi_smc/inst/m00_nodes/m00_w_node/inst/inst_mi_handler/gen_normal_area.inst_fifo_node_payld/gen_xpm_memory_fifo.inst_fifo/gen_mem_rep[0].inst_xpm_memory/xpm_memory_base_inst/gen_wr_a.gen_word_narrow.mem_reg_0_31_126_139/RAMD/I
  -------------------------------------------------------------------    -------------------

                         (clock clk_pl_0 rise edge)
                                                      0.000     0.000 r  
    PS8_X0Y0             PS8                          0.000     0.000 r  workout_classifier_i/zynq_ultra_ps_e_0/inst/PS8_i/PLCLK[0]
                         net (fo=1, routed)           0.171     0.171    workout_classifier_i/zynq_ultra_ps_e_0/inst/pl_clk_unbuffered[0]
    BUFG_PS_X0Y58        BUFG_PS (Prop_BUFG_PS_I_O)
                                                      0.028     0.199 r  workout_classifier_i/zynq_ultra_ps_e_0/inst/buffer_pl_clk_0.PL_CLK_0_BUFG/O
    X0Y1 (CLOCK_ROOT)    net (fo=103775, routed)      1.721     1.920    workout_classifier_i/axi_smc/inst/m00_nodes/m00_w_node/inst/inst_mi_handler/gen_normal_area.inst_fifo_node_payld/gen_xpm_memory_fifo.inst_fifo/gen_mem_rep[0].inst_xpm_memory/xpm_memory_base_inst/gen_wr_a.gen_word_narrow.mem_reg_0_31_126_139/WCLK
    SLICE_X5Y124         RAMD32                                       r  workout_classifier_i/axi_smc/inst/m00_nodes/m00_w_node/inst/inst_mi_handler/gen_normal_area.inst_fifo_node_payld/gen_xpm_memory_fifo.inst_fifo/gen_mem_rep[0].inst_xpm_memory/xpm_memory_base_inst/gen_wr_a.gen_word_narrow.mem_reg_0_31_126_139/RAMD/CLK
                         clock pessimism             -0.151     1.769    
    SLICE_X5Y124         RAMD32 (Hold_D5LUT_SLICEM_CLK_I)
                                                      0.076     1.845    workout_classifier_i/axi_smc/inst/m00_nodes/m00_w_node/inst/inst_mi_handler/gen_normal_area.inst_fifo_node_payld/gen_xpm_memory_fifo.inst_fifo/gen_mem_rep[0].inst_xpm_memory/xpm_memory_base_inst/gen_wr_a.gen_word_narrow.mem_reg_0_31_126_139/RAMD
  -------------------------------------------------------------------
                         required time                         -1.845    
                         arrival time                           1.855    
  -------------------------------------------------------------------
                         slack                                  0.010    





Pulse Width Checks
--------------------------------------------------------------------------------------
Clock Name:         clk_pl_0
Waveform(ns):       { 0.000 5.156 }
Period(ns):         10.312
Sources:            { workout_classifier_i/zynq_ultra_ps_e_0/inst/PS8_i/PLCLK[0] }

Check Type        Corner  Lib Pin             Reference Pin  Required(ns)  Actual(ns)  Slack(ns)  Location      Pin
Min Period        n/a     PS8/MAXIGP2ACLK     n/a            3.000         10.312      7.312      PS8_X0Y0      workout_classifier_i/zynq_ultra_ps_e_0/inst/PS8_i/MAXIGP2ACLK
Min Period        n/a     RAMB36E2/CLKARDCLK  n/a            1.569         10.312      8.743      RAMB36_X1Y18  workout_classifier_wrapper/workout_classifier/workout_classifier_dpuczdx8g_0_0/<hidden>/<hidden>/<hidden>/<hidden>/<hidden>/<hidden>/<hidden>
Min Period        n/a     RAMB36E2/CLKARDCLK  n/a            1.569         10.312      8.743      RAMB36_X1Y19  workout_classifier_wrapper/workout_classifier/workout_classifier_dpuczdx8g_0_0/<hidden>/<hidden>/<hidden>/<hidden>/<hidden>/<hidden>/<hidden>
Min Period        n/a     RAMB36E2/CLKARDCLK  n/a            1.569         10.312      8.743      RAMB36_X2Y20  workout_classifier_wrapper/workout_classifier/workout_classifier_dpuczdx8g_0_0/<hidden>/<hidden>/<hidden>/<hidden>/<hidden>/<hidden>/<hidden>
Min Period        n/a     RAMB36E2/CLKARDCLK  n/a            1.569         10.312      8.743      RAMB36_X2Y21  workout_classifier_wrapper/workout_classifier/workout_classifier_dpuczdx8g_0_0/<hidden>/<hidden>/<hidden>/<hidden>/<hidden>/<hidden>/<hidden>
Min Period        n/a     RAMB36E2/CLKARDCLK  n/a            1.569         10.312      8.743      RAMB36_X1Y20  workout_classifier_wrapper/workout_classifier/workout_classifier_dpuczdx8g_0_0/<hidden>/<hidden>/<hidden>/<hidden>/<hidden>/<hidden>/<hidden>
Min Period        n/a     RAMB18E2/CLKARDCLK  n/a            1.569         10.312      8.743      RAMB18_X1Y42  workout_classifier_wrapper/workout_classifier/workout_classifier_dpuczdx8g_0_0/<hidden>/<hidden>/<hidden>/<hidden>/<hidden>/<hidden>/<hidden>
Min Period        n/a     RAMB36E2/CLKARDCLK  n/a            1.569         10.312      8.743      RAMB36_X4Y6   workout_classifier_wrapper/workout_classifier/workout_classifier_dpuczdx8g_0_0/<hidden>/<hidden>/<hidden>/<hidden>/<hidden>/<hidden>/<hidden>
Min Period        n/a     RAMB36E2/CLKARDCLK  n/a            1.569         10.312      8.743      RAMB36_X4Y7   workout_classifier_wrapper/workout_classifier/workout_classifier_dpuczdx8g_0_0/<hidden>/<hidden>/<hidden>/<hidden>/<hidden>/<hidden>/<hidden>
Min Period        n/a     RAMB36E2/CLKARDCLK  n/a            1.569         10.312      8.743      RAMB36_X4Y10  workout_classifier_wrapper/workout_classifier/workout_classifier_dpuczdx8g_0_0/<hidden>/<hidden>/<hidden>/<hidden>/<hidden>/<hidden>/<hidden>
Low Pulse Width   Slow    PS8/MAXIGP2ACLK     n/a            1.500         5.156       3.656      PS8_X0Y0      workout_classifier_i/zynq_ultra_ps_e_0/inst/PS8_i/MAXIGP2ACLK
Low Pulse Width   Fast    PS8/MAXIGP2ACLK     n/a            1.500         5.156       3.656      PS8_X0Y0      workout_classifier_i/zynq_ultra_ps_e_0/inst/PS8_i/MAXIGP2ACLK
Low Pulse Width   Slow    RAMB36E2/CLKARDCLK  n/a            0.542         5.156       4.614      RAMB36_X1Y18  workout_classifier_wrapper/workout_classifier/workout_classifier_dpuczdx8g_0_0/<hidden>/<hidden>/<hidden>/<hidden>/<hidden>/<hidden>/<hidden>
Low Pulse Width   Fast    RAMB36E2/CLKARDCLK  n/a            0.542         5.156       4.614      RAMB36_X1Y18  workout_classifier_wrapper/workout_classifier/workout_classifier_dpuczdx8g_0_0/<hidden>/<hidden>/<hidden>/<hidden>/<hidden>/<hidden>/<hidden>
Low Pulse Width   Slow    RAMB36E2/CLKBWRCLK  n/a            0.542         5.156       4.614      RAMB36_X1Y18  workout_classifier_wrapper/workout_classifier/workout_classifier_dpuczdx8g_0_0/<hidden>/<hidden>/<hidden>/<hidden>/<hidden>/<hidden>/<hidden>
Low Pulse Width   Fast    RAMB36E2/CLKBWRCLK  n/a            0.542         5.156       4.614      RAMB36_X1Y18  workout_classifier_wrapper/workout_classifier/workout_classifier_dpuczdx8g_0_0/<hidden>/<hidden>/<hidden>/<hidden>/<hidden>/<hidden>/<hidden>
Low Pulse Width   Slow    RAMB36E2/CLKARDCLK  n/a            0.542         5.156       4.614      RAMB36_X1Y19  workout_classifier_wrapper/workout_classifier/workout_classifier_dpuczdx8g_0_0/<hidden>/<hidden>/<hidden>/<hidden>/<hidden>/<hidden>/<hidden>
Low Pulse Width   Fast    RAMB36E2/CLKARDCLK  n/a            0.542         5.156       4.614      RAMB36_X1Y19  workout_classifier_wrapper/workout_classifier/workout_classifier_dpuczdx8g_0_0/<hidden>/<hidden>/<hidden>/<hidden>/<hidden>/<hidden>/<hidden>
Low Pulse Width   Slow    RAMB36E2/CLKBWRCLK  n/a            0.542         5.156       4.614      RAMB36_X1Y19  workout_classifier_wrapper/workout_classifier/workout_classifier_dpuczdx8g_0_0/<hidden>/<hidden>/<hidden>/<hidden>/<hidden>/<hidden>/<hidden>
Low Pulse Width   Fast    RAMB36E2/CLKBWRCLK  n/a            0.542         5.156       4.614      RAMB36_X1Y19  workout_classifier_wrapper/workout_classifier/workout_classifier_dpuczdx8g_0_0/<hidden>/<hidden>/<hidden>/<hidden>/<hidden>/<hidden>/<hidden>
High Pulse Width  Slow    PS8/MAXIGP2ACLK     n/a            1.500         5.156       3.656      PS8_X0Y0      workout_classifier_i/zynq_ultra_ps_e_0/inst/PS8_i/MAXIGP2ACLK
High Pulse Width  Fast    PS8/MAXIGP2ACLK     n/a            1.500         5.156       3.656      PS8_X0Y0      workout_classifier_i/zynq_ultra_ps_e_0/inst/PS8_i/MAXIGP2ACLK
High Pulse Width  Slow    RAMB36E2/CLKARDCLK  n/a            0.542         5.156       4.614      RAMB36_X1Y18  workout_classifier_wrapper/workout_classifier/workout_classifier_dpuczdx8g_0_0/<hidden>/<hidden>/<hidden>/<hidden>/<hidden>/<hidden>/<hidden>
High Pulse Width  Fast    RAMB36E2/CLKARDCLK  n/a            0.542         5.156       4.614      RAMB36_X1Y18  workout_classifier_wrapper/workout_classifier/workout_classifier_dpuczdx8g_0_0/<hidden>/<hidden>/<hidden>/<hidden>/<hidden>/<hidden>/<hidden>
High Pulse Width  Slow    RAMB36E2/CLKBWRCLK  n/a            0.542         5.156       4.614      RAMB36_X1Y18  workout_classifier_wrapper/workout_classifier/workout_classifier_dpuczdx8g_0_0/<hidden>/<hidden>/<hidden>/<hidden>/<hidden>/<hidden>/<hidden>
High Pulse Width  Fast    RAMB36E2/CLKBWRCLK  n/a            0.542         5.156       4.614      RAMB36_X1Y18  workout_classifier_wrapper/workout_classifier/workout_classifier_dpuczdx8g_0_0/<hidden>/<hidden>/<hidden>/<hidden>/<hidden>/<hidden>/<hidden>
High Pulse Width  Slow    RAMB36E2/CLKARDCLK  n/a            0.542         5.156       4.614      RAMB36_X1Y19  workout_classifier_wrapper/workout_classifier/workout_classifier_dpuczdx8g_0_0/<hidden>/<hidden>/<hidden>/<hidden>/<hidden>/<hidden>/<hidden>
High Pulse Width  Fast    RAMB36E2/CLKARDCLK  n/a            0.542         5.156       4.614      RAMB36_X1Y19  workout_classifier_wrapper/workout_classifier/workout_classifier_dpuczdx8g_0_0/<hidden>/<hidden>/<hidden>/<hidden>/<hidden>/<hidden>/<hidden>
High Pulse Width  Slow    RAMB36E2/CLKBWRCLK  n/a            0.542         5.156       4.614      RAMB36_X1Y19  workout_classifier_wrapper/workout_classifier/workout_classifier_dpuczdx8g_0_0/<hidden>/<hidden>/<hidden>/<hidden>/<hidden>/<hidden>/<hidden>
High Pulse Width  Fast    RAMB36E2/CLKBWRCLK  n/a            0.542         5.156       4.614      RAMB36_X1Y19  workout_classifier_wrapper/workout_classifier/workout_classifier_dpuczdx8g_0_0/<hidden>/<hidden>/<hidden>/<hidden>/<hidden>/<hidden>/<hidden>



--------------------------------------------------------------------------------------
Path Group:  (none)
From Clock:  
  To Clock:  clk_pl_0

Max Delay             5 Endpoints
Min Delay             5 Endpoints
--------------------------------------------------------------------------------------


Max Delay Paths
--------------------------------------------------------------------------------------
Slack:                    inf
  Source:                 GPIO_PB_tri_i[2]
                            (input port)
  Destination:            workout_classifier_i/axi_gpio_0/U0/gpio_core_1/Not_Dual.INPUT_DOUBLE_REGS3/syncstages_ff_reg[0][2]/D
                            (rising edge-triggered cell FDRE clocked by clk_pl_0  {rise@0.000ns fall@5.156ns period=10.312ns})
  Path Group:             (none)
  Path Type:              Setup (Max at Slow Process Corner)
  Data Path Delay:        3.219ns  (logic 0.591ns (18.370%)  route 2.628ns (81.630%))
  Logic Levels:           2  (IBUFCTRL=1 INBUF=1)
  Clock Path Skew:        1.638ns (DCD - SCD + CPR)
    Destination Clock Delay (DCD):    1.638ns
    Source Clock Delay      (SCD):    0.000ns
    Clock Pessimism Removal (CPR):    0.000ns
  Clock Uncertainty:      0.157ns  ((TSJ^2 + DJ^2)^1/2) / 2 + PE
    Total System Jitter     (TSJ):    0.050ns
    Discrete Jitter          (DJ):    0.310ns
    Phase Error              (PE):    0.000ns
  Clock Net Delay (Destination): 1.478ns (routing 0.533ns, distribution 0.945ns)
  Timing Exception:       False Path

    Location             Delay type                Incr(ns)  Path(ns)    Netlist Resource(s)
  -------------------------------------------------------------------    -------------------
    AB7                                               0.000     0.000 r  GPIO_PB_tri_i[2] (IN)
                         net (fo=0)                   0.000     0.000    GPIO_PB_tri_i_IBUF[2]_inst/I
    AB7                  INBUF (Prop_INBUF_HPIOB_M_PAD_O)
                                                      0.591     0.591 r  GPIO_PB_tri_i_IBUF[2]_inst/INBUF_INST/O
                         net (fo=1, routed)           0.000     0.591    GPIO_PB_tri_i_IBUF[2]_inst/OUT
    AB7                  IBUFCTRL (Prop_IBUFCTRL_HPIOB_M_I_O)
                                                      0.000     0.591 r  GPIO_PB_tri_i_IBUF[2]_inst/IBUFCTRL_INST/O
                         net (fo=1, routed)           2.628     3.219    workout_classifier_i/axi_gpio_0/U0/gpio_core_1/Not_Dual.INPUT_DOUBLE_REGS3/async_path_bit[2]
    SLICE_X25Y145        FDRE                                         r  workout_classifier_i/axi_gpio_0/U0/gpio_core_1/Not_Dual.INPUT_DOUBLE_REGS3/syncstages_ff_reg[0][2]/D
  -------------------------------------------------------------------    -------------------

                         (clock clk_pl_0 rise edge)
                                                      0.000     0.000 r  
    PS8_X0Y0             PS8                          0.000     0.000 r  workout_classifier_i/zynq_ultra_ps_e_0/inst/PS8_i/PLCLK[0]
                         net (fo=1, routed)           0.135     0.135    workout_classifier_i/zynq_ultra_ps_e_0/inst/pl_clk_unbuffered[0]
    BUFG_PS_X0Y58        BUFG_PS (Prop_BUFG_PS_I_O)
                                                      0.025     0.160 r  workout_classifier_i/zynq_ultra_ps_e_0/inst/buffer_pl_clk_0.PL_CLK_0_BUFG/O
    X0Y1 (CLOCK_ROOT)    net (fo=103775, routed)      1.478     1.638    workout_classifier_i/axi_gpio_0/U0/gpio_core_1/Not_Dual.INPUT_DOUBLE_REGS3/dest_clk
    SLICE_X25Y145        FDRE                                         r  workout_classifier_i/axi_gpio_0/U0/gpio_core_1/Not_Dual.INPUT_DOUBLE_REGS3/syncstages_ff_reg[0][2]/C

Slack:                    inf
  Source:                 GPIO_PB_tri_i[1]
                            (input port)
  Destination:            workout_classifier_i/axi_gpio_0/U0/gpio_core_1/Not_Dual.INPUT_DOUBLE_REGS3/syncstages_ff_reg[0][1]/D
                            (rising edge-triggered cell FDRE clocked by clk_pl_0  {rise@0.000ns fall@5.156ns period=10.312ns})
  Path Group:             (none)
  Path Type:              Setup (Max at Slow Process Corner)
  Data Path Delay:        3.197ns  (logic 0.596ns (18.643%)  route 2.601ns (81.357%))
  Logic Levels:           2  (IBUFCTRL=1 INBUF=1)
  Clock Path Skew:        1.642ns (DCD - SCD + CPR)
    Destination Clock Delay (DCD):    1.642ns
    Source Clock Delay      (SCD):    0.000ns
    Clock Pessimism Removal (CPR):    0.000ns
  Clock Uncertainty:      0.157ns  ((TSJ^2 + DJ^2)^1/2) / 2 + PE
    Total System Jitter     (TSJ):    0.050ns
    Discrete Jitter          (DJ):    0.310ns
    Phase Error              (PE):    0.000ns
  Clock Net Delay (Destination): 1.482ns (routing 0.533ns, distribution 0.949ns)
  Timing Exception:       False Path

    Location             Delay type                Incr(ns)  Path(ns)    Netlist Resource(s)
  -------------------------------------------------------------------    -------------------
    AB2                                               0.000     0.000 r  GPIO_PB_tri_i[1] (IN)
                         net (fo=0)                   0.000     0.000    GPIO_PB_tri_i_IBUF[1]_inst/I
    AB2                  INBUF (Prop_INBUF_HPIOB_M_PAD_O)
                                                      0.596     0.596 r  GPIO_PB_tri_i_IBUF[1]_inst/INBUF_INST/O
                         net (fo=1, routed)           0.000     0.596    GPIO_PB_tri_i_IBUF[1]_inst/OUT
    AB2                  IBUFCTRL (Prop_IBUFCTRL_HPIOB_M_I_O)
                                                      0.000     0.596 r  GPIO_PB_tri_i_IBUF[1]_inst/IBUFCTRL_INST/O
                         net (fo=1, routed)           2.601     3.197    workout_classifier_i/axi_gpio_0/U0/gpio_core_1/Not_Dual.INPUT_DOUBLE_REGS3/async_path_bit[1]
    SLICE_X26Y135        FDRE                                         r  workout_classifier_i/axi_gpio_0/U0/gpio_core_1/Not_Dual.INPUT_DOUBLE_REGS3/syncstages_ff_reg[0][1]/D
  -------------------------------------------------------------------    -------------------

                         (clock clk_pl_0 rise edge)
                                                      0.000     0.000 r  
    PS8_X0Y0             PS8                          0.000     0.000 r  workout_classifier_i/zynq_ultra_ps_e_0/inst/PS8_i/PLCLK[0]
                         net (fo=1, routed)           0.135     0.135    workout_classifier_i/zynq_ultra_ps_e_0/inst/pl_clk_unbuffered[0]
    BUFG_PS_X0Y58        BUFG_PS (Prop_BUFG_PS_I_O)
                                                      0.025     0.160 r  workout_classifier_i/zynq_ultra_ps_e_0/inst/buffer_pl_clk_0.PL_CLK_0_BUFG/O
    X0Y1 (CLOCK_ROOT)    net (fo=103775, routed)      1.482     1.642    workout_classifier_i/axi_gpio_0/U0/gpio_core_1/Not_Dual.INPUT_DOUBLE_REGS3/dest_clk
    SLICE_X26Y135        FDRE                                         r  workout_classifier_i/axi_gpio_0/U0/gpio_core_1/Not_Dual.INPUT_DOUBLE_REGS3/syncstages_ff_reg[0][1]/C

Slack:                    inf
  Source:                 GPIO_PB_tri_i[3]
                            (input port)
  Destination:            workout_classifier_i/axi_gpio_0/U0/gpio_core_1/Not_Dual.INPUT_DOUBLE_REGS3/syncstages_ff_reg[0][3]/D
                            (rising edge-triggered cell FDRE clocked by clk_pl_0  {rise@0.000ns fall@5.156ns period=10.312ns})
  Path Group:             (none)
  Path Type:              Setup (Max at Slow Process Corner)
  Data Path Delay:        3.049ns  (logic 0.592ns (19.416%)  route 2.457ns (80.584%))
  Logic Levels:           2  (IBUFCTRL=1 INBUF=1)
  Clock Path Skew:        1.629ns (DCD - SCD + CPR)
    Destination Clock Delay (DCD):    1.629ns
    Source Clock Delay      (SCD):    0.000ns
    Clock Pessimism Removal (CPR):    0.000ns
  Clock Uncertainty:      0.157ns  ((TSJ^2 + DJ^2)^1/2) / 2 + PE
    Total System Jitter     (TSJ):    0.050ns
    Discrete Jitter          (DJ):    0.310ns
    Phase Error              (PE):    0.000ns
  Clock Net Delay (Destination): 1.469ns (routing 0.533ns, distribution 0.936ns)
  Timing Exception:       False Path

    Location             Delay type                Incr(ns)  Path(ns)    Netlist Resource(s)
  -------------------------------------------------------------------    -------------------
    AB6                                               0.000     0.000 r  GPIO_PB_tri_i[3] (IN)
                         net (fo=0)                   0.000     0.000    GPIO_PB_tri_i_IBUF[3]_inst/I
    AB6                  INBUF (Prop_INBUF_HPIOB_M_PAD_O)
                                                      0.592     0.592 r  GPIO_PB_tri_i_IBUF[3]_inst/INBUF_INST/O
                         net (fo=1, routed)           0.000     0.592    GPIO_PB_tri_i_IBUF[3]_inst/OUT
    AB6                  IBUFCTRL (Prop_IBUFCTRL_HPIOB_M_I_O)
                                                      0.000     0.592 r  GPIO_PB_tri_i_IBUF[3]_inst/IBUFCTRL_INST/O
                         net (fo=1, routed)           2.457     3.049    workout_classifier_i/axi_gpio_0/U0/gpio_core_1/Not_Dual.INPUT_DOUBLE_REGS3/async_path_bit[3]
    SLICE_X22Y146        FDRE                                         r  workout_classifier_i/axi_gpio_0/U0/gpio_core_1/Not_Dual.INPUT_DOUBLE_REGS3/syncstages_ff_reg[0][3]/D
  -------------------------------------------------------------------    -------------------

                         (clock clk_pl_0 rise edge)
                                                      0.000     0.000 r  
    PS8_X0Y0             PS8                          0.000     0.000 r  workout_classifier_i/zynq_ultra_ps_e_0/inst/PS8_i/PLCLK[0]
                         net (fo=1, routed)           0.135     0.135    workout_classifier_i/zynq_ultra_ps_e_0/inst/pl_clk_unbuffered[0]
    BUFG_PS_X0Y58        BUFG_PS (Prop_BUFG_PS_I_O)
                                                      0.025     0.160 r  workout_classifier_i/zynq_ultra_ps_e_0/inst/buffer_pl_clk_0.PL_CLK_0_BUFG/O
    X0Y1 (CLOCK_ROOT)    net (fo=103775, routed)      1.469     1.629    workout_classifier_i/axi_gpio_0/U0/gpio_core_1/Not_Dual.INPUT_DOUBLE_REGS3/dest_clk
    SLICE_X22Y146        FDRE                                         r  workout_classifier_i/axi_gpio_0/U0/gpio_core_1/Not_Dual.INPUT_DOUBLE_REGS3/syncstages_ff_reg[0][3]/C

Slack:                    inf
  Source:                 GPIO_PB_tri_i[0]
                            (input port)
  Destination:            workout_classifier_i/axi_gpio_0/U0/gpio_core_1/Not_Dual.INPUT_DOUBLE_REGS3/syncstages_ff_reg[0][0]/D
                            (rising edge-triggered cell FDRE clocked by clk_pl_0  {rise@0.000ns fall@5.156ns period=10.312ns})
  Path Group:             (none)
  Path Type:              Setup (Max at Slow Process Corner)
  Data Path Delay:        2.925ns  (logic 0.592ns (20.230%)  route 2.333ns (79.770%))
  Logic Levels:           2  (IBUFCTRL=1 INBUF=1)
  Clock Path Skew:        1.631ns (DCD - SCD + CPR)
    Destination Clock Delay (DCD):    1.631ns
    Source Clock Delay      (SCD):    0.000ns
    Clock Pessimism Removal (CPR):    0.000ns
  Clock Uncertainty:      0.157ns  ((TSJ^2 + DJ^2)^1/2) / 2 + PE
    Total System Jitter     (TSJ):    0.050ns
    Discrete Jitter          (DJ):    0.310ns
    Phase Error              (PE):    0.000ns
  Clock Net Delay (Destination): 1.471ns (routing 0.533ns, distribution 0.938ns)
  Timing Exception:       False Path

    Location             Delay type                Incr(ns)  Path(ns)    Netlist Resource(s)
  -------------------------------------------------------------------    -------------------
    AC6                                               0.000     0.000 r  GPIO_PB_tri_i[0] (IN)
                         net (fo=0)                   0.000     0.000    GPIO_PB_tri_i_IBUF[0]_inst/I
    AC6                  INBUF (Prop_INBUF_HPIOB_S_PAD_O)
                                                      0.592     0.592 r  GPIO_PB_tri_i_IBUF[0]_inst/INBUF_INST/O
                         net (fo=1, routed)           0.000     0.592    GPIO_PB_tri_i_IBUF[0]_inst/OUT
    AC6                  IBUFCTRL (Prop_IBUFCTRL_HPIOB_S_I_O)
                                                      0.000     0.592 r  GPIO_PB_tri_i_IBUF[0]_inst/IBUFCTRL_INST/O
                         net (fo=1, routed)           2.333     2.925    workout_classifier_i/axi_gpio_0/U0/gpio_core_1/Not_Dual.INPUT_DOUBLE_REGS3/async_path_bit[0]
    SLICE_X23Y144        FDRE                                         r  workout_classifier_i/axi_gpio_0/U0/gpio_core_1/Not_Dual.INPUT_DOUBLE_REGS3/syncstages_ff_reg[0][0]/D
  -------------------------------------------------------------------    -------------------

                         (clock clk_pl_0 rise edge)
                                                      0.000     0.000 r  
    PS8_X0Y0             PS8                          0.000     0.000 r  workout_classifier_i/zynq_ultra_ps_e_0/inst/PS8_i/PLCLK[0]
                         net (fo=1, routed)           0.135     0.135    workout_classifier_i/zynq_ultra_ps_e_0/inst/pl_clk_unbuffered[0]
    BUFG_PS_X0Y58        BUFG_PS (Prop_BUFG_PS_I_O)
                                                      0.025     0.160 r  workout_classifier_i/zynq_ultra_ps_e_0/inst/buffer_pl_clk_0.PL_CLK_0_BUFG/O
    X0Y1 (CLOCK_ROOT)    net (fo=103775, routed)      1.471     1.631    workout_classifier_i/axi_gpio_0/U0/gpio_core_1/Not_Dual.INPUT_DOUBLE_REGS3/dest_clk
    SLICE_X23Y144        FDRE                                         r  workout_classifier_i/axi_gpio_0/U0/gpio_core_1/Not_Dual.INPUT_DOUBLE_REGS3/syncstages_ff_reg[0][0]/C

Slack:                    inf
  Source:                 workout_classifier_i/zynq_ultra_ps_e_0/inst/PS8_i/EMIOGPIOO[95]
                            (internal pin)
  Destination:            workout_classifier_i/rst_ps8_0_96M/U0/EXT_LPF/ACTIVE_LOW_EXT.ACT_LO_EXT/syncstages_ff_reg[0]/D
                            (rising edge-triggered cell FDRE clocked by clk_pl_0  {rise@0.000ns fall@5.156ns period=10.312ns})
  Path Group:             (none)
  Path Type:              Setup (Max at Slow Process Corner)
  Data Path Delay:        0.590ns  (logic 0.123ns (20.847%)  route 0.467ns (79.153%))
  Logic Levels:           1  (LUT1=1)
  Clock Uncertainty:      0.157ns  ((TSJ^2 + DJ^2)^1/2) / 2 + PE
    Total System Jitter     (TSJ):    0.050ns
    Discrete Jitter          (DJ):    0.310ns
    Phase Error              (PE):    0.000ns
  Clock Net Delay (Destination): 1.453ns (routing 0.533ns, distribution 0.920ns)
  Timing Exception:       False Path

    Location             Delay type                Incr(ns)  Path(ns)    Netlist Resource(s)
  -------------------------------------------------------------------    -------------------
    PS8_X0Y0             PS8                          0.000     0.000 f  workout_classifier_i/zynq_ultra_ps_e_0/inst/PS8_i/EMIOGPIOO[95]
                         net (fo=1, routed)           0.215     0.215    workout_classifier_i/rst_ps8_0_96M/U0/EXT_LPF/ext_reset_in
    SLICE_X0Y179         LUT1 (Prop_F6LUT_SLICEL_I0_O)
                                                      0.123     0.338 r  workout_classifier_i/rst_ps8_0_96M/U0/EXT_LPF/ACTIVE_LOW_EXT.ACT_LO_EXT_i_1/O
                         net (fo=1, routed)           0.252     0.590    workout_classifier_i/rst_ps8_0_96M/U0/EXT_LPF/ACTIVE_LOW_EXT.ACT_LO_EXT/src_in
    SLICE_X0Y175         FDRE                                         r  workout_classifier_i/rst_ps8_0_96M/U0/EXT_LPF/ACTIVE_LOW_EXT.ACT_LO_EXT/syncstages_ff_reg[0]/D
  -------------------------------------------------------------------    -------------------

                         (clock clk_pl_0 rise edge)
                                                      0.000     0.000 r  
    PS8_X0Y0             PS8                          0.000     0.000 r  workout_classifier_i/zynq_ultra_ps_e_0/inst/PS8_i/PLCLK[0]
                         net (fo=1, routed)           0.135     0.135    workout_classifier_i/zynq_ultra_ps_e_0/inst/pl_clk_unbuffered[0]
    BUFG_PS_X0Y58        BUFG_PS (Prop_BUFG_PS_I_O)
                                                      0.025     0.160 r  workout_classifier_i/zynq_ultra_ps_e_0/inst/buffer_pl_clk_0.PL_CLK_0_BUFG/O
    X0Y1 (CLOCK_ROOT)    net (fo=103775, routed)      1.453     1.613    workout_classifier_i/rst_ps8_0_96M/U0/EXT_LPF/ACTIVE_LOW_EXT.ACT_LO_EXT/dest_clk
    SLICE_X0Y175         FDRE                                         r  workout_classifier_i/rst_ps8_0_96M/U0/EXT_LPF/ACTIVE_LOW_EXT.ACT_LO_EXT/syncstages_ff_reg[0]/C





Min Delay Paths
--------------------------------------------------------------------------------------
Slack:                    inf
  Source:                 workout_classifier_i/zynq_ultra_ps_e_0/inst/PS8_i/EMIOGPIOO[95]
                            (internal pin)
  Destination:            workout_classifier_i/rst_ps8_0_96M/U0/EXT_LPF/ACTIVE_LOW_EXT.ACT_LO_EXT/syncstages_ff_reg[0]/D
                            (rising edge-triggered cell FDRE clocked by clk_pl_0  {rise@0.000ns fall@5.156ns period=10.312ns})
  Path Group:             (none)
  Path Type:              Hold (Min at Fast Process Corner)
  Data Path Delay:        0.270ns  (logic 0.050ns (18.519%)  route 0.220ns (81.481%))
  Logic Levels:           1  (LUT1=1)
  Clock Uncertainty:      0.157ns  ((TSJ^2 + DJ^2)^1/2) / 2 + PE
    Total System Jitter     (TSJ):    0.050ns
    Discrete Jitter          (DJ):    0.310ns
    Phase Error              (PE):    0.000ns
  Clock Net Delay (Destination): 1.028ns (routing 0.365ns, distribution 0.663ns)
  Timing Exception:       False Path

    Location             Delay type                Incr(ns)  Path(ns)    Netlist Resource(s)
  -------------------------------------------------------------------    -------------------
    PS8_X0Y0             PS8                          0.000     0.000 f  workout_classifier_i/zynq_ultra_ps_e_0/inst/PS8_i/EMIOGPIOO[95]
                         net (fo=1, routed)           0.112     0.112    workout_classifier_i/rst_ps8_0_96M/U0/EXT_LPF/ext_reset_in
    SLICE_X0Y179         LUT1 (Prop_F6LUT_SLICEL_I0_O)
                                                      0.050     0.162 r  workout_classifier_i/rst_ps8_0_96M/U0/EXT_LPF/ACTIVE_LOW_EXT.ACT_LO_EXT_i_1/O
                         net (fo=1, routed)           0.108     0.270    workout_classifier_i/rst_ps8_0_96M/U0/EXT_LPF/ACTIVE_LOW_EXT.ACT_LO_EXT/src_in
    SLICE_X0Y175         FDRE                                         r  workout_classifier_i/rst_ps8_0_96M/U0/EXT_LPF/ACTIVE_LOW_EXT.ACT_LO_EXT/syncstages_ff_reg[0]/D
  -------------------------------------------------------------------    -------------------

                         (clock clk_pl_0 rise edge)
                                                      0.000     0.000 r  
    PS8_X0Y0             PS8                          0.000     0.000 r  workout_classifier_i/zynq_ultra_ps_e_0/inst/PS8_i/PLCLK[0]
                         net (fo=1, routed)           0.120     0.120    workout_classifier_i/zynq_ultra_ps_e_0/inst/pl_clk_unbuffered[0]
    BUFG_PS_X0Y58        BUFG_PS (Prop_BUFG_PS_I_O)
                                                      0.018     0.138 r  workout_classifier_i/zynq_ultra_ps_e_0/inst/buffer_pl_clk_0.PL_CLK_0_BUFG/O
    X0Y1 (CLOCK_ROOT)    net (fo=103775, routed)      1.028     1.166    workout_classifier_i/rst_ps8_0_96M/U0/EXT_LPF/ACTIVE_LOW_EXT.ACT_LO_EXT/dest_clk
    SLICE_X0Y175         FDRE                                         r  workout_classifier_i/rst_ps8_0_96M/U0/EXT_LPF/ACTIVE_LOW_EXT.ACT_LO_EXT/syncstages_ff_reg[0]/C

Slack:                    inf
  Source:                 GPIO_PB_tri_i[0]
                            (input port)
  Destination:            workout_classifier_i/axi_gpio_0/U0/gpio_core_1/Not_Dual.INPUT_DOUBLE_REGS3/syncstages_ff_reg[0][0]/D
                            (rising edge-triggered cell FDRE clocked by clk_pl_0  {rise@0.000ns fall@5.156ns period=10.312ns})
  Path Group:             (none)
  Path Type:              Hold (Min at Fast Process Corner)
  Data Path Delay:        1.233ns  (logic 0.144ns (11.668%)  route 1.089ns (88.332%))
  Logic Levels:           2  (IBUFCTRL=1 INBUF=1)
  Clock Path Skew:        1.178ns (DCD - SCD - CPR)
    Destination Clock Delay (DCD):    1.178ns
    Source Clock Delay      (SCD):    0.000ns
    Clock Pessimism Removal (CPR):    -0.000ns
  Clock Net Delay (Destination): 1.040ns (routing 0.365ns, distribution 0.675ns)
  Timing Exception:       False Path

    Location             Delay type                Incr(ns)  Path(ns)    Netlist Resource(s)
  -------------------------------------------------------------------    -------------------
    AC6                                               0.000     0.000 r  GPIO_PB_tri_i[0] (IN)
                         net (fo=0)                   0.000     0.000    GPIO_PB_tri_i_IBUF[0]_inst/I
    AC6                  INBUF (Prop_INBUF_HPIOB_S_PAD_O)
                                                      0.144     0.144 r  GPIO_PB_tri_i_IBUF[0]_inst/INBUF_INST/O
                         net (fo=1, routed)           0.000     0.144    GPIO_PB_tri_i_IBUF[0]_inst/OUT
    AC6                  IBUFCTRL (Prop_IBUFCTRL_HPIOB_S_I_O)
                                                      0.000     0.144 r  GPIO_PB_tri_i_IBUF[0]_inst/IBUFCTRL_INST/O
                         net (fo=1, routed)           1.089     1.233    workout_classifier_i/axi_gpio_0/U0/gpio_core_1/Not_Dual.INPUT_DOUBLE_REGS3/async_path_bit[0]
    SLICE_X23Y144        FDRE                                         r  workout_classifier_i/axi_gpio_0/U0/gpio_core_1/Not_Dual.INPUT_DOUBLE_REGS3/syncstages_ff_reg[0][0]/D
  -------------------------------------------------------------------    -------------------

                         (clock clk_pl_0 rise edge)
                                                      0.000     0.000 r  
    PS8_X0Y0             PS8                          0.000     0.000 r  workout_classifier_i/zynq_ultra_ps_e_0/inst/PS8_i/PLCLK[0]
                         net (fo=1, routed)           0.120     0.120    workout_classifier_i/zynq_ultra_ps_e_0/inst/pl_clk_unbuffered[0]
    BUFG_PS_X0Y58        BUFG_PS (Prop_BUFG_PS_I_O)
                                                      0.018     0.138 r  workout_classifier_i/zynq_ultra_ps_e_0/inst/buffer_pl_clk_0.PL_CLK_0_BUFG/O
    X0Y1 (CLOCK_ROOT)    net (fo=103775, routed)      1.040     1.178    workout_classifier_i/axi_gpio_0/U0/gpio_core_1/Not_Dual.INPUT_DOUBLE_REGS3/dest_clk
    SLICE_X23Y144        FDRE                                         r  workout_classifier_i/axi_gpio_0/U0/gpio_core_1/Not_Dual.INPUT_DOUBLE_REGS3/syncstages_ff_reg[0][0]/C

Slack:                    inf
  Source:                 GPIO_PB_tri_i[3]
                            (input port)
  Destination:            workout_classifier_i/axi_gpio_0/U0/gpio_core_1/Not_Dual.INPUT_DOUBLE_REGS3/syncstages_ff_reg[0][3]/D
                            (rising edge-triggered cell FDRE clocked by clk_pl_0  {rise@0.000ns fall@5.156ns period=10.312ns})
  Path Group:             (none)
  Path Type:              Hold (Min at Fast Process Corner)
  Data Path Delay:        1.296ns  (logic 0.144ns (11.126%)  route 1.152ns (88.874%))
  Logic Levels:           2  (IBUFCTRL=1 INBUF=1)
  Clock Path Skew:        1.177ns (DCD - SCD - CPR)
    Destination Clock Delay (DCD):    1.177ns
    Source Clock Delay      (SCD):    0.000ns
    Clock Pessimism Removal (CPR):    -0.000ns
  Clock Net Delay (Destination): 1.039ns (routing 0.365ns, distribution 0.674ns)
  Timing Exception:       False Path

    Location             Delay type                Incr(ns)  Path(ns)    Netlist Resource(s)
  -------------------------------------------------------------------    -------------------
    AB6                                               0.000     0.000 r  GPIO_PB_tri_i[3] (IN)
                         net (fo=0)                   0.000     0.000    GPIO_PB_tri_i_IBUF[3]_inst/I
    AB6                  INBUF (Prop_INBUF_HPIOB_M_PAD_O)
                                                      0.144     0.144 r  GPIO_PB_tri_i_IBUF[3]_inst/INBUF_INST/O
                         net (fo=1, routed)           0.000     0.144    GPIO_PB_tri_i_IBUF[3]_inst/OUT
    AB6                  IBUFCTRL (Prop_IBUFCTRL_HPIOB_M_I_O)
                                                      0.000     0.144 r  GPIO_PB_tri_i_IBUF[3]_inst/IBUFCTRL_INST/O
                         net (fo=1, routed)           1.152     1.296    workout_classifier_i/axi_gpio_0/U0/gpio_core_1/Not_Dual.INPUT_DOUBLE_REGS3/async_path_bit[3]
    SLICE_X22Y146        FDRE                                         r  workout_classifier_i/axi_gpio_0/U0/gpio_core_1/Not_Dual.INPUT_DOUBLE_REGS3/syncstages_ff_reg[0][3]/D
  -------------------------------------------------------------------    -------------------

                         (clock clk_pl_0 rise edge)
                                                      0.000     0.000 r  
    PS8_X0Y0             PS8                          0.000     0.000 r  workout_classifier_i/zynq_ultra_ps_e_0/inst/PS8_i/PLCLK[0]
                         net (fo=1, routed)           0.120     0.120    workout_classifier_i/zynq_ultra_ps_e_0/inst/pl_clk_unbuffered[0]
    BUFG_PS_X0Y58        BUFG_PS (Prop_BUFG_PS_I_O)
                                                      0.018     0.138 r  workout_classifier_i/zynq_ultra_ps_e_0/inst/buffer_pl_clk_0.PL_CLK_0_BUFG/O
    X0Y1 (CLOCK_ROOT)    net (fo=103775, routed)      1.039     1.177    workout_classifier_i/axi_gpio_0/U0/gpio_core_1/Not_Dual.INPUT_DOUBLE_REGS3/dest_clk
    SLICE_X22Y146        FDRE                                         r  workout_classifier_i/axi_gpio_0/U0/gpio_core_1/Not_Dual.INPUT_DOUBLE_REGS3/syncstages_ff_reg[0][3]/C

Slack:                    inf
  Source:                 GPIO_PB_tri_i[2]
                            (input port)
  Destination:            workout_classifier_i/axi_gpio_0/U0/gpio_core_1/Not_Dual.INPUT_DOUBLE_REGS3/syncstages_ff_reg[0][2]/D
                            (rising edge-triggered cell FDRE clocked by clk_pl_0  {rise@0.000ns fall@5.156ns period=10.312ns})
  Path Group:             (none)
  Path Type:              Hold (Min at Fast Process Corner)
  Data Path Delay:        1.373ns  (logic 0.144ns (10.462%)  route 1.229ns (89.538%))
  Logic Levels:           2  (IBUFCTRL=1 INBUF=1)
  Clock Path Skew:        1.185ns (DCD - SCD - CPR)
    Destination Clock Delay (DCD):    1.185ns
    Source Clock Delay      (SCD):    0.000ns
    Clock Pessimism Removal (CPR):    -0.000ns
  Clock Net Delay (Destination): 1.047ns (routing 0.365ns, distribution 0.682ns)
  Timing Exception:       False Path

    Location             Delay type                Incr(ns)  Path(ns)    Netlist Resource(s)
  -------------------------------------------------------------------    -------------------
    AB7                                               0.000     0.000 r  GPIO_PB_tri_i[2] (IN)
                         net (fo=0)                   0.000     0.000    GPIO_PB_tri_i_IBUF[2]_inst/I
    AB7                  INBUF (Prop_INBUF_HPIOB_M_PAD_O)
                                                      0.144     0.144 r  GPIO_PB_tri_i_IBUF[2]_inst/INBUF_INST/O
                         net (fo=1, routed)           0.000     0.144    GPIO_PB_tri_i_IBUF[2]_inst/OUT
    AB7                  IBUFCTRL (Prop_IBUFCTRL_HPIOB_M_I_O)
                                                      0.000     0.144 r  GPIO_PB_tri_i_IBUF[2]_inst/IBUFCTRL_INST/O
                         net (fo=1, routed)           1.229     1.373    workout_classifier_i/axi_gpio_0/U0/gpio_core_1/Not_Dual.INPUT_DOUBLE_REGS3/async_path_bit[2]
    SLICE_X25Y145        FDRE                                         r  workout_classifier_i/axi_gpio_0/U0/gpio_core_1/Not_Dual.INPUT_DOUBLE_REGS3/syncstages_ff_reg[0][2]/D
  -------------------------------------------------------------------    -------------------

                         (clock clk_pl_0 rise edge)
                                                      0.000     0.000 r  
    PS8_X0Y0             PS8                          0.000     0.000 r  workout_classifier_i/zynq_ultra_ps_e_0/inst/PS8_i/PLCLK[0]
                         net (fo=1, routed)           0.120     0.120    workout_classifier_i/zynq_ultra_ps_e_0/inst/pl_clk_unbuffered[0]
    BUFG_PS_X0Y58        BUFG_PS (Prop_BUFG_PS_I_O)
                                                      0.018     0.138 r  workout_classifier_i/zynq_ultra_ps_e_0/inst/buffer_pl_clk_0.PL_CLK_0_BUFG/O
    X0Y1 (CLOCK_ROOT)    net (fo=103775, routed)      1.047     1.185    workout_classifier_i/axi_gpio_0/U0/gpio_core_1/Not_Dual.INPUT_DOUBLE_REGS3/dest_clk
    SLICE_X25Y145        FDRE                                         r  workout_classifier_i/axi_gpio_0/U0/gpio_core_1/Not_Dual.INPUT_DOUBLE_REGS3/syncstages_ff_reg[0][2]/C

Slack:                    inf
  Source:                 GPIO_PB_tri_i[1]
                            (input port)
  Destination:            workout_classifier_i/axi_gpio_0/U0/gpio_core_1/Not_Dual.INPUT_DOUBLE_REGS3/syncstages_ff_reg[0][1]/D
                            (rising edge-triggered cell FDRE clocked by clk_pl_0  {rise@0.000ns fall@5.156ns period=10.312ns})
  Path Group:             (none)
  Path Type:              Hold (Min at Fast Process Corner)
  Data Path Delay:        1.373ns  (logic 0.148ns (10.791%)  route 1.225ns (89.209%))
  Logic Levels:           2  (IBUFCTRL=1 INBUF=1)
  Clock Path Skew:        1.184ns (DCD - SCD - CPR)
    Destination Clock Delay (DCD):    1.184ns
    Source Clock Delay      (SCD):    0.000ns
    Clock Pessimism Removal (CPR):    -0.000ns
  Clock Net Delay (Destination): 1.046ns (routing 0.365ns, distribution 0.681ns)
  Timing Exception:       False Path

    Location             Delay type                Incr(ns)  Path(ns)    Netlist Resource(s)
  -------------------------------------------------------------------    -------------------
    AB2                                               0.000     0.000 r  GPIO_PB_tri_i[1] (IN)
                         net (fo=0)                   0.000     0.000    GPIO_PB_tri_i_IBUF[1]_inst/I
    AB2                  INBUF (Prop_INBUF_HPIOB_M_PAD_O)
                                                      0.148     0.148 r  GPIO_PB_tri_i_IBUF[1]_inst/INBUF_INST/O
                         net (fo=1, routed)           0.000     0.148    GPIO_PB_tri_i_IBUF[1]_inst/OUT
    AB2                  IBUFCTRL (Prop_IBUFCTRL_HPIOB_M_I_O)
                                                      0.000     0.148 r  GPIO_PB_tri_i_IBUF[1]_inst/IBUFCTRL_INST/O
                         net (fo=1, routed)           1.225     1.373    workout_classifier_i/axi_gpio_0/U0/gpio_core_1/Not_Dual.INPUT_DOUBLE_REGS3/async_path_bit[1]
    SLICE_X26Y135        FDRE                                         r  workout_classifier_i/axi_gpio_0/U0/gpio_core_1/Not_Dual.INPUT_DOUBLE_REGS3/syncstages_ff_reg[0][1]/D
  -------------------------------------------------------------------    -------------------

                         (clock clk_pl_0 rise edge)
                                                      0.000     0.000 r  
    PS8_X0Y0             PS8                          0.000     0.000 r  workout_classifier_i/zynq_ultra_ps_e_0/inst/PS8_i/PLCLK[0]
                         net (fo=1, routed)           0.120     0.120    workout_classifier_i/zynq_ultra_ps_e_0/inst/pl_clk_unbuffered[0]
    BUFG_PS_X0Y58        BUFG_PS (Prop_BUFG_PS_I_O)
                                                      0.018     0.138 r  workout_classifier_i/zynq_ultra_ps_e_0/inst/buffer_pl_clk_0.PL_CLK_0_BUFG/O
    X0Y1 (CLOCK_ROOT)    net (fo=103775, routed)      1.046     1.184    workout_classifier_i/axi_gpio_0/U0/gpio_core_1/Not_Dual.INPUT_DOUBLE_REGS3/dest_clk
    SLICE_X26Y135        FDRE                                         r  workout_classifier_i/axi_gpio_0/U0/gpio_core_1/Not_Dual.INPUT_DOUBLE_REGS3/syncstages_ff_reg[0][1]/C





--------------------------------------------------------------------------------------
Path Group:  (none)
From Clock:  clk_pl_0
  To Clock:  clk_pl_0

Max Delay           151 Endpoints
Min Delay           151 Endpoints
--------------------------------------------------------------------------------------


Max Delay Paths
--------------------------------------------------------------------------------------
Slack:                    inf
  Source:                 workout_classifier_i/axi_smc/inst/clk_map/psr_aclk/U0/ACTIVE_LOW_BSR_OUT_DFF[0].FDRE_BSR_N/C
                            (rising edge-triggered cell FDRE clocked by clk_pl_0  {rise@0.000ns fall@5.156ns period=10.312ns})
  Destination:            workout_classifier_i/axi_smc/inst/s01_entry_pipeline/s01_transaction_regulator/inst/xpm_cdc_async_rst_inst/arststages_ff_reg[0]/CLR
                            (recovery check against rising-edge clock clk_pl_0  {rise@0.000ns fall@5.156ns period=10.312ns})
  Path Group:             (none)
  Path Type:              Recovery (Max at Slow Process Corner)
  Data Path Delay:        3.452ns  (logic 0.079ns (2.289%)  route 3.373ns (97.711%))
  Logic Levels:           0  
  Clock Path Skew:        -0.298ns (DCD - SCD + CPR)
    Destination Clock Delay (DCD):    1.572ns
    Source Clock Delay      (SCD):    1.870ns
    Clock Pessimism Removal (CPR):    0.000ns
  Clock Uncertainty:      0.159ns  ((TSJ^2 + DJ^2)^1/2) / 2 + PE
    Total System Jitter     (TSJ):    0.071ns
    Discrete Jitter          (DJ):    0.310ns
    Phase Error              (PE):    0.000ns
  Clock Net Delay (Source):      1.671ns (routing 0.591ns, distribution 1.080ns)
  Clock Net Delay (Destination): 1.412ns (routing 0.533ns, distribution 0.879ns)
  Timing Exception:       False Path

    Location             Delay type                Incr(ns)  Path(ns)    Netlist Resource(s)
  -------------------------------------------------------------------    -------------------
                         (clock clk_pl_0 rise edge)
                                                      0.000     0.000 r  
    PS8_X0Y0             PS8                          0.000     0.000 r  workout_classifier_i/zynq_ultra_ps_e_0/inst/PS8_i/PLCLK[0]
                         net (fo=1, routed)           0.171     0.171    workout_classifier_i/zynq_ultra_ps_e_0/inst/pl_clk_unbuffered[0]
    BUFG_PS_X0Y58        BUFG_PS (Prop_BUFG_PS_I_O)
                                                      0.028     0.199 r  workout_classifier_i/zynq_ultra_ps_e_0/inst/buffer_pl_clk_0.PL_CLK_0_BUFG/O
    X0Y1 (CLOCK_ROOT)    net (fo=103775, routed)      1.671     1.870    workout_classifier_i/axi_smc/inst/clk_map/psr_aclk/U0/aclk
    SLICE_X1Y175         FDRE                                         r  workout_classifier_i/axi_smc/inst/clk_map/psr_aclk/U0/ACTIVE_LOW_BSR_OUT_DFF[0].FDRE_BSR_N/C
  -------------------------------------------------------------------    -------------------
    SLICE_X1Y175         FDRE (Prop_HFF_SLICEM_C_Q)
                                                      0.079     1.949 r  workout_classifier_i/axi_smc/inst/clk_map/psr_aclk/U0/ACTIVE_LOW_BSR_OUT_DFF[0].FDRE_BSR_N/Q
                         net (fo=150, routed)         3.373     5.322    workout_classifier_i/axi_smc/inst/s01_entry_pipeline/s01_transaction_regulator/inst/xpm_cdc_async_rst_inst/src_arst
    SLICE_X10Y118        FDCE                                         f  workout_classifier_i/axi_smc/inst/s01_entry_pipeline/s01_transaction_regulator/inst/xpm_cdc_async_rst_inst/arststages_ff_reg[0]/CLR  (IS_INVERTED)
  -------------------------------------------------------------------    -------------------

                         (clock clk_pl_0 rise edge)
                                                      0.000     0.000 r  
    PS8_X0Y0             PS8                          0.000     0.000 r  workout_classifier_i/zynq_ultra_ps_e_0/inst/PS8_i/PLCLK[0]
                         net (fo=1, routed)           0.135     0.135    workout_classifier_i/zynq_ultra_ps_e_0/inst/pl_clk_unbuffered[0]
    BUFG_PS_X0Y58        BUFG_PS (Prop_BUFG_PS_I_O)
                                                      0.025     0.160 r  workout_classifier_i/zynq_ultra_ps_e_0/inst/buffer_pl_clk_0.PL_CLK_0_BUFG/O
    X0Y1 (CLOCK_ROOT)    net (fo=103775, routed)      1.412     1.572    workout_classifier_i/axi_smc/inst/s01_entry_pipeline/s01_transaction_regulator/inst/xpm_cdc_async_rst_inst/dest_clk
    SLICE_X10Y118        FDCE                                         r  workout_classifier_i/axi_smc/inst/s01_entry_pipeline/s01_transaction_regulator/inst/xpm_cdc_async_rst_inst/arststages_ff_reg[0]/C

Slack:                    inf
  Source:                 workout_classifier_i/axi_smc/inst/clk_map/psr_aclk/U0/ACTIVE_LOW_BSR_OUT_DFF[0].FDRE_BSR_N/C
                            (rising edge-triggered cell FDRE clocked by clk_pl_0  {rise@0.000ns fall@5.156ns period=10.312ns})
  Destination:            workout_classifier_i/axi_smc/inst/s01_entry_pipeline/s01_transaction_regulator/inst/xpm_cdc_async_rst_inst/arststages_ff_reg[1]/CLR
                            (recovery check against rising-edge clock clk_pl_0  {rise@0.000ns fall@5.156ns period=10.312ns})
  Path Group:             (none)
  Path Type:              Recovery (Max at Slow Process Corner)
  Data Path Delay:        3.452ns  (logic 0.079ns (2.289%)  route 3.373ns (97.711%))
  Logic Levels:           0  
  Clock Path Skew:        -0.298ns (DCD - SCD + CPR)
    Destination Clock Delay (DCD):    1.572ns
    Source Clock Delay      (SCD):    1.870ns
    Clock Pessimism Removal (CPR):    0.000ns
  Clock Uncertainty:      0.159ns  ((TSJ^2 + DJ^2)^1/2) / 2 + PE
    Total System Jitter     (TSJ):    0.071ns
    Discrete Jitter          (DJ):    0.310ns
    Phase Error              (PE):    0.000ns
  Clock Net Delay (Source):      1.671ns (routing 0.591ns, distribution 1.080ns)
  Clock Net Delay (Destination): 1.412ns (routing 0.533ns, distribution 0.879ns)
  Timing Exception:       False Path

    Location             Delay type                Incr(ns)  Path(ns)    Netlist Resource(s)
  -------------------------------------------------------------------    -------------------
                         (clock clk_pl_0 rise edge)
                                                      0.000     0.000 r  
    PS8_X0Y0             PS8                          0.000     0.000 r  workout_classifier_i/zynq_ultra_ps_e_0/inst/PS8_i/PLCLK[0]
                         net (fo=1, routed)           0.171     0.171    workout_classifier_i/zynq_ultra_ps_e_0/inst/pl_clk_unbuffered[0]
    BUFG_PS_X0Y58        BUFG_PS (Prop_BUFG_PS_I_O)
                                                      0.028     0.199 r  workout_classifier_i/zynq_ultra_ps_e_0/inst/buffer_pl_clk_0.PL_CLK_0_BUFG/O
    X0Y1 (CLOCK_ROOT)    net (fo=103775, routed)      1.671     1.870    workout_classifier_i/axi_smc/inst/clk_map/psr_aclk/U0/aclk
    SLICE_X1Y175         FDRE                                         r  workout_classifier_i/axi_smc/inst/clk_map/psr_aclk/U0/ACTIVE_LOW_BSR_OUT_DFF[0].FDRE_BSR_N/C
  -------------------------------------------------------------------    -------------------
    SLICE_X1Y175         FDRE (Prop_HFF_SLICEM_C_Q)
                                                      0.079     1.949 r  workout_classifier_i/axi_smc/inst/clk_map/psr_aclk/U0/ACTIVE_LOW_BSR_OUT_DFF[0].FDRE_BSR_N/Q
                         net (fo=150, routed)         3.373     5.322    workout_classifier_i/axi_smc/inst/s01_entry_pipeline/s01_transaction_regulator/inst/xpm_cdc_async_rst_inst/src_arst
    SLICE_X10Y118        FDCE                                         f  workout_classifier_i/axi_smc/inst/s01_entry_pipeline/s01_transaction_regulator/inst/xpm_cdc_async_rst_inst/arststages_ff_reg[1]/CLR  (IS_INVERTED)
  -------------------------------------------------------------------    -------------------

                         (clock clk_pl_0 rise edge)
                                                      0.000     0.000 r  
    PS8_X0Y0             PS8                          0.000     0.000 r  workout_classifier_i/zynq_ultra_ps_e_0/inst/PS8_i/PLCLK[0]
                         net (fo=1, routed)           0.135     0.135    workout_classifier_i/zynq_ultra_ps_e_0/inst/pl_clk_unbuffered[0]
    BUFG_PS_X0Y58        BUFG_PS (Prop_BUFG_PS_I_O)
                                                      0.025     0.160 r  workout_classifier_i/zynq_ultra_ps_e_0/inst/buffer_pl_clk_0.PL_CLK_0_BUFG/O
    X0Y1 (CLOCK_ROOT)    net (fo=103775, routed)      1.412     1.572    workout_classifier_i/axi_smc/inst/s01_entry_pipeline/s01_transaction_regulator/inst/xpm_cdc_async_rst_inst/dest_clk
    SLICE_X10Y118        FDCE                                         r  workout_classifier_i/axi_smc/inst/s01_entry_pipeline/s01_transaction_regulator/inst/xpm_cdc_async_rst_inst/arststages_ff_reg[1]/C

Slack:                    inf
  Source:                 workout_classifier_i/axi_smc/inst/clk_map/psr_aclk/U0/ACTIVE_LOW_BSR_OUT_DFF[0].FDRE_BSR_N/C
                            (rising edge-triggered cell FDRE clocked by clk_pl_0  {rise@0.000ns fall@5.156ns period=10.312ns})
  Destination:            workout_classifier_i/axi_smc/inst/s01_entry_pipeline/s01_transaction_regulator/inst/xpm_cdc_async_rst_inst/arststages_ff_reg[2]/CLR
                            (recovery check against rising-edge clock clk_pl_0  {rise@0.000ns fall@5.156ns period=10.312ns})
  Path Group:             (none)
  Path Type:              Recovery (Max at Slow Process Corner)
  Data Path Delay:        3.452ns  (logic 0.079ns (2.289%)  route 3.373ns (97.711%))
  Logic Levels:           0  
  Clock Path Skew:        -0.298ns (DCD - SCD + CPR)
    Destination Clock Delay (DCD):    1.572ns
    Source Clock Delay      (SCD):    1.870ns
    Clock Pessimism Removal (CPR):    0.000ns
  Clock Uncertainty:      0.159ns  ((TSJ^2 + DJ^2)^1/2) / 2 + PE
    Total System Jitter     (TSJ):    0.071ns
    Discrete Jitter          (DJ):    0.310ns
    Phase Error              (PE):    0.000ns
  Clock Net Delay (Source):      1.671ns (routing 0.591ns, distribution 1.080ns)
  Clock Net Delay (Destination): 1.412ns (routing 0.533ns, distribution 0.879ns)
  Timing Exception:       False Path

    Location             Delay type                Incr(ns)  Path(ns)    Netlist Resource(s)
  -------------------------------------------------------------------    -------------------
                         (clock clk_pl_0 rise edge)
                                                      0.000     0.000 r  
    PS8_X0Y0             PS8                          0.000     0.000 r  workout_classifier_i/zynq_ultra_ps_e_0/inst/PS8_i/PLCLK[0]
                         net (fo=1, routed)           0.171     0.171    workout_classifier_i/zynq_ultra_ps_e_0/inst/pl_clk_unbuffered[0]
    BUFG_PS_X0Y58        BUFG_PS (Prop_BUFG_PS_I_O)
                                                      0.028     0.199 r  workout_classifier_i/zynq_ultra_ps_e_0/inst/buffer_pl_clk_0.PL_CLK_0_BUFG/O
    X0Y1 (CLOCK_ROOT)    net (fo=103775, routed)      1.671     1.870    workout_classifier_i/axi_smc/inst/clk_map/psr_aclk/U0/aclk
    SLICE_X1Y175         FDRE                                         r  workout_classifier_i/axi_smc/inst/clk_map/psr_aclk/U0/ACTIVE_LOW_BSR_OUT_DFF[0].FDRE_BSR_N/C
  -------------------------------------------------------------------    -------------------
    SLICE_X1Y175         FDRE (Prop_HFF_SLICEM_C_Q)
                                                      0.079     1.949 r  workout_classifier_i/axi_smc/inst/clk_map/psr_aclk/U0/ACTIVE_LOW_BSR_OUT_DFF[0].FDRE_BSR_N/Q
                         net (fo=150, routed)         3.373     5.322    workout_classifier_i/axi_smc/inst/s01_entry_pipeline/s01_transaction_regulator/inst/xpm_cdc_async_rst_inst/src_arst
    SLICE_X10Y118        FDCE                                         f  workout_classifier_i/axi_smc/inst/s01_entry_pipeline/s01_transaction_regulator/inst/xpm_cdc_async_rst_inst/arststages_ff_reg[2]/CLR  (IS_INVERTED)
  -------------------------------------------------------------------    -------------------

                         (clock clk_pl_0 rise edge)
                                                      0.000     0.000 r  
    PS8_X0Y0             PS8                          0.000     0.000 r  workout_classifier_i/zynq_ultra_ps_e_0/inst/PS8_i/PLCLK[0]
                         net (fo=1, routed)           0.135     0.135    workout_classifier_i/zynq_ultra_ps_e_0/inst/pl_clk_unbuffered[0]
    BUFG_PS_X0Y58        BUFG_PS (Prop_BUFG_PS_I_O)
                                                      0.025     0.160 r  workout_classifier_i/zynq_ultra_ps_e_0/inst/buffer_pl_clk_0.PL_CLK_0_BUFG/O
    X0Y1 (CLOCK_ROOT)    net (fo=103775, routed)      1.412     1.572    workout_classifier_i/axi_smc/inst/s01_entry_pipeline/s01_transaction_regulator/inst/xpm_cdc_async_rst_inst/dest_clk
    SLICE_X10Y118        FDCE                                         r  workout_classifier_i/axi_smc/inst/s01_entry_pipeline/s01_transaction_regulator/inst/xpm_cdc_async_rst_inst/arststages_ff_reg[2]/C

Slack:                    inf
  Source:                 workout_classifier_i/axi_smc/inst/clk_map/psr_aclk/U0/ACTIVE_LOW_BSR_OUT_DFF[0].FDRE_BSR_N/C
                            (rising edge-triggered cell FDRE clocked by clk_pl_0  {rise@0.000ns fall@5.156ns period=10.312ns})
  Destination:            workout_classifier_i/axi_smc/inst/s02_nodes/s02_aw_node/inst/s_sc_xpm_cdc_async_rst_inst/arststages_ff_reg[0]/CLR
                            (recovery check against rising-edge clock clk_pl_0  {rise@0.000ns fall@5.156ns period=10.312ns})
  Path Group:             (none)
  Path Type:              Recovery (Max at Slow Process Corner)
  Data Path Delay:        3.312ns  (logic 0.079ns (2.385%)  route 3.233ns (97.615%))
  Logic Levels:           0  
  Clock Path Skew:        -0.296ns (DCD - SCD + CPR)
    Destination Clock Delay (DCD):    1.574ns
    Source Clock Delay      (SCD):    1.870ns
    Clock Pessimism Removal (CPR):    0.000ns
  Clock Uncertainty:      0.159ns  ((TSJ^2 + DJ^2)^1/2) / 2 + PE
    Total System Jitter     (TSJ):    0.071ns
    Discrete Jitter          (DJ):    0.310ns
    Phase Error              (PE):    0.000ns
  Clock Net Delay (Source):      1.671ns (routing 0.591ns, distribution 1.080ns)
  Clock Net Delay (Destination): 1.414ns (routing 0.533ns, distribution 0.881ns)
  Timing Exception:       False Path

    Location             Delay type                Incr(ns)  Path(ns)    Netlist Resource(s)
  -------------------------------------------------------------------    -------------------
                         (clock clk_pl_0 rise edge)
                                                      0.000     0.000 r  
    PS8_X0Y0             PS8                          0.000     0.000 r  workout_classifier_i/zynq_ultra_ps_e_0/inst/PS8_i/PLCLK[0]
                         net (fo=1, routed)           0.171     0.171    workout_classifier_i/zynq_ultra_ps_e_0/inst/pl_clk_unbuffered[0]
    BUFG_PS_X0Y58        BUFG_PS (Prop_BUFG_PS_I_O)
                                                      0.028     0.199 r  workout_classifier_i/zynq_ultra_ps_e_0/inst/buffer_pl_clk_0.PL_CLK_0_BUFG/O
    X0Y1 (CLOCK_ROOT)    net (fo=103775, routed)      1.671     1.870    workout_classifier_i/axi_smc/inst/clk_map/psr_aclk/U0/aclk
    SLICE_X1Y175         FDRE                                         r  workout_classifier_i/axi_smc/inst/clk_map/psr_aclk/U0/ACTIVE_LOW_BSR_OUT_DFF[0].FDRE_BSR_N/C
  -------------------------------------------------------------------    -------------------
    SLICE_X1Y175         FDRE (Prop_HFF_SLICEM_C_Q)
                                                      0.079     1.949 r  workout_classifier_i/axi_smc/inst/clk_map/psr_aclk/U0/ACTIVE_LOW_BSR_OUT_DFF[0].FDRE_BSR_N/Q
                         net (fo=150, routed)         3.233     5.182    workout_classifier_i/axi_smc/inst/s02_nodes/s02_aw_node/inst/s_sc_xpm_cdc_async_rst_inst/src_arst
    SLICE_X10Y115        FDCE                                         f  workout_classifier_i/axi_smc/inst/s02_nodes/s02_aw_node/inst/s_sc_xpm_cdc_async_rst_inst/arststages_ff_reg[0]/CLR  (IS_INVERTED)
  -------------------------------------------------------------------    -------------------

                         (clock clk_pl_0 rise edge)
                                                      0.000     0.000 r  
    PS8_X0Y0             PS8                          0.000     0.000 r  workout_classifier_i/zynq_ultra_ps_e_0/inst/PS8_i/PLCLK[0]
                         net (fo=1, routed)           0.135     0.135    workout_classifier_i/zynq_ultra_ps_e_0/inst/pl_clk_unbuffered[0]
    BUFG_PS_X0Y58        BUFG_PS (Prop_BUFG_PS_I_O)
                                                      0.025     0.160 r  workout_classifier_i/zynq_ultra_ps_e_0/inst/buffer_pl_clk_0.PL_CLK_0_BUFG/O
    X0Y1 (CLOCK_ROOT)    net (fo=103775, routed)      1.414     1.574    workout_classifier_i/axi_smc/inst/s02_nodes/s02_aw_node/inst/s_sc_xpm_cdc_async_rst_inst/dest_clk
    SLICE_X10Y115        FDCE                                         r  workout_classifier_i/axi_smc/inst/s02_nodes/s02_aw_node/inst/s_sc_xpm_cdc_async_rst_inst/arststages_ff_reg[0]/C

Slack:                    inf
  Source:                 workout_classifier_i/axi_smc/inst/clk_map/psr_aclk/U0/ACTIVE_LOW_BSR_OUT_DFF[0].FDRE_BSR_N/C
                            (rising edge-triggered cell FDRE clocked by clk_pl_0  {rise@0.000ns fall@5.156ns period=10.312ns})
  Destination:            workout_classifier_i/axi_smc/inst/s02_nodes/s02_aw_node/inst/s_sc_xpm_cdc_async_rst_inst/arststages_ff_reg[1]/CLR
                            (recovery check against rising-edge clock clk_pl_0  {rise@0.000ns fall@5.156ns period=10.312ns})
  Path Group:             (none)
  Path Type:              Recovery (Max at Slow Process Corner)
  Data Path Delay:        3.312ns  (logic 0.079ns (2.385%)  route 3.233ns (97.615%))
  Logic Levels:           0  
  Clock Path Skew:        -0.296ns (DCD - SCD + CPR)
    Destination Clock Delay (DCD):    1.574ns
    Source Clock Delay      (SCD):    1.870ns
    Clock Pessimism Removal (CPR):    0.000ns
  Clock Uncertainty:      0.159ns  ((TSJ^2 + DJ^2)^1/2) / 2 + PE
    Total System Jitter     (TSJ):    0.071ns
    Discrete Jitter          (DJ):    0.310ns
    Phase Error              (PE):    0.000ns
  Clock Net Delay (Source):      1.671ns (routing 0.591ns, distribution 1.080ns)
  Clock Net Delay (Destination): 1.414ns (routing 0.533ns, distribution 0.881ns)
  Timing Exception:       False Path

    Location             Delay type                Incr(ns)  Path(ns)    Netlist Resource(s)
  -------------------------------------------------------------------    -------------------
                         (clock clk_pl_0 rise edge)
                                                      0.000     0.000 r  
    PS8_X0Y0             PS8                          0.000     0.000 r  workout_classifier_i/zynq_ultra_ps_e_0/inst/PS8_i/PLCLK[0]
                         net (fo=1, routed)           0.171     0.171    workout_classifier_i/zynq_ultra_ps_e_0/inst/pl_clk_unbuffered[0]
    BUFG_PS_X0Y58        BUFG_PS (Prop_BUFG_PS_I_O)
                                                      0.028     0.199 r  workout_classifier_i/zynq_ultra_ps_e_0/inst/buffer_pl_clk_0.PL_CLK_0_BUFG/O
    X0Y1 (CLOCK_ROOT)    net (fo=103775, routed)      1.671     1.870    workout_classifier_i/axi_smc/inst/clk_map/psr_aclk/U0/aclk
    SLICE_X1Y175         FDRE                                         r  workout_classifier_i/axi_smc/inst/clk_map/psr_aclk/U0/ACTIVE_LOW_BSR_OUT_DFF[0].FDRE_BSR_N/C
  -------------------------------------------------------------------    -------------------
    SLICE_X1Y175         FDRE (Prop_HFF_SLICEM_C_Q)
                                                      0.079     1.949 r  workout_classifier_i/axi_smc/inst/clk_map/psr_aclk/U0/ACTIVE_LOW_BSR_OUT_DFF[0].FDRE_BSR_N/Q
                         net (fo=150, routed)         3.233     5.182    workout_classifier_i/axi_smc/inst/s02_nodes/s02_aw_node/inst/s_sc_xpm_cdc_async_rst_inst/src_arst
    SLICE_X10Y115        FDCE                                         f  workout_classifier_i/axi_smc/inst/s02_nodes/s02_aw_node/inst/s_sc_xpm_cdc_async_rst_inst/arststages_ff_reg[1]/CLR  (IS_INVERTED)
  -------------------------------------------------------------------    -------------------

                         (clock clk_pl_0 rise edge)
                                                      0.000     0.000 r  
    PS8_X0Y0             PS8                          0.000     0.000 r  workout_classifier_i/zynq_ultra_ps_e_0/inst/PS8_i/PLCLK[0]
                         net (fo=1, routed)           0.135     0.135    workout_classifier_i/zynq_ultra_ps_e_0/inst/pl_clk_unbuffered[0]
    BUFG_PS_X0Y58        BUFG_PS (Prop_BUFG_PS_I_O)
                                                      0.025     0.160 r  workout_classifier_i/zynq_ultra_ps_e_0/inst/buffer_pl_clk_0.PL_CLK_0_BUFG/O
    X0Y1 (CLOCK_ROOT)    net (fo=103775, routed)      1.414     1.574    workout_classifier_i/axi_smc/inst/s02_nodes/s02_aw_node/inst/s_sc_xpm_cdc_async_rst_inst/dest_clk
    SLICE_X10Y115        FDCE                                         r  workout_classifier_i/axi_smc/inst/s02_nodes/s02_aw_node/inst/s_sc_xpm_cdc_async_rst_inst/arststages_ff_reg[1]/C

Slack:                    inf
  Source:                 workout_classifier_i/axi_smc/inst/clk_map/psr_aclk/U0/ACTIVE_LOW_BSR_OUT_DFF[0].FDRE_BSR_N/C
                            (rising edge-triggered cell FDRE clocked by clk_pl_0  {rise@0.000ns fall@5.156ns period=10.312ns})
  Destination:            workout_classifier_i/axi_smc/inst/s02_nodes/s02_aw_node/inst/s_sc_xpm_cdc_async_rst_inst/arststages_ff_reg[2]/CLR
                            (recovery check against rising-edge clock clk_pl_0  {rise@0.000ns fall@5.156ns period=10.312ns})
  Path Group:             (none)
  Path Type:              Recovery (Max at Slow Process Corner)
  Data Path Delay:        3.312ns  (logic 0.079ns (2.385%)  route 3.233ns (97.615%))
  Logic Levels:           0  
  Clock Path Skew:        -0.296ns (DCD - SCD + CPR)
    Destination Clock Delay (DCD):    1.574ns
    Source Clock Delay      (SCD):    1.870ns
    Clock Pessimism Removal (CPR):    0.000ns
  Clock Uncertainty:      0.159ns  ((TSJ^2 + DJ^2)^1/2) / 2 + PE
    Total System Jitter     (TSJ):    0.071ns
    Discrete Jitter          (DJ):    0.310ns
    Phase Error              (PE):    0.000ns
  Clock Net Delay (Source):      1.671ns (routing 0.591ns, distribution 1.080ns)
  Clock Net Delay (Destination): 1.414ns (routing 0.533ns, distribution 0.881ns)
  Timing Exception:       False Path

    Location             Delay type                Incr(ns)  Path(ns)    Netlist Resource(s)
  -------------------------------------------------------------------    -------------------
                         (clock clk_pl_0 rise edge)
                                                      0.000     0.000 r  
    PS8_X0Y0             PS8                          0.000     0.000 r  workout_classifier_i/zynq_ultra_ps_e_0/inst/PS8_i/PLCLK[0]
                         net (fo=1, routed)           0.171     0.171    workout_classifier_i/zynq_ultra_ps_e_0/inst/pl_clk_unbuffered[0]
    BUFG_PS_X0Y58        BUFG_PS (Prop_BUFG_PS_I_O)
                                                      0.028     0.199 r  workout_classifier_i/zynq_ultra_ps_e_0/inst/buffer_pl_clk_0.PL_CLK_0_BUFG/O
    X0Y1 (CLOCK_ROOT)    net (fo=103775, routed)      1.671     1.870    workout_classifier_i/axi_smc/inst/clk_map/psr_aclk/U0/aclk
    SLICE_X1Y175         FDRE                                         r  workout_classifier_i/axi_smc/inst/clk_map/psr_aclk/U0/ACTIVE_LOW_BSR_OUT_DFF[0].FDRE_BSR_N/C
  -------------------------------------------------------------------    -------------------
    SLICE_X1Y175         FDRE (Prop_HFF_SLICEM_C_Q)
                                                      0.079     1.949 r  workout_classifier_i/axi_smc/inst/clk_map/psr_aclk/U0/ACTIVE_LOW_BSR_OUT_DFF[0].FDRE_BSR_N/Q
                         net (fo=150, routed)         3.233     5.182    workout_classifier_i/axi_smc/inst/s02_nodes/s02_aw_node/inst/s_sc_xpm_cdc_async_rst_inst/src_arst
    SLICE_X10Y115        FDCE                                         f  workout_classifier_i/axi_smc/inst/s02_nodes/s02_aw_node/inst/s_sc_xpm_cdc_async_rst_inst/arststages_ff_reg[2]/CLR  (IS_INVERTED)
  -------------------------------------------------------------------    -------------------

                         (clock clk_pl_0 rise edge)
                                                      0.000     0.000 r  
    PS8_X0Y0             PS8                          0.000     0.000 r  workout_classifier_i/zynq_ultra_ps_e_0/inst/PS8_i/PLCLK[0]
                         net (fo=1, routed)           0.135     0.135    workout_classifier_i/zynq_ultra_ps_e_0/inst/pl_clk_unbuffered[0]
    BUFG_PS_X0Y58        BUFG_PS (Prop_BUFG_PS_I_O)
                                                      0.025     0.160 r  workout_classifier_i/zynq_ultra_ps_e_0/inst/buffer_pl_clk_0.PL_CLK_0_BUFG/O
    X0Y1 (CLOCK_ROOT)    net (fo=103775, routed)      1.414     1.574    workout_classifier_i/axi_smc/inst/s02_nodes/s02_aw_node/inst/s_sc_xpm_cdc_async_rst_inst/dest_clk
    SLICE_X10Y115        FDCE                                         r  workout_classifier_i/axi_smc/inst/s02_nodes/s02_aw_node/inst/s_sc_xpm_cdc_async_rst_inst/arststages_ff_reg[2]/C

Slack:                    inf
  Source:                 workout_classifier_i/axi_smc/inst/clk_map/psr_aclk/U0/ACTIVE_LOW_BSR_OUT_DFF[0].FDRE_BSR_N/C
                            (rising edge-triggered cell FDRE clocked by clk_pl_0  {rise@0.000ns fall@5.156ns period=10.312ns})
  Destination:            workout_classifier_i/axi_smc/inst/s02_entry_pipeline/s02_mmu/inst/xpm_cdc_async_rst_inst/arststages_ff_reg[0]/CLR
                            (recovery check against rising-edge clock clk_pl_0  {rise@0.000ns fall@5.156ns period=10.312ns})
  Path Group:             (none)
  Path Type:              Recovery (Max at Slow Process Corner)
  Data Path Delay:        3.072ns  (logic 0.079ns (2.571%)  route 2.993ns (97.429%))
  Logic Levels:           0  
  Clock Path Skew:        -0.280ns (DCD - SCD + CPR)
    Destination Clock Delay (DCD):    1.590ns
    Source Clock Delay      (SCD):    1.870ns
    Clock Pessimism Removal (CPR):    0.000ns
  Clock Uncertainty:      0.159ns  ((TSJ^2 + DJ^2)^1/2) / 2 + PE
    Total System Jitter     (TSJ):    0.071ns
    Discrete Jitter          (DJ):    0.310ns
    Phase Error              (PE):    0.000ns
  Clock Net Delay (Source):      1.671ns (routing 0.591ns, distribution 1.080ns)
  Clock Net Delay (Destination): 1.430ns (routing 0.533ns, distribution 0.897ns)
  Timing Exception:       False Path

    Location             Delay type                Incr(ns)  Path(ns)    Netlist Resource(s)
  -------------------------------------------------------------------    -------------------
                         (clock clk_pl_0 rise edge)
                                                      0.000     0.000 r  
    PS8_X0Y0             PS8                          0.000     0.000 r  workout_classifier_i/zynq_ultra_ps_e_0/inst/PS8_i/PLCLK[0]
                         net (fo=1, routed)           0.171     0.171    workout_classifier_i/zynq_ultra_ps_e_0/inst/pl_clk_unbuffered[0]
    BUFG_PS_X0Y58        BUFG_PS (Prop_BUFG_PS_I_O)
                                                      0.028     0.199 r  workout_classifier_i/zynq_ultra_ps_e_0/inst/buffer_pl_clk_0.PL_CLK_0_BUFG/O
    X0Y1 (CLOCK_ROOT)    net (fo=103775, routed)      1.671     1.870    workout_classifier_i/axi_smc/inst/clk_map/psr_aclk/U0/aclk
    SLICE_X1Y175         FDRE                                         r  workout_classifier_i/axi_smc/inst/clk_map/psr_aclk/U0/ACTIVE_LOW_BSR_OUT_DFF[0].FDRE_BSR_N/C
  -------------------------------------------------------------------    -------------------
    SLICE_X1Y175         FDRE (Prop_HFF_SLICEM_C_Q)
                                                      0.079     1.949 r  workout_classifier_i/axi_smc/inst/clk_map/psr_aclk/U0/ACTIVE_LOW_BSR_OUT_DFF[0].FDRE_BSR_N/Q
                         net (fo=150, routed)         2.993     4.942    workout_classifier_i/axi_smc/inst/s02_entry_pipeline/s02_mmu/inst/xpm_cdc_async_rst_inst/src_arst
    SLICE_X19Y103        FDCE                                         f  workout_classifier_i/axi_smc/inst/s02_entry_pipeline/s02_mmu/inst/xpm_cdc_async_rst_inst/arststages_ff_reg[0]/CLR  (IS_INVERTED)
  -------------------------------------------------------------------    -------------------

                         (clock clk_pl_0 rise edge)
                                                      0.000     0.000 r  
    PS8_X0Y0             PS8                          0.000     0.000 r  workout_classifier_i/zynq_ultra_ps_e_0/inst/PS8_i/PLCLK[0]
                         net (fo=1, routed)           0.135     0.135    workout_classifier_i/zynq_ultra_ps_e_0/inst/pl_clk_unbuffered[0]
    BUFG_PS_X0Y58        BUFG_PS (Prop_BUFG_PS_I_O)
                                                      0.025     0.160 r  workout_classifier_i/zynq_ultra_ps_e_0/inst/buffer_pl_clk_0.PL_CLK_0_BUFG/O
    X0Y1 (CLOCK_ROOT)    net (fo=103775, routed)      1.430     1.590    workout_classifier_i/axi_smc/inst/s02_entry_pipeline/s02_mmu/inst/xpm_cdc_async_rst_inst/dest_clk
    SLICE_X19Y103        FDCE                                         r  workout_classifier_i/axi_smc/inst/s02_entry_pipeline/s02_mmu/inst/xpm_cdc_async_rst_inst/arststages_ff_reg[0]/C

Slack:                    inf
  Source:                 workout_classifier_i/axi_smc/inst/clk_map/psr_aclk/U0/ACTIVE_LOW_BSR_OUT_DFF[0].FDRE_BSR_N/C
                            (rising edge-triggered cell FDRE clocked by clk_pl_0  {rise@0.000ns fall@5.156ns period=10.312ns})
  Destination:            workout_classifier_i/axi_smc/inst/s02_entry_pipeline/s02_mmu/inst/xpm_cdc_async_rst_inst/arststages_ff_reg[1]/CLR
                            (recovery check against rising-edge clock clk_pl_0  {rise@0.000ns fall@5.156ns period=10.312ns})
  Path Group:             (none)
  Path Type:              Recovery (Max at Slow Process Corner)
  Data Path Delay:        3.072ns  (logic 0.079ns (2.571%)  route 2.993ns (97.429%))
  Logic Levels:           0  
  Clock Path Skew:        -0.280ns (DCD - SCD + CPR)
    Destination Clock Delay (DCD):    1.590ns
    Source Clock Delay      (SCD):    1.870ns
    Clock Pessimism Removal (CPR):    0.000ns
  Clock Uncertainty:      0.159ns  ((TSJ^2 + DJ^2)^1/2) / 2 + PE
    Total System Jitter     (TSJ):    0.071ns
    Discrete Jitter          (DJ):    0.310ns
    Phase Error              (PE):    0.000ns
  Clock Net Delay (Source):      1.671ns (routing 0.591ns, distribution 1.080ns)
  Clock Net Delay (Destination): 1.430ns (routing 0.533ns, distribution 0.897ns)
  Timing Exception:       False Path

    Location             Delay type                Incr(ns)  Path(ns)    Netlist Resource(s)
  -------------------------------------------------------------------    -------------------
                         (clock clk_pl_0 rise edge)
                                                      0.000     0.000 r  
    PS8_X0Y0             PS8                          0.000     0.000 r  workout_classifier_i/zynq_ultra_ps_e_0/inst/PS8_i/PLCLK[0]
                         net (fo=1, routed)           0.171     0.171    workout_classifier_i/zynq_ultra_ps_e_0/inst/pl_clk_unbuffered[0]
    BUFG_PS_X0Y58        BUFG_PS (Prop_BUFG_PS_I_O)
                                                      0.028     0.199 r  workout_classifier_i/zynq_ultra_ps_e_0/inst/buffer_pl_clk_0.PL_CLK_0_BUFG/O
    X0Y1 (CLOCK_ROOT)    net (fo=103775, routed)      1.671     1.870    workout_classifier_i/axi_smc/inst/clk_map/psr_aclk/U0/aclk
    SLICE_X1Y175         FDRE                                         r  workout_classifier_i/axi_smc/inst/clk_map/psr_aclk/U0/ACTIVE_LOW_BSR_OUT_DFF[0].FDRE_BSR_N/C
  -------------------------------------------------------------------    -------------------
    SLICE_X1Y175         FDRE (Prop_HFF_SLICEM_C_Q)
                                                      0.079     1.949 r  workout_classifier_i/axi_smc/inst/clk_map/psr_aclk/U0/ACTIVE_LOW_BSR_OUT_DFF[0].FDRE_BSR_N/Q
                         net (fo=150, routed)         2.993     4.942    workout_classifier_i/axi_smc/inst/s02_entry_pipeline/s02_mmu/inst/xpm_cdc_async_rst_inst/src_arst
    SLICE_X19Y103        FDCE                                         f  workout_classifier_i/axi_smc/inst/s02_entry_pipeline/s02_mmu/inst/xpm_cdc_async_rst_inst/arststages_ff_reg[1]/CLR  (IS_INVERTED)
  -------------------------------------------------------------------    -------------------

                         (clock clk_pl_0 rise edge)
                                                      0.000     0.000 r  
    PS8_X0Y0             PS8                          0.000     0.000 r  workout_classifier_i/zynq_ultra_ps_e_0/inst/PS8_i/PLCLK[0]
                         net (fo=1, routed)           0.135     0.135    workout_classifier_i/zynq_ultra_ps_e_0/inst/pl_clk_unbuffered[0]
    BUFG_PS_X0Y58        BUFG_PS (Prop_BUFG_PS_I_O)
                                                      0.025     0.160 r  workout_classifier_i/zynq_ultra_ps_e_0/inst/buffer_pl_clk_0.PL_CLK_0_BUFG/O
    X0Y1 (CLOCK_ROOT)    net (fo=103775, routed)      1.430     1.590    workout_classifier_i/axi_smc/inst/s02_entry_pipeline/s02_mmu/inst/xpm_cdc_async_rst_inst/dest_clk
    SLICE_X19Y103        FDCE                                         r  workout_classifier_i/axi_smc/inst/s02_entry_pipeline/s02_mmu/inst/xpm_cdc_async_rst_inst/arststages_ff_reg[1]/C

Slack:                    inf
  Source:                 workout_classifier_i/axi_smc/inst/clk_map/psr_aclk/U0/ACTIVE_LOW_BSR_OUT_DFF[0].FDRE_BSR_N/C
                            (rising edge-triggered cell FDRE clocked by clk_pl_0  {rise@0.000ns fall@5.156ns period=10.312ns})
  Destination:            workout_classifier_i/axi_smc/inst/s02_entry_pipeline/s02_mmu/inst/xpm_cdc_async_rst_inst/arststages_ff_reg[2]/CLR
                            (recovery check against rising-edge clock clk_pl_0  {rise@0.000ns fall@5.156ns period=10.312ns})
  Path Group:             (none)
  Path Type:              Recovery (Max at Slow Process Corner)
  Data Path Delay:        3.072ns  (logic 0.079ns (2.571%)  route 2.993ns (97.429%))
  Logic Levels:           0  
  Clock Path Skew:        -0.280ns (DCD - SCD + CPR)
    Destination Clock Delay (DCD):    1.590ns
    Source Clock Delay      (SCD):    1.870ns
    Clock Pessimism Removal (CPR):    0.000ns
  Clock Uncertainty:      0.159ns  ((TSJ^2 + DJ^2)^1/2) / 2 + PE
    Total System Jitter     (TSJ):    0.071ns
    Discrete Jitter          (DJ):    0.310ns
    Phase Error              (PE):    0.000ns
  Clock Net Delay (Source):      1.671ns (routing 0.591ns, distribution 1.080ns)
  Clock Net Delay (Destination): 1.430ns (routing 0.533ns, distribution 0.897ns)
  Timing Exception:       False Path

    Location             Delay type                Incr(ns)  Path(ns)    Netlist Resource(s)
  -------------------------------------------------------------------    -------------------
                         (clock clk_pl_0 rise edge)
                                                      0.000     0.000 r  
    PS8_X0Y0             PS8                          0.000     0.000 r  workout_classifier_i/zynq_ultra_ps_e_0/inst/PS8_i/PLCLK[0]
                         net (fo=1, routed)           0.171     0.171    workout_classifier_i/zynq_ultra_ps_e_0/inst/pl_clk_unbuffered[0]
    BUFG_PS_X0Y58        BUFG_PS (Prop_BUFG_PS_I_O)
                                                      0.028     0.199 r  workout_classifier_i/zynq_ultra_ps_e_0/inst/buffer_pl_clk_0.PL_CLK_0_BUFG/O
    X0Y1 (CLOCK_ROOT)    net (fo=103775, routed)      1.671     1.870    workout_classifier_i/axi_smc/inst/clk_map/psr_aclk/U0/aclk
    SLICE_X1Y175         FDRE                                         r  workout_classifier_i/axi_smc/inst/clk_map/psr_aclk/U0/ACTIVE_LOW_BSR_OUT_DFF[0].FDRE_BSR_N/C
  -------------------------------------------------------------------    -------------------
    SLICE_X1Y175         FDRE (Prop_HFF_SLICEM_C_Q)
                                                      0.079     1.949 r  workout_classifier_i/axi_smc/inst/clk_map/psr_aclk/U0/ACTIVE_LOW_BSR_OUT_DFF[0].FDRE_BSR_N/Q
                         net (fo=150, routed)         2.993     4.942    workout_classifier_i/axi_smc/inst/s02_entry_pipeline/s02_mmu/inst/xpm_cdc_async_rst_inst/src_arst
    SLICE_X19Y103        FDCE                                         f  workout_classifier_i/axi_smc/inst/s02_entry_pipeline/s02_mmu/inst/xpm_cdc_async_rst_inst/arststages_ff_reg[2]/CLR  (IS_INVERTED)
  -------------------------------------------------------------------    -------------------

                         (clock clk_pl_0 rise edge)
                                                      0.000     0.000 r  
    PS8_X0Y0             PS8                          0.000     0.000 r  workout_classifier_i/zynq_ultra_ps_e_0/inst/PS8_i/PLCLK[0]
                         net (fo=1, routed)           0.135     0.135    workout_classifier_i/zynq_ultra_ps_e_0/inst/pl_clk_unbuffered[0]
    BUFG_PS_X0Y58        BUFG_PS (Prop_BUFG_PS_I_O)
                                                      0.025     0.160 r  workout_classifier_i/zynq_ultra_ps_e_0/inst/buffer_pl_clk_0.PL_CLK_0_BUFG/O
    X0Y1 (CLOCK_ROOT)    net (fo=103775, routed)      1.430     1.590    workout_classifier_i/axi_smc/inst/s02_entry_pipeline/s02_mmu/inst/xpm_cdc_async_rst_inst/dest_clk
    SLICE_X19Y103        FDCE                                         r  workout_classifier_i/axi_smc/inst/s02_entry_pipeline/s02_mmu/inst/xpm_cdc_async_rst_inst/arststages_ff_reg[2]/C

Slack:                    inf
  Source:                 workout_classifier_i/axi_smc/inst/clk_map/psr_aclk/U0/ACTIVE_LOW_BSR_OUT_DFF[0].FDRE_BSR_N/C
                            (rising edge-triggered cell FDRE clocked by clk_pl_0  {rise@0.000ns fall@5.156ns period=10.312ns})
  Destination:            workout_classifier_i/axi_smc/inst/m00_nodes/m00_w_node/inst/s_sc_xpm_cdc_async_rst_inst/arststages_ff_reg[0]/CLR
                            (recovery check against rising-edge clock clk_pl_0  {rise@0.000ns fall@5.156ns period=10.312ns})
  Path Group:             (none)
  Path Type:              Recovery (Max at Slow Process Corner)
  Data Path Delay:        2.796ns  (logic 0.079ns (2.825%)  route 2.717ns (97.175%))
  Logic Levels:           0  
  Clock Path Skew:        -0.307ns (DCD - SCD + CPR)
    Destination Clock Delay (DCD):    1.563ns
    Source Clock Delay      (SCD):    1.870ns
    Clock Pessimism Removal (CPR):    0.000ns
  Clock Uncertainty:      0.159ns  ((TSJ^2 + DJ^2)^1/2) / 2 + PE
    Total System Jitter     (TSJ):    0.071ns
    Discrete Jitter          (DJ):    0.310ns
    Phase Error              (PE):    0.000ns
  Clock Net Delay (Source):      1.671ns (routing 0.591ns, distribution 1.080ns)
  Clock Net Delay (Destination): 1.403ns (routing 0.533ns, distribution 0.870ns)
  Timing Exception:       False Path

    Location             Delay type                Incr(ns)  Path(ns)    Netlist Resource(s)
  -------------------------------------------------------------------    -------------------
                         (clock clk_pl_0 rise edge)
                                                      0.000     0.000 r  
    PS8_X0Y0             PS8                          0.000     0.000 r  workout_classifier_i/zynq_ultra_ps_e_0/inst/PS8_i/PLCLK[0]
                         net (fo=1, routed)           0.171     0.171    workout_classifier_i/zynq_ultra_ps_e_0/inst/pl_clk_unbuffered[0]
    BUFG_PS_X0Y58        BUFG_PS (Prop_BUFG_PS_I_O)
                                                      0.028     0.199 r  workout_classifier_i/zynq_ultra_ps_e_0/inst/buffer_pl_clk_0.PL_CLK_0_BUFG/O
    X0Y1 (CLOCK_ROOT)    net (fo=103775, routed)      1.671     1.870    workout_classifier_i/axi_smc/inst/clk_map/psr_aclk/U0/aclk
    SLICE_X1Y175         FDRE                                         r  workout_classifier_i/axi_smc/inst/clk_map/psr_aclk/U0/ACTIVE_LOW_BSR_OUT_DFF[0].FDRE_BSR_N/C
  -------------------------------------------------------------------    -------------------
    SLICE_X1Y175         FDRE (Prop_HFF_SLICEM_C_Q)
                                                      0.079     1.949 r  workout_classifier_i/axi_smc/inst/clk_map/psr_aclk/U0/ACTIVE_LOW_BSR_OUT_DFF[0].FDRE_BSR_N/Q
                         net (fo=150, routed)         2.717     4.666    workout_classifier_i/axi_smc/inst/m00_nodes/m00_w_node/inst/s_sc_xpm_cdc_async_rst_inst/src_arst
    SLICE_X7Y102         FDCE                                         f  workout_classifier_i/axi_smc/inst/m00_nodes/m00_w_node/inst/s_sc_xpm_cdc_async_rst_inst/arststages_ff_reg[0]/CLR  (IS_INVERTED)
  -------------------------------------------------------------------    -------------------

                         (clock clk_pl_0 rise edge)
                                                      0.000     0.000 r  
    PS8_X0Y0             PS8                          0.000     0.000 r  workout_classifier_i/zynq_ultra_ps_e_0/inst/PS8_i/PLCLK[0]
                         net (fo=1, routed)           0.135     0.135    workout_classifier_i/zynq_ultra_ps_e_0/inst/pl_clk_unbuffered[0]
    BUFG_PS_X0Y58        BUFG_PS (Prop_BUFG_PS_I_O)
                                                      0.025     0.160 r  workout_classifier_i/zynq_ultra_ps_e_0/inst/buffer_pl_clk_0.PL_CLK_0_BUFG/O
    X0Y1 (CLOCK_ROOT)    net (fo=103775, routed)      1.403     1.563    workout_classifier_i/axi_smc/inst/m00_nodes/m00_w_node/inst/s_sc_xpm_cdc_async_rst_inst/dest_clk
    SLICE_X7Y102         FDCE                                         r  workout_classifier_i/axi_smc/inst/m00_nodes/m00_w_node/inst/s_sc_xpm_cdc_async_rst_inst/arststages_ff_reg[0]/C





Min Delay Paths
--------------------------------------------------------------------------------------
Slack:                    inf
  Source:                 workout_classifier_i/rst_ps8_0_96M/U0/ACTIVE_LOW_PR_OUT_DFF[0].FDRE_PER_N_replica/C
                            (rising edge-triggered cell FDRE clocked by clk_pl_0  {rise@0.000ns fall@5.156ns period=10.312ns})
  Destination:            workout_classifier_i/axi_smc/inst/clk_map/psr_aclk/U0/EXT_LPF/ACTIVE_LOW_AUX.ACT_LO_AUX/syncstages_ff_reg[0]/D
                            (rising edge-triggered cell FDRE clocked by clk_pl_0  {rise@0.000ns fall@5.156ns period=10.312ns})
  Path Group:             (none)
  Path Type:              Hold (Min at Fast Process Corner)
  Data Path Delay:        0.213ns  (logic 0.074ns (34.794%)  route 0.139ns (65.206%))
  Logic Levels:           1  (LUT1=1)
  Clock Path Skew:        0.147ns (DCD - SCD - CPR)
    Destination Clock Delay (DCD):    1.166ns
    Source Clock Delay      (SCD):    1.019ns
    Clock Pessimism Removal (CPR):    -0.000ns
  Clock Uncertainty:      0.159ns  ((TSJ^2 + DJ^2)^1/2) / 2 + PE
    Total System Jitter     (TSJ):    0.071ns
    Discrete Jitter          (DJ):    0.310ns
    Phase Error              (PE):    0.000ns
  Clock Net Delay (Source):      0.908ns (routing 0.324ns, distribution 0.584ns)
  Clock Net Delay (Destination): 1.028ns (routing 0.365ns, distribution 0.663ns)
  Timing Exception:       False Path

    Location             Delay type                Incr(ns)  Path(ns)    Netlist Resource(s)
  -------------------------------------------------------------------    -------------------
                         (clock clk_pl_0 rise edge)
                                                      0.000     0.000 r  
    PS8_X0Y0             PS8                          0.000     0.000 r  workout_classifier_i/zynq_ultra_ps_e_0/inst/PS8_i/PLCLK[0]
                         net (fo=1, routed)           0.094     0.094    workout_classifier_i/zynq_ultra_ps_e_0/inst/pl_clk_unbuffered[0]
    BUFG_PS_X0Y58        BUFG_PS (Prop_BUFG_PS_I_O)
                                                      0.017     0.111 r  workout_classifier_i/zynq_ultra_ps_e_0/inst/buffer_pl_clk_0.PL_CLK_0_BUFG/O
    X0Y1 (CLOCK_ROOT)    net (fo=103775, routed)      0.908     1.019    workout_classifier_i/rst_ps8_0_96M/U0/slowest_sync_clk
    SLICE_X4Y176         FDRE                                         r  workout_classifier_i/rst_ps8_0_96M/U0/ACTIVE_LOW_PR_OUT_DFF[0].FDRE_PER_N_replica/C
  -------------------------------------------------------------------    -------------------
    SLICE_X4Y176         FDRE (Prop_AFF2_SLICEM_C_Q)
                                                      0.039     1.058 f  workout_classifier_i/rst_ps8_0_96M/U0/ACTIVE_LOW_PR_OUT_DFF[0].FDRE_PER_N_replica/Q
                         net (fo=10, routed)          0.056     1.114    workout_classifier_i/axi_smc/inst/clk_map/psr_aclk/U0/EXT_LPF/peripheral_aresetn[0]_bufg_place_replica
    SLICE_X4Y174         LUT1 (Prop_F6LUT_SLICEM_I0_O)
                                                      0.035     1.149 r  workout_classifier_i/axi_smc/inst/clk_map/psr_aclk/U0/EXT_LPF/ACTIVE_LOW_AUX.ACT_LO_AUX_i_1/O
                         net (fo=1, routed)           0.083     1.232    workout_classifier_i/axi_smc/inst/clk_map/psr_aclk/U0/EXT_LPF/ACTIVE_LOW_AUX.ACT_LO_AUX/src_in
    SLICE_X4Y175         FDRE                                         r  workout_classifier_i/axi_smc/inst/clk_map/psr_aclk/U0/EXT_LPF/ACTIVE_LOW_AUX.ACT_LO_AUX/syncstages_ff_reg[0]/D
  -------------------------------------------------------------------    -------------------

                         (clock clk_pl_0 rise edge)
                                                      0.000     0.000 r  
    PS8_X0Y0             PS8                          0.000     0.000 r  workout_classifier_i/zynq_ultra_ps_e_0/inst/PS8_i/PLCLK[0]
                         net (fo=1, routed)           0.120     0.120    workout_classifier_i/zynq_ultra_ps_e_0/inst/pl_clk_unbuffered[0]
    BUFG_PS_X0Y58        BUFG_PS (Prop_BUFG_PS_I_O)
                                                      0.018     0.138 r  workout_classifier_i/zynq_ultra_ps_e_0/inst/buffer_pl_clk_0.PL_CLK_0_BUFG/O
    X0Y1 (CLOCK_ROOT)    net (fo=103775, routed)      1.028     1.166    workout_classifier_i/axi_smc/inst/clk_map/psr_aclk/U0/EXT_LPF/ACTIVE_LOW_AUX.ACT_LO_AUX/dest_clk
    SLICE_X4Y175         FDRE                                         r  workout_classifier_i/axi_smc/inst/clk_map/psr_aclk/U0/EXT_LPF/ACTIVE_LOW_AUX.ACT_LO_AUX/syncstages_ff_reg[0]/C

Slack:                    inf
  Source:                 workout_classifier_i/axi_smc/inst/clk_map/psr_aclk/U0/ACTIVE_LOW_BSR_OUT_DFF[0].FDRE_BSR_N/C
                            (rising edge-triggered cell FDRE clocked by clk_pl_0  {rise@0.000ns fall@5.156ns period=10.312ns})
  Destination:            workout_classifier_i/axi_smc/inst/s00_entry_pipeline/s00_mmu/inst/xpm_cdc_async_rst_inst/arststages_ff_reg[0]/CLR
                            (removal check against rising-edge clock clk_pl_0  {rise@0.000ns fall@5.156ns period=10.312ns})
  Path Group:             (none)
  Path Type:              Removal (Min at Fast Process Corner)
  Data Path Delay:        0.211ns  (logic 0.039ns (18.447%)  route 0.172ns (81.553%))
  Logic Levels:           0  
  Clock Path Skew:        0.138ns (DCD - SCD - CPR)
    Destination Clock Delay (DCD):    1.160ns
    Source Clock Delay      (SCD):    1.023ns
    Clock Pessimism Removal (CPR):    -0.000ns
  Clock Uncertainty:      0.159ns  ((TSJ^2 + DJ^2)^1/2) / 2 + PE
    Total System Jitter     (TSJ):    0.071ns
    Discrete Jitter          (DJ):    0.310ns
    Phase Error              (PE):    0.000ns
  Clock Net Delay (Source):      0.912ns (routing 0.324ns, distribution 0.588ns)
  Clock Net Delay (Destination): 1.022ns (routing 0.365ns, distribution 0.657ns)
  Timing Exception:       False Path

    Location             Delay type                Incr(ns)  Path(ns)    Netlist Resource(s)
  -------------------------------------------------------------------    -------------------
                         (clock clk_pl_0 rise edge)
                                                      0.000     0.000 r  
    PS8_X0Y0             PS8                          0.000     0.000 r  workout_classifier_i/zynq_ultra_ps_e_0/inst/PS8_i/PLCLK[0]
                         net (fo=1, routed)           0.094     0.094    workout_classifier_i/zynq_ultra_ps_e_0/inst/pl_clk_unbuffered[0]
    BUFG_PS_X0Y58        BUFG_PS (Prop_BUFG_PS_I_O)
                                                      0.017     0.111 r  workout_classifier_i/zynq_ultra_ps_e_0/inst/buffer_pl_clk_0.PL_CLK_0_BUFG/O
    X0Y1 (CLOCK_ROOT)    net (fo=103775, routed)      0.912     1.023    workout_classifier_i/axi_smc/inst/clk_map/psr_aclk/U0/aclk
    SLICE_X1Y175         FDRE                                         r  workout_classifier_i/axi_smc/inst/clk_map/psr_aclk/U0/ACTIVE_LOW_BSR_OUT_DFF[0].FDRE_BSR_N/C
  -------------------------------------------------------------------    -------------------
    SLICE_X1Y175         FDRE (Prop_HFF_SLICEM_C_Q)
                                                      0.039     1.062 r  workout_classifier_i/axi_smc/inst/clk_map/psr_aclk/U0/ACTIVE_LOW_BSR_OUT_DFF[0].FDRE_BSR_N/Q
                         net (fo=150, routed)         0.172     1.234    workout_classifier_i/axi_smc/inst/s00_entry_pipeline/s00_mmu/inst/xpm_cdc_async_rst_inst/src_arst
    SLICE_X0Y167         FDCE                                         f  workout_classifier_i/axi_smc/inst/s00_entry_pipeline/s00_mmu/inst/xpm_cdc_async_rst_inst/arststages_ff_reg[0]/CLR  (IS_INVERTED)
  -------------------------------------------------------------------    -------------------

                         (clock clk_pl_0 rise edge)
                                                      0.000     0.000 r  
    PS8_X0Y0             PS8                          0.000     0.000 r  workout_classifier_i/zynq_ultra_ps_e_0/inst/PS8_i/PLCLK[0]
                         net (fo=1, routed)           0.120     0.120    workout_classifier_i/zynq_ultra_ps_e_0/inst/pl_clk_unbuffered[0]
    BUFG_PS_X0Y58        BUFG_PS (Prop_BUFG_PS_I_O)
                                                      0.018     0.138 r  workout_classifier_i/zynq_ultra_ps_e_0/inst/buffer_pl_clk_0.PL_CLK_0_BUFG/O
    X0Y1 (CLOCK_ROOT)    net (fo=103775, routed)      1.022     1.160    workout_classifier_i/axi_smc/inst/s00_entry_pipeline/s00_mmu/inst/xpm_cdc_async_rst_inst/dest_clk
    SLICE_X0Y167         FDCE                                         r  workout_classifier_i/axi_smc/inst/s00_entry_pipeline/s00_mmu/inst/xpm_cdc_async_rst_inst/arststages_ff_reg[0]/C

Slack:                    inf
  Source:                 workout_classifier_i/axi_smc/inst/clk_map/psr_aclk/U0/ACTIVE_LOW_BSR_OUT_DFF[0].FDRE_BSR_N/C
                            (rising edge-triggered cell FDRE clocked by clk_pl_0  {rise@0.000ns fall@5.156ns period=10.312ns})
  Destination:            workout_classifier_i/axi_smc/inst/s00_entry_pipeline/s00_mmu/inst/xpm_cdc_async_rst_inst/arststages_ff_reg[1]/CLR
                            (removal check against rising-edge clock clk_pl_0  {rise@0.000ns fall@5.156ns period=10.312ns})
  Path Group:             (none)
  Path Type:              Removal (Min at Fast Process Corner)
  Data Path Delay:        0.211ns  (logic 0.039ns (18.447%)  route 0.172ns (81.553%))
  Logic Levels:           0  
  Clock Path Skew:        0.138ns (DCD - SCD - CPR)
    Destination Clock Delay (DCD):    1.160ns
    Source Clock Delay      (SCD):    1.023ns
    Clock Pessimism Removal (CPR):    -0.000ns
  Clock Uncertainty:      0.159ns  ((TSJ^2 + DJ^2)^1/2) / 2 + PE
    Total System Jitter     (TSJ):    0.071ns
    Discrete Jitter          (DJ):    0.310ns
    Phase Error              (PE):    0.000ns
  Clock Net Delay (Source):      0.912ns (routing 0.324ns, distribution 0.588ns)
  Clock Net Delay (Destination): 1.022ns (routing 0.365ns, distribution 0.657ns)
  Timing Exception:       False Path

    Location             Delay type                Incr(ns)  Path(ns)    Netlist Resource(s)
  -------------------------------------------------------------------    -------------------
                         (clock clk_pl_0 rise edge)
                                                      0.000     0.000 r  
    PS8_X0Y0             PS8                          0.000     0.000 r  workout_classifier_i/zynq_ultra_ps_e_0/inst/PS8_i/PLCLK[0]
                         net (fo=1, routed)           0.094     0.094    workout_classifier_i/zynq_ultra_ps_e_0/inst/pl_clk_unbuffered[0]
    BUFG_PS_X0Y58        BUFG_PS (Prop_BUFG_PS_I_O)
                                                      0.017     0.111 r  workout_classifier_i/zynq_ultra_ps_e_0/inst/buffer_pl_clk_0.PL_CLK_0_BUFG/O
    X0Y1 (CLOCK_ROOT)    net (fo=103775, routed)      0.912     1.023    workout_classifier_i/axi_smc/inst/clk_map/psr_aclk/U0/aclk
    SLICE_X1Y175         FDRE                                         r  workout_classifier_i/axi_smc/inst/clk_map/psr_aclk/U0/ACTIVE_LOW_BSR_OUT_DFF[0].FDRE_BSR_N/C
  -------------------------------------------------------------------    -------------------
    SLICE_X1Y175         FDRE (Prop_HFF_SLICEM_C_Q)
                                                      0.039     1.062 r  workout_classifier_i/axi_smc/inst/clk_map/psr_aclk/U0/ACTIVE_LOW_BSR_OUT_DFF[0].FDRE_BSR_N/Q
                         net (fo=150, routed)         0.172     1.234    workout_classifier_i/axi_smc/inst/s00_entry_pipeline/s00_mmu/inst/xpm_cdc_async_rst_inst/src_arst
    SLICE_X0Y167         FDCE                                         f  workout_classifier_i/axi_smc/inst/s00_entry_pipeline/s00_mmu/inst/xpm_cdc_async_rst_inst/arststages_ff_reg[1]/CLR  (IS_INVERTED)
  -------------------------------------------------------------------    -------------------

                         (clock clk_pl_0 rise edge)
                                                      0.000     0.000 r  
    PS8_X0Y0             PS8                          0.000     0.000 r  workout_classifier_i/zynq_ultra_ps_e_0/inst/PS8_i/PLCLK[0]
                         net (fo=1, routed)           0.120     0.120    workout_classifier_i/zynq_ultra_ps_e_0/inst/pl_clk_unbuffered[0]
    BUFG_PS_X0Y58        BUFG_PS (Prop_BUFG_PS_I_O)
                                                      0.018     0.138 r  workout_classifier_i/zynq_ultra_ps_e_0/inst/buffer_pl_clk_0.PL_CLK_0_BUFG/O
    X0Y1 (CLOCK_ROOT)    net (fo=103775, routed)      1.022     1.160    workout_classifier_i/axi_smc/inst/s00_entry_pipeline/s00_mmu/inst/xpm_cdc_async_rst_inst/dest_clk
    SLICE_X0Y167         FDCE                                         r  workout_classifier_i/axi_smc/inst/s00_entry_pipeline/s00_mmu/inst/xpm_cdc_async_rst_inst/arststages_ff_reg[1]/C

Slack:                    inf
  Source:                 workout_classifier_i/axi_smc/inst/clk_map/psr_aclk/U0/ACTIVE_LOW_BSR_OUT_DFF[0].FDRE_BSR_N/C
                            (rising edge-triggered cell FDRE clocked by clk_pl_0  {rise@0.000ns fall@5.156ns period=10.312ns})
  Destination:            workout_classifier_i/axi_smc/inst/s00_entry_pipeline/s00_mmu/inst/xpm_cdc_async_rst_inst/arststages_ff_reg[2]/CLR
                            (removal check against rising-edge clock clk_pl_0  {rise@0.000ns fall@5.156ns period=10.312ns})
  Path Group:             (none)
  Path Type:              Removal (Min at Fast Process Corner)
  Data Path Delay:        0.211ns  (logic 0.039ns (18.447%)  route 0.172ns (81.553%))
  Logic Levels:           0  
  Clock Path Skew:        0.138ns (DCD - SCD - CPR)
    Destination Clock Delay (DCD):    1.160ns
    Source Clock Delay      (SCD):    1.023ns
    Clock Pessimism Removal (CPR):    -0.000ns
  Clock Uncertainty:      0.159ns  ((TSJ^2 + DJ^2)^1/2) / 2 + PE
    Total System Jitter     (TSJ):    0.071ns
    Discrete Jitter          (DJ):    0.310ns
    Phase Error              (PE):    0.000ns
  Clock Net Delay (Source):      0.912ns (routing 0.324ns, distribution 0.588ns)
  Clock Net Delay (Destination): 1.022ns (routing 0.365ns, distribution 0.657ns)
  Timing Exception:       False Path

    Location             Delay type                Incr(ns)  Path(ns)    Netlist Resource(s)
  -------------------------------------------------------------------    -------------------
                         (clock clk_pl_0 rise edge)
                                                      0.000     0.000 r  
    PS8_X0Y0             PS8                          0.000     0.000 r  workout_classifier_i/zynq_ultra_ps_e_0/inst/PS8_i/PLCLK[0]
                         net (fo=1, routed)           0.094     0.094    workout_classifier_i/zynq_ultra_ps_e_0/inst/pl_clk_unbuffered[0]
    BUFG_PS_X0Y58        BUFG_PS (Prop_BUFG_PS_I_O)
                                                      0.017     0.111 r  workout_classifier_i/zynq_ultra_ps_e_0/inst/buffer_pl_clk_0.PL_CLK_0_BUFG/O
    X0Y1 (CLOCK_ROOT)    net (fo=103775, routed)      0.912     1.023    workout_classifier_i/axi_smc/inst/clk_map/psr_aclk/U0/aclk
    SLICE_X1Y175         FDRE                                         r  workout_classifier_i/axi_smc/inst/clk_map/psr_aclk/U0/ACTIVE_LOW_BSR_OUT_DFF[0].FDRE_BSR_N/C
  -------------------------------------------------------------------    -------------------
    SLICE_X1Y175         FDRE (Prop_HFF_SLICEM_C_Q)
                                                      0.039     1.062 r  workout_classifier_i/axi_smc/inst/clk_map/psr_aclk/U0/ACTIVE_LOW_BSR_OUT_DFF[0].FDRE_BSR_N/Q
                         net (fo=150, routed)         0.172     1.234    workout_classifier_i/axi_smc/inst/s00_entry_pipeline/s00_mmu/inst/xpm_cdc_async_rst_inst/src_arst
    SLICE_X0Y167         FDCE                                         f  workout_classifier_i/axi_smc/inst/s00_entry_pipeline/s00_mmu/inst/xpm_cdc_async_rst_inst/arststages_ff_reg[2]/CLR  (IS_INVERTED)
  -------------------------------------------------------------------    -------------------

                         (clock clk_pl_0 rise edge)
                                                      0.000     0.000 r  
    PS8_X0Y0             PS8                          0.000     0.000 r  workout_classifier_i/zynq_ultra_ps_e_0/inst/PS8_i/PLCLK[0]
                         net (fo=1, routed)           0.120     0.120    workout_classifier_i/zynq_ultra_ps_e_0/inst/pl_clk_unbuffered[0]
    BUFG_PS_X0Y58        BUFG_PS (Prop_BUFG_PS_I_O)
                                                      0.018     0.138 r  workout_classifier_i/zynq_ultra_ps_e_0/inst/buffer_pl_clk_0.PL_CLK_0_BUFG/O
    X0Y1 (CLOCK_ROOT)    net (fo=103775, routed)      1.022     1.160    workout_classifier_i/axi_smc/inst/s00_entry_pipeline/s00_mmu/inst/xpm_cdc_async_rst_inst/dest_clk
    SLICE_X0Y167         FDCE                                         r  workout_classifier_i/axi_smc/inst/s00_entry_pipeline/s00_mmu/inst/xpm_cdc_async_rst_inst/arststages_ff_reg[2]/C

Slack:                    inf
  Source:                 workout_classifier_i/axi_smc/inst/clk_map/psr_aclk/U0/ACTIVE_LOW_BSR_OUT_DFF[0].FDRE_BSR_N/C
                            (rising edge-triggered cell FDRE clocked by clk_pl_0  {rise@0.000ns fall@5.156ns period=10.312ns})
  Destination:            workout_classifier_i/axi_smc/inst/s00_entry_pipeline/s00_transaction_regulator/inst/xpm_cdc_async_rst_inst/arststages_ff_reg[0]/CLR
                            (removal check against rising-edge clock clk_pl_0  {rise@0.000ns fall@5.156ns period=10.312ns})
  Path Group:             (none)
  Path Type:              Removal (Min at Fast Process Corner)
  Data Path Delay:        0.249ns  (logic 0.039ns (15.683%)  route 0.210ns (84.317%))
  Logic Levels:           0  
  Clock Path Skew:        0.150ns (DCD - SCD - CPR)
    Destination Clock Delay (DCD):    1.173ns
    Source Clock Delay      (SCD):    1.023ns
    Clock Pessimism Removal (CPR):    -0.000ns
  Clock Uncertainty:      0.159ns  ((TSJ^2 + DJ^2)^1/2) / 2 + PE
    Total System Jitter     (TSJ):    0.071ns
    Discrete Jitter          (DJ):    0.310ns
    Phase Error              (PE):    0.000ns
  Clock Net Delay (Source):      0.912ns (routing 0.324ns, distribution 0.588ns)
  Clock Net Delay (Destination): 1.035ns (routing 0.365ns, distribution 0.670ns)
  Timing Exception:       False Path

    Location             Delay type                Incr(ns)  Path(ns)    Netlist Resource(s)
  -------------------------------------------------------------------    -------------------
                         (clock clk_pl_0 rise edge)
                                                      0.000     0.000 r  
    PS8_X0Y0             PS8                          0.000     0.000 r  workout_classifier_i/zynq_ultra_ps_e_0/inst/PS8_i/PLCLK[0]
                         net (fo=1, routed)           0.094     0.094    workout_classifier_i/zynq_ultra_ps_e_0/inst/pl_clk_unbuffered[0]
    BUFG_PS_X0Y58        BUFG_PS (Prop_BUFG_PS_I_O)
                                                      0.017     0.111 r  workout_classifier_i/zynq_ultra_ps_e_0/inst/buffer_pl_clk_0.PL_CLK_0_BUFG/O
    X0Y1 (CLOCK_ROOT)    net (fo=103775, routed)      0.912     1.023    workout_classifier_i/axi_smc/inst/clk_map/psr_aclk/U0/aclk
    SLICE_X1Y175         FDRE                                         r  workout_classifier_i/axi_smc/inst/clk_map/psr_aclk/U0/ACTIVE_LOW_BSR_OUT_DFF[0].FDRE_BSR_N/C
  -------------------------------------------------------------------    -------------------
    SLICE_X1Y175         FDRE (Prop_HFF_SLICEM_C_Q)
                                                      0.039     1.062 r  workout_classifier_i/axi_smc/inst/clk_map/psr_aclk/U0/ACTIVE_LOW_BSR_OUT_DFF[0].FDRE_BSR_N/Q
                         net (fo=150, routed)         0.210     1.271    workout_classifier_i/axi_smc/inst/s00_entry_pipeline/s00_transaction_regulator/inst/xpm_cdc_async_rst_inst/src_arst
    SLICE_X9Y176         FDCE                                         f  workout_classifier_i/axi_smc/inst/s00_entry_pipeline/s00_transaction_regulator/inst/xpm_cdc_async_rst_inst/arststages_ff_reg[0]/CLR  (IS_INVERTED)
  -------------------------------------------------------------------    -------------------

                         (clock clk_pl_0 rise edge)
                                                      0.000     0.000 r  
    PS8_X0Y0             PS8                          0.000     0.000 r  workout_classifier_i/zynq_ultra_ps_e_0/inst/PS8_i/PLCLK[0]
                         net (fo=1, routed)           0.120     0.120    workout_classifier_i/zynq_ultra_ps_e_0/inst/pl_clk_unbuffered[0]
    BUFG_PS_X0Y58        BUFG_PS (Prop_BUFG_PS_I_O)
                                                      0.018     0.138 r  workout_classifier_i/zynq_ultra_ps_e_0/inst/buffer_pl_clk_0.PL_CLK_0_BUFG/O
    X0Y1 (CLOCK_ROOT)    net (fo=103775, routed)      1.035     1.173    workout_classifier_i/axi_smc/inst/s00_entry_pipeline/s00_transaction_regulator/inst/xpm_cdc_async_rst_inst/dest_clk
    SLICE_X9Y176         FDCE                                         r  workout_classifier_i/axi_smc/inst/s00_entry_pipeline/s00_transaction_regulator/inst/xpm_cdc_async_rst_inst/arststages_ff_reg[0]/C

Slack:                    inf
  Source:                 workout_classifier_i/axi_smc/inst/clk_map/psr_aclk/U0/ACTIVE_LOW_BSR_OUT_DFF[0].FDRE_BSR_N/C
                            (rising edge-triggered cell FDRE clocked by clk_pl_0  {rise@0.000ns fall@5.156ns period=10.312ns})
  Destination:            workout_classifier_i/axi_smc/inst/s00_entry_pipeline/s00_transaction_regulator/inst/xpm_cdc_async_rst_inst/arststages_ff_reg[1]/CLR
                            (removal check against rising-edge clock clk_pl_0  {rise@0.000ns fall@5.156ns period=10.312ns})
  Path Group:             (none)
  Path Type:              Removal (Min at Fast Process Corner)
  Data Path Delay:        0.249ns  (logic 0.039ns (15.683%)  route 0.210ns (84.317%))
  Logic Levels:           0  
  Clock Path Skew:        0.150ns (DCD - SCD - CPR)
    Destination Clock Delay (DCD):    1.173ns
    Source Clock Delay      (SCD):    1.023ns
    Clock Pessimism Removal (CPR):    -0.000ns
  Clock Uncertainty:      0.159ns  ((TSJ^2 + DJ^2)^1/2) / 2 + PE
    Total System Jitter     (TSJ):    0.071ns
    Discrete Jitter          (DJ):    0.310ns
    Phase Error              (PE):    0.000ns
  Clock Net Delay (Source):      0.912ns (routing 0.324ns, distribution 0.588ns)
  Clock Net Delay (Destination): 1.035ns (routing 0.365ns, distribution 0.670ns)
  Timing Exception:       False Path

    Location             Delay type                Incr(ns)  Path(ns)    Netlist Resource(s)
  -------------------------------------------------------------------    -------------------
                         (clock clk_pl_0 rise edge)
                                                      0.000     0.000 r  
    PS8_X0Y0             PS8                          0.000     0.000 r  workout_classifier_i/zynq_ultra_ps_e_0/inst/PS8_i/PLCLK[0]
                         net (fo=1, routed)           0.094     0.094    workout_classifier_i/zynq_ultra_ps_e_0/inst/pl_clk_unbuffered[0]
    BUFG_PS_X0Y58        BUFG_PS (Prop_BUFG_PS_I_O)
                                                      0.017     0.111 r  workout_classifier_i/zynq_ultra_ps_e_0/inst/buffer_pl_clk_0.PL_CLK_0_BUFG/O
    X0Y1 (CLOCK_ROOT)    net (fo=103775, routed)      0.912     1.023    workout_classifier_i/axi_smc/inst/clk_map/psr_aclk/U0/aclk
    SLICE_X1Y175         FDRE                                         r  workout_classifier_i/axi_smc/inst/clk_map/psr_aclk/U0/ACTIVE_LOW_BSR_OUT_DFF[0].FDRE_BSR_N/C
  -------------------------------------------------------------------    -------------------
    SLICE_X1Y175         FDRE (Prop_HFF_SLICEM_C_Q)
                                                      0.039     1.062 r  workout_classifier_i/axi_smc/inst/clk_map/psr_aclk/U0/ACTIVE_LOW_BSR_OUT_DFF[0].FDRE_BSR_N/Q
                         net (fo=150, routed)         0.210     1.271    workout_classifier_i/axi_smc/inst/s00_entry_pipeline/s00_transaction_regulator/inst/xpm_cdc_async_rst_inst/src_arst
    SLICE_X9Y176         FDCE                                         f  workout_classifier_i/axi_smc/inst/s00_entry_pipeline/s00_transaction_regulator/inst/xpm_cdc_async_rst_inst/arststages_ff_reg[1]/CLR  (IS_INVERTED)
  -------------------------------------------------------------------    -------------------

                         (clock clk_pl_0 rise edge)
                                                      0.000     0.000 r  
    PS8_X0Y0             PS8                          0.000     0.000 r  workout_classifier_i/zynq_ultra_ps_e_0/inst/PS8_i/PLCLK[0]
                         net (fo=1, routed)           0.120     0.120    workout_classifier_i/zynq_ultra_ps_e_0/inst/pl_clk_unbuffered[0]
    BUFG_PS_X0Y58        BUFG_PS (Prop_BUFG_PS_I_O)
                                                      0.018     0.138 r  workout_classifier_i/zynq_ultra_ps_e_0/inst/buffer_pl_clk_0.PL_CLK_0_BUFG/O
    X0Y1 (CLOCK_ROOT)    net (fo=103775, routed)      1.035     1.173    workout_classifier_i/axi_smc/inst/s00_entry_pipeline/s00_transaction_regulator/inst/xpm_cdc_async_rst_inst/dest_clk
    SLICE_X9Y176         FDCE                                         r  workout_classifier_i/axi_smc/inst/s00_entry_pipeline/s00_transaction_regulator/inst/xpm_cdc_async_rst_inst/arststages_ff_reg[1]/C

Slack:                    inf
  Source:                 workout_classifier_i/axi_smc/inst/clk_map/psr_aclk/U0/ACTIVE_LOW_BSR_OUT_DFF[0].FDRE_BSR_N/C
                            (rising edge-triggered cell FDRE clocked by clk_pl_0  {rise@0.000ns fall@5.156ns period=10.312ns})
  Destination:            workout_classifier_i/axi_smc/inst/s00_entry_pipeline/s00_transaction_regulator/inst/xpm_cdc_async_rst_inst/arststages_ff_reg[2]/CLR
                            (removal check against rising-edge clock clk_pl_0  {rise@0.000ns fall@5.156ns period=10.312ns})
  Path Group:             (none)
  Path Type:              Removal (Min at Fast Process Corner)
  Data Path Delay:        0.249ns  (logic 0.039ns (15.683%)  route 0.210ns (84.317%))
  Logic Levels:           0  
  Clock Path Skew:        0.150ns (DCD - SCD - CPR)
    Destination Clock Delay (DCD):    1.173ns
    Source Clock Delay      (SCD):    1.023ns
    Clock Pessimism Removal (CPR):    -0.000ns
  Clock Uncertainty:      0.159ns  ((TSJ^2 + DJ^2)^1/2) / 2 + PE
    Total System Jitter     (TSJ):    0.071ns
    Discrete Jitter          (DJ):    0.310ns
    Phase Error              (PE):    0.000ns
  Clock Net Delay (Source):      0.912ns (routing 0.324ns, distribution 0.588ns)
  Clock Net Delay (Destination): 1.035ns (routing 0.365ns, distribution 0.670ns)
  Timing Exception:       False Path

    Location             Delay type                Incr(ns)  Path(ns)    Netlist Resource(s)
  -------------------------------------------------------------------    -------------------
                         (clock clk_pl_0 rise edge)
                                                      0.000     0.000 r  
    PS8_X0Y0             PS8                          0.000     0.000 r  workout_classifier_i/zynq_ultra_ps_e_0/inst/PS8_i/PLCLK[0]
                         net (fo=1, routed)           0.094     0.094    workout_classifier_i/zynq_ultra_ps_e_0/inst/pl_clk_unbuffered[0]
    BUFG_PS_X0Y58        BUFG_PS (Prop_BUFG_PS_I_O)
                                                      0.017     0.111 r  workout_classifier_i/zynq_ultra_ps_e_0/inst/buffer_pl_clk_0.PL_CLK_0_BUFG/O
    X0Y1 (CLOCK_ROOT)    net (fo=103775, routed)      0.912     1.023    workout_classifier_i/axi_smc/inst/clk_map/psr_aclk/U0/aclk
    SLICE_X1Y175         FDRE                                         r  workout_classifier_i/axi_smc/inst/clk_map/psr_aclk/U0/ACTIVE_LOW_BSR_OUT_DFF[0].FDRE_BSR_N/C
  -------------------------------------------------------------------    -------------------
    SLICE_X1Y175         FDRE (Prop_HFF_SLICEM_C_Q)
                                                      0.039     1.062 r  workout_classifier_i/axi_smc/inst/clk_map/psr_aclk/U0/ACTIVE_LOW_BSR_OUT_DFF[0].FDRE_BSR_N/Q
                         net (fo=150, routed)         0.210     1.271    workout_classifier_i/axi_smc/inst/s00_entry_pipeline/s00_transaction_regulator/inst/xpm_cdc_async_rst_inst/src_arst
    SLICE_X9Y176         FDCE                                         f  workout_classifier_i/axi_smc/inst/s00_entry_pipeline/s00_transaction_regulator/inst/xpm_cdc_async_rst_inst/arststages_ff_reg[2]/CLR  (IS_INVERTED)
  -------------------------------------------------------------------    -------------------

                         (clock clk_pl_0 rise edge)
                                                      0.000     0.000 r  
    PS8_X0Y0             PS8                          0.000     0.000 r  workout_classifier_i/zynq_ultra_ps_e_0/inst/PS8_i/PLCLK[0]
                         net (fo=1, routed)           0.120     0.120    workout_classifier_i/zynq_ultra_ps_e_0/inst/pl_clk_unbuffered[0]
    BUFG_PS_X0Y58        BUFG_PS (Prop_BUFG_PS_I_O)
                                                      0.018     0.138 r  workout_classifier_i/zynq_ultra_ps_e_0/inst/buffer_pl_clk_0.PL_CLK_0_BUFG/O
    X0Y1 (CLOCK_ROOT)    net (fo=103775, routed)      1.035     1.173    workout_classifier_i/axi_smc/inst/s00_entry_pipeline/s00_transaction_regulator/inst/xpm_cdc_async_rst_inst/dest_clk
    SLICE_X9Y176         FDCE                                         r  workout_classifier_i/axi_smc/inst/s00_entry_pipeline/s00_transaction_regulator/inst/xpm_cdc_async_rst_inst/arststages_ff_reg[2]/C

Slack:                    inf
  Source:                 workout_classifier_i/axi_smc/inst/clk_map/psr_aclk/U0/ACTIVE_LOW_BSR_OUT_DFF[0].FDRE_BSR_N/C
                            (rising edge-triggered cell FDRE clocked by clk_pl_0  {rise@0.000ns fall@5.156ns period=10.312ns})
  Destination:            workout_classifier_i/axi_smc/inst/m02_nodes/m02_aw_node/inst/s_sc_xpm_cdc_async_rst_inst/arststages_ff_reg[0]/CLR
                            (removal check against rising-edge clock clk_pl_0  {rise@0.000ns fall@5.156ns period=10.312ns})
  Path Group:             (none)
  Path Type:              Removal (Min at Fast Process Corner)
  Data Path Delay:        0.331ns  (logic 0.039ns (11.795%)  route 0.292ns (88.205%))
  Logic Levels:           0  
  Clock Path Skew:        0.136ns (DCD - SCD - CPR)
    Destination Clock Delay (DCD):    1.159ns
    Source Clock Delay      (SCD):    1.023ns
    Clock Pessimism Removal (CPR):    -0.000ns
  Clock Uncertainty:      0.159ns  ((TSJ^2 + DJ^2)^1/2) / 2 + PE
    Total System Jitter     (TSJ):    0.071ns
    Discrete Jitter          (DJ):    0.310ns
    Phase Error              (PE):    0.000ns
  Clock Net Delay (Source):      0.912ns (routing 0.324ns, distribution 0.588ns)
  Clock Net Delay (Destination): 1.021ns (routing 0.365ns, distribution 0.656ns)
  Timing Exception:       False Path

    Location             Delay type                Incr(ns)  Path(ns)    Netlist Resource(s)
  -------------------------------------------------------------------    -------------------
                         (clock clk_pl_0 rise edge)
                                                      0.000     0.000 r  
    PS8_X0Y0             PS8                          0.000     0.000 r  workout_classifier_i/zynq_ultra_ps_e_0/inst/PS8_i/PLCLK[0]
                         net (fo=1, routed)           0.094     0.094    workout_classifier_i/zynq_ultra_ps_e_0/inst/pl_clk_unbuffered[0]
    BUFG_PS_X0Y58        BUFG_PS (Prop_BUFG_PS_I_O)
                                                      0.017     0.111 r  workout_classifier_i/zynq_ultra_ps_e_0/inst/buffer_pl_clk_0.PL_CLK_0_BUFG/O
    X0Y1 (CLOCK_ROOT)    net (fo=103775, routed)      0.912     1.023    workout_classifier_i/axi_smc/inst/clk_map/psr_aclk/U0/aclk
    SLICE_X1Y175         FDRE                                         r  workout_classifier_i/axi_smc/inst/clk_map/psr_aclk/U0/ACTIVE_LOW_BSR_OUT_DFF[0].FDRE_BSR_N/C
  -------------------------------------------------------------------    -------------------
    SLICE_X1Y175         FDRE (Prop_HFF_SLICEM_C_Q)
                                                      0.039     1.062 r  workout_classifier_i/axi_smc/inst/clk_map/psr_aclk/U0/ACTIVE_LOW_BSR_OUT_DFF[0].FDRE_BSR_N/Q
                         net (fo=150, routed)         0.292     1.353    workout_classifier_i/axi_smc/inst/m02_nodes/m02_aw_node/inst/s_sc_xpm_cdc_async_rst_inst/src_arst
    SLICE_X10Y155        FDCE                                         f  workout_classifier_i/axi_smc/inst/m02_nodes/m02_aw_node/inst/s_sc_xpm_cdc_async_rst_inst/arststages_ff_reg[0]/CLR  (IS_INVERTED)
  -------------------------------------------------------------------    -------------------

                         (clock clk_pl_0 rise edge)
                                                      0.000     0.000 r  
    PS8_X0Y0             PS8                          0.000     0.000 r  workout_classifier_i/zynq_ultra_ps_e_0/inst/PS8_i/PLCLK[0]
                         net (fo=1, routed)           0.120     0.120    workout_classifier_i/zynq_ultra_ps_e_0/inst/pl_clk_unbuffered[0]
    BUFG_PS_X0Y58        BUFG_PS (Prop_BUFG_PS_I_O)
                                                      0.018     0.138 r  workout_classifier_i/zynq_ultra_ps_e_0/inst/buffer_pl_clk_0.PL_CLK_0_BUFG/O
    X0Y1 (CLOCK_ROOT)    net (fo=103775, routed)      1.021     1.159    workout_classifier_i/axi_smc/inst/m02_nodes/m02_aw_node/inst/s_sc_xpm_cdc_async_rst_inst/dest_clk
    SLICE_X10Y155        FDCE                                         r  workout_classifier_i/axi_smc/inst/m02_nodes/m02_aw_node/inst/s_sc_xpm_cdc_async_rst_inst/arststages_ff_reg[0]/C

Slack:                    inf
  Source:                 workout_classifier_i/axi_smc/inst/clk_map/psr_aclk/U0/ACTIVE_LOW_BSR_OUT_DFF[0].FDRE_BSR_N/C
                            (rising edge-triggered cell FDRE clocked by clk_pl_0  {rise@0.000ns fall@5.156ns period=10.312ns})
  Destination:            workout_classifier_i/axi_smc/inst/m02_nodes/m02_aw_node/inst/s_sc_xpm_cdc_async_rst_inst/arststages_ff_reg[1]/CLR
                            (removal check against rising-edge clock clk_pl_0  {rise@0.000ns fall@5.156ns period=10.312ns})
  Path Group:             (none)
  Path Type:              Removal (Min at Fast Process Corner)
  Data Path Delay:        0.331ns  (logic 0.039ns (11.795%)  route 0.292ns (88.205%))
  Logic Levels:           0  
  Clock Path Skew:        0.136ns (DCD - SCD - CPR)
    Destination Clock Delay (DCD):    1.159ns
    Source Clock Delay      (SCD):    1.023ns
    Clock Pessimism Removal (CPR):    -0.000ns
  Clock Uncertainty:      0.159ns  ((TSJ^2 + DJ^2)^1/2) / 2 + PE
    Total System Jitter     (TSJ):    0.071ns
    Discrete Jitter          (DJ):    0.310ns
    Phase Error              (PE):    0.000ns
  Clock Net Delay (Source):      0.912ns (routing 0.324ns, distribution 0.588ns)
  Clock Net Delay (Destination): 1.021ns (routing 0.365ns, distribution 0.656ns)
  Timing Exception:       False Path

    Location             Delay type                Incr(ns)  Path(ns)    Netlist Resource(s)
  -------------------------------------------------------------------    -------------------
                         (clock clk_pl_0 rise edge)
                                                      0.000     0.000 r  
    PS8_X0Y0             PS8                          0.000     0.000 r  workout_classifier_i/zynq_ultra_ps_e_0/inst/PS8_i/PLCLK[0]
                         net (fo=1, routed)           0.094     0.094    workout_classifier_i/zynq_ultra_ps_e_0/inst/pl_clk_unbuffered[0]
    BUFG_PS_X0Y58        BUFG_PS (Prop_BUFG_PS_I_O)
                                                      0.017     0.111 r  workout_classifier_i/zynq_ultra_ps_e_0/inst/buffer_pl_clk_0.PL_CLK_0_BUFG/O
    X0Y1 (CLOCK_ROOT)    net (fo=103775, routed)      0.912     1.023    workout_classifier_i/axi_smc/inst/clk_map/psr_aclk/U0/aclk
    SLICE_X1Y175         FDRE                                         r  workout_classifier_i/axi_smc/inst/clk_map/psr_aclk/U0/ACTIVE_LOW_BSR_OUT_DFF[0].FDRE_BSR_N/C
  -------------------------------------------------------------------    -------------------
    SLICE_X1Y175         FDRE (Prop_HFF_SLICEM_C_Q)
                                                      0.039     1.062 r  workout_classifier_i/axi_smc/inst/clk_map/psr_aclk/U0/ACTIVE_LOW_BSR_OUT_DFF[0].FDRE_BSR_N/Q
                         net (fo=150, routed)         0.292     1.353    workout_classifier_i/axi_smc/inst/m02_nodes/m02_aw_node/inst/s_sc_xpm_cdc_async_rst_inst/src_arst
    SLICE_X10Y155        FDCE                                         f  workout_classifier_i/axi_smc/inst/m02_nodes/m02_aw_node/inst/s_sc_xpm_cdc_async_rst_inst/arststages_ff_reg[1]/CLR  (IS_INVERTED)
  -------------------------------------------------------------------    -------------------

                         (clock clk_pl_0 rise edge)
                                                      0.000     0.000 r  
    PS8_X0Y0             PS8                          0.000     0.000 r  workout_classifier_i/zynq_ultra_ps_e_0/inst/PS8_i/PLCLK[0]
                         net (fo=1, routed)           0.120     0.120    workout_classifier_i/zynq_ultra_ps_e_0/inst/pl_clk_unbuffered[0]
    BUFG_PS_X0Y58        BUFG_PS (Prop_BUFG_PS_I_O)
                                                      0.018     0.138 r  workout_classifier_i/zynq_ultra_ps_e_0/inst/buffer_pl_clk_0.PL_CLK_0_BUFG/O
    X0Y1 (CLOCK_ROOT)    net (fo=103775, routed)      1.021     1.159    workout_classifier_i/axi_smc/inst/m02_nodes/m02_aw_node/inst/s_sc_xpm_cdc_async_rst_inst/dest_clk
    SLICE_X10Y155        FDCE                                         r  workout_classifier_i/axi_smc/inst/m02_nodes/m02_aw_node/inst/s_sc_xpm_cdc_async_rst_inst/arststages_ff_reg[1]/C

Slack:                    inf
  Source:                 workout_classifier_i/axi_smc/inst/clk_map/psr_aclk/U0/ACTIVE_LOW_BSR_OUT_DFF[0].FDRE_BSR_N/C
                            (rising edge-triggered cell FDRE clocked by clk_pl_0  {rise@0.000ns fall@5.156ns period=10.312ns})
  Destination:            workout_classifier_i/axi_smc/inst/m02_nodes/m02_aw_node/inst/s_sc_xpm_cdc_async_rst_inst/arststages_ff_reg[2]/CLR
                            (removal check against rising-edge clock clk_pl_0  {rise@0.000ns fall@5.156ns period=10.312ns})
  Path Group:             (none)
  Path Type:              Removal (Min at Fast Process Corner)
  Data Path Delay:        0.331ns  (logic 0.039ns (11.795%)  route 0.292ns (88.205%))
  Logic Levels:           0  
  Clock Path Skew:        0.136ns (DCD - SCD - CPR)
    Destination Clock Delay (DCD):    1.159ns
    Source Clock Delay      (SCD):    1.023ns
    Clock Pessimism Removal (CPR):    -0.000ns
  Clock Uncertainty:      0.159ns  ((TSJ^2 + DJ^2)^1/2) / 2 + PE
    Total System Jitter     (TSJ):    0.071ns
    Discrete Jitter          (DJ):    0.310ns
    Phase Error              (PE):    0.000ns
  Clock Net Delay (Source):      0.912ns (routing 0.324ns, distribution 0.588ns)
  Clock Net Delay (Destination): 1.021ns (routing 0.365ns, distribution 0.656ns)
  Timing Exception:       False Path

    Location             Delay type                Incr(ns)  Path(ns)    Netlist Resource(s)
  -------------------------------------------------------------------    -------------------
                         (clock clk_pl_0 rise edge)
                                                      0.000     0.000 r  
    PS8_X0Y0             PS8                          0.000     0.000 r  workout_classifier_i/zynq_ultra_ps_e_0/inst/PS8_i/PLCLK[0]
                         net (fo=1, routed)           0.094     0.094    workout_classifier_i/zynq_ultra_ps_e_0/inst/pl_clk_unbuffered[0]
    BUFG_PS_X0Y58        BUFG_PS (Prop_BUFG_PS_I_O)
                                                      0.017     0.111 r  workout_classifier_i/zynq_ultra_ps_e_0/inst/buffer_pl_clk_0.PL_CLK_0_BUFG/O
    X0Y1 (CLOCK_ROOT)    net (fo=103775, routed)      0.912     1.023    workout_classifier_i/axi_smc/inst/clk_map/psr_aclk/U0/aclk
    SLICE_X1Y175         FDRE                                         r  workout_classifier_i/axi_smc/inst/clk_map/psr_aclk/U0/ACTIVE_LOW_BSR_OUT_DFF[0].FDRE_BSR_N/C
  -------------------------------------------------------------------    -------------------
    SLICE_X1Y175         FDRE (Prop_HFF_SLICEM_C_Q)
                                                      0.039     1.062 r  workout_classifier_i/axi_smc/inst/clk_map/psr_aclk/U0/ACTIVE_LOW_BSR_OUT_DFF[0].FDRE_BSR_N/Q
                         net (fo=150, routed)         0.292     1.353    workout_classifier_i/axi_smc/inst/m02_nodes/m02_aw_node/inst/s_sc_xpm_cdc_async_rst_inst/src_arst
    SLICE_X10Y155        FDCE                                         f  workout_classifier_i/axi_smc/inst/m02_nodes/m02_aw_node/inst/s_sc_xpm_cdc_async_rst_inst/arststages_ff_reg[2]/CLR  (IS_INVERTED)
  -------------------------------------------------------------------    -------------------

                         (clock clk_pl_0 rise edge)
                                                      0.000     0.000 r  
    PS8_X0Y0             PS8                          0.000     0.000 r  workout_classifier_i/zynq_ultra_ps_e_0/inst/PS8_i/PLCLK[0]
                         net (fo=1, routed)           0.120     0.120    workout_classifier_i/zynq_ultra_ps_e_0/inst/pl_clk_unbuffered[0]
    BUFG_PS_X0Y58        BUFG_PS (Prop_BUFG_PS_I_O)
                                                      0.018     0.138 r  workout_classifier_i/zynq_ultra_ps_e_0/inst/buffer_pl_clk_0.PL_CLK_0_BUFG/O
    X0Y1 (CLOCK_ROOT)    net (fo=103775, routed)      1.021     1.159    workout_classifier_i/axi_smc/inst/m02_nodes/m02_aw_node/inst/s_sc_xpm_cdc_async_rst_inst/dest_clk
    SLICE_X10Y155        FDCE                                         r  workout_classifier_i/axi_smc/inst/m02_nodes/m02_aw_node/inst/s_sc_xpm_cdc_async_rst_inst/arststages_ff_reg[2]/C





--------------------------------------------------------------------------------------
Path Group:  (none)
From Clock:  
  To Clock:  

Max Delay            16 Endpoints
Min Delay            16 Endpoints
--------------------------------------------------------------------------------------


Max Delay Paths
--------------------------------------------------------------------------------------
Slack:                    inf
  Source:                 workout_classifier_i/mlp_controller_0/inst/mlp_controller_slave_lite_v1_0_S00_AXI_inst/mlp_inst/current_layer2_weights_reg[124][3]/G
                            (positive level-sensitive latch)
  Destination:            workout_classifier_i/mlp_controller_0/inst/mlp_controller_slave_lite_v1_0_S00_AXI_inst/mlp_inst/weight_reg[3]/D
  Path Group:             (none)
  Path Type:              Max at Slow Process Corner
  Data Path Delay:        2.897ns  (logic 0.512ns (17.673%)  route 2.385ns (82.327%))
  Logic Levels:           7  (LDCE=1 LUT5=1 LUT6=2 MUXF7=2 MUXF8=1)

    Location             Delay type                Incr(ns)  Path(ns)    Netlist Resource(s)
  -------------------------------------------------------------------    -------------------
    SLICE_X34Y3          LDCE                         0.000     0.000 r  workout_classifier_i/mlp_controller_0/inst/mlp_controller_slave_lite_v1_0_S00_AXI_inst/mlp_inst/current_layer2_weights_reg[124][3]/G
    SLICE_X34Y3          LDCE (EnToQ_FFF2_SLICEM_G_Q)
                                                      0.123     0.123 r  workout_classifier_i/mlp_controller_0/inst/mlp_controller_slave_lite_v1_0_S00_AXI_inst/mlp_inst/current_layer2_weights_reg[124][3]/Q
                         net (fo=1, routed)           1.177     1.300    workout_classifier_i/mlp_controller_0/inst/mlp_controller_slave_lite_v1_0_S00_AXI_inst/mlp_inst/current_layer2_weights_reg_n_0_[124][3]
    SLICE_X33Y2          LUT6 (Prop_E6LUT_SLICEL_I5_O)
                                                      0.051     1.351 r  workout_classifier_i/mlp_controller_0/inst/mlp_controller_slave_lite_v1_0_S00_AXI_inst/mlp_inst/weight_reg[3]_i_76/O
                         net (fo=1, routed)           0.007     1.358    workout_classifier_i/mlp_controller_0/inst/mlp_controller_slave_lite_v1_0_S00_AXI_inst/mlp_inst/weight_reg[3]_i_76_n_0
    SLICE_X33Y2          MUXF7 (Prop_F7MUX_EF_SLICEL_I1_O)
                                                      0.056     1.414 r  workout_classifier_i/mlp_controller_0/inst/mlp_controller_slave_lite_v1_0_S00_AXI_inst/mlp_inst/weight_reg[3]_i_42/O
                         net (fo=1, routed)           0.000     1.414    workout_classifier_i/mlp_controller_0/inst/mlp_controller_slave_lite_v1_0_S00_AXI_inst/mlp_inst/weight_reg[3]_i_42_n_0
    SLICE_X33Y2          MUXF8 (Prop_F8MUX_TOP_SLICEL_I1_O)
                                                      0.026     1.440 r  workout_classifier_i/mlp_controller_0/inst/mlp_controller_slave_lite_v1_0_S00_AXI_inst/mlp_inst/weight_reg[3]_i_17/O
                         net (fo=1, routed)           0.619     2.059    workout_classifier_i/mlp_controller_0/inst/mlp_controller_slave_lite_v1_0_S00_AXI_inst/mlp_inst/weight_reg[3]_i_17_n_0
    SLICE_X39Y5          LUT6 (Prop_H6LUT_SLICEM_I0_O)
                                                      0.101     2.160 r  workout_classifier_i/mlp_controller_0/inst/mlp_controller_slave_lite_v1_0_S00_AXI_inst/mlp_inst/weight_reg[3]_i_7/O
                         net (fo=1, routed)           0.540     2.700    workout_classifier_i/mlp_controller_0/inst/mlp_controller_slave_lite_v1_0_S00_AXI_inst/mlp_inst/weight_reg[3]_i_7_n_0
    SLICE_X43Y34         LUT5 (Prop_A6LUT_SLICEM_I2_O)
                                                      0.090     2.790 r  workout_classifier_i/mlp_controller_0/inst/mlp_controller_slave_lite_v1_0_S00_AXI_inst/mlp_inst/weight_reg[3]_i_3/O
                         net (fo=1, routed)           0.011     2.801    workout_classifier_i/mlp_controller_0/inst/mlp_controller_slave_lite_v1_0_S00_AXI_inst/mlp_inst/weight_reg[3]_i_3_n_0
    SLICE_X43Y34         MUXF7 (Prop_F7MUX_AB_SLICEM_I1_O)
                                                      0.065     2.866 r  workout_classifier_i/mlp_controller_0/inst/mlp_controller_slave_lite_v1_0_S00_AXI_inst/mlp_inst/weight_reg[3]_i_1/O
                         net (fo=1, routed)           0.031     2.897    workout_classifier_i/mlp_controller_0/inst/mlp_controller_slave_lite_v1_0_S00_AXI_inst/mlp_inst/weight__0[3]
    SLICE_X43Y34         LDCE                                         r  workout_classifier_i/mlp_controller_0/inst/mlp_controller_slave_lite_v1_0_S00_AXI_inst/mlp_inst/weight_reg[3]/D
  -------------------------------------------------------------------    -------------------

Slack:                    inf
  Source:                 workout_classifier_i/mlp_controller_0/inst/mlp_controller_slave_lite_v1_0_S00_AXI_inst/mlp_inst/current_layer2_weights_reg[24][1]/G
                            (positive level-sensitive latch)
  Destination:            workout_classifier_i/mlp_controller_0/inst/mlp_controller_slave_lite_v1_0_S00_AXI_inst/mlp_inst/weight_reg[1]/D
  Path Group:             (none)
  Path Type:              Max at Slow Process Corner
  Data Path Delay:        2.831ns  (logic 0.574ns (20.276%)  route 2.257ns (79.724%))
  Logic Levels:           7  (LDCE=1 LUT5=1 LUT6=2 MUXF7=2 MUXF8=1)

    Location             Delay type                Incr(ns)  Path(ns)    Netlist Resource(s)
  -------------------------------------------------------------------    -------------------
    SLICE_X34Y9          LDCE                         0.000     0.000 r  workout_classifier_i/mlp_controller_0/inst/mlp_controller_slave_lite_v1_0_S00_AXI_inst/mlp_inst/current_layer2_weights_reg[24][1]/G
    SLICE_X34Y9          LDCE (EnToQ_AFF2_SLICEM_G_Q)
                                                      0.123     0.123 r  workout_classifier_i/mlp_controller_0/inst/mlp_controller_slave_lite_v1_0_S00_AXI_inst/mlp_inst/current_layer2_weights_reg[24][1]/Q
                         net (fo=1, routed)           1.019     1.142    workout_classifier_i/mlp_controller_0/inst/mlp_controller_slave_lite_v1_0_S00_AXI_inst/mlp_inst/current_layer2_weights_reg_n_0_[24][1]
    SLICE_X33Y6          LUT6 (Prop_B6LUT_SLICEL_I5_O)
                                                      0.124     1.266 r  workout_classifier_i/mlp_controller_0/inst/mlp_controller_slave_lite_v1_0_S00_AXI_inst/mlp_inst/weight_reg[1]_i_99/O
                         net (fo=1, routed)           0.009     1.275    workout_classifier_i/mlp_controller_0/inst/mlp_controller_slave_lite_v1_0_S00_AXI_inst/mlp_inst/weight_reg[1]_i_99_n_0
    SLICE_X33Y6          MUXF7 (Prop_F7MUX_AB_SLICEL_I0_O)
                                                      0.056     1.331 r  workout_classifier_i/mlp_controller_0/inst/mlp_controller_slave_lite_v1_0_S00_AXI_inst/mlp_inst/weight_reg[1]_i_54/O
                         net (fo=1, routed)           0.000     1.331    workout_classifier_i/mlp_controller_0/inst/mlp_controller_slave_lite_v1_0_S00_AXI_inst/mlp_inst/weight_reg[1]_i_54_n_0
    SLICE_X33Y6          MUXF8 (Prop_F8MUX_BOT_SLICEL_I1_O)
                                                      0.026     1.357 r  workout_classifier_i/mlp_controller_0/inst/mlp_controller_slave_lite_v1_0_S00_AXI_inst/mlp_inst/weight_reg[1]_i_23/O
                         net (fo=1, routed)           0.437     1.794    workout_classifier_i/mlp_controller_0/inst/mlp_controller_slave_lite_v1_0_S00_AXI_inst/mlp_inst/weight_reg[1]_i_23_n_0
    SLICE_X43Y5          LUT6 (Prop_F6LUT_SLICEM_I3_O)
                                                      0.088     1.882 r  workout_classifier_i/mlp_controller_0/inst/mlp_controller_slave_lite_v1_0_S00_AXI_inst/mlp_inst/weight_reg[1]_i_8/O
                         net (fo=1, routed)           0.743     2.625    workout_classifier_i/mlp_controller_0/inst/mlp_controller_slave_lite_v1_0_S00_AXI_inst/mlp_inst/weight_reg[1]_i_8_n_0
    SLICE_X43Y30         LUT5 (Prop_G6LUT_SLICEM_I4_O)
                                                      0.090     2.715 r  workout_classifier_i/mlp_controller_0/inst/mlp_controller_slave_lite_v1_0_S00_AXI_inst/mlp_inst/weight_reg[1]_i_3/O
                         net (fo=1, routed)           0.017     2.732    workout_classifier_i/mlp_controller_0/inst/mlp_controller_slave_lite_v1_0_S00_AXI_inst/mlp_inst/weight_reg[1]_i_3_n_0
    SLICE_X43Y30         MUXF7 (Prop_F7MUX_GH_SLICEM_I1_O)
                                                      0.067     2.799 r  workout_classifier_i/mlp_controller_0/inst/mlp_controller_slave_lite_v1_0_S00_AXI_inst/mlp_inst/weight_reg[1]_i_1/O
                         net (fo=1, routed)           0.032     2.831    workout_classifier_i/mlp_controller_0/inst/mlp_controller_slave_lite_v1_0_S00_AXI_inst/mlp_inst/weight__0[1]
    SLICE_X43Y30         LDCE                                         r  workout_classifier_i/mlp_controller_0/inst/mlp_controller_slave_lite_v1_0_S00_AXI_inst/mlp_inst/weight_reg[1]/D
  -------------------------------------------------------------------    -------------------

Slack:                    inf
  Source:                 workout_classifier_i/mlp_controller_0/inst/mlp_controller_slave_lite_v1_0_S00_AXI_inst/mlp_inst/current_layer2_weights_reg[105][6]/G
                            (positive level-sensitive latch)
  Destination:            workout_classifier_i/mlp_controller_0/inst/mlp_controller_slave_lite_v1_0_S00_AXI_inst/mlp_inst/weight_reg[6]/D
  Path Group:             (none)
  Path Type:              Max at Slow Process Corner
  Data Path Delay:        2.723ns  (logic 0.615ns (22.585%)  route 2.108ns (77.415%))
  Logic Levels:           7  (LDCE=1 LUT5=1 LUT6=2 MUXF7=2 MUXF8=1)

    Location             Delay type                Incr(ns)  Path(ns)    Netlist Resource(s)
  -------------------------------------------------------------------    -------------------
    SLICE_X33Y6          LDCE                         0.000     0.000 r  workout_classifier_i/mlp_controller_0/inst/mlp_controller_slave_lite_v1_0_S00_AXI_inst/mlp_inst/current_layer2_weights_reg[105][6]/G
    SLICE_X33Y6          LDCE (EnToQ_DFF_SLICEL_G_Q)
                                                      0.122     0.122 r  workout_classifier_i/mlp_controller_0/inst/mlp_controller_slave_lite_v1_0_S00_AXI_inst/mlp_inst/current_layer2_weights_reg[105][6]/Q
                         net (fo=1, routed)           1.084     1.206    workout_classifier_i/mlp_controller_0/inst/mlp_controller_slave_lite_v1_0_S00_AXI_inst/mlp_inst/current_layer2_weights_reg_n_0_[105][6]
    SLICE_X34Y7          LUT6 (Prop_F6LUT_SLICEM_I3_O)
                                                      0.088     1.294 r  workout_classifier_i/mlp_controller_0/inst/mlp_controller_slave_lite_v1_0_S00_AXI_inst/mlp_inst/weight_reg[6]_i_79/O
                         net (fo=1, routed)           0.023     1.317    workout_classifier_i/mlp_controller_0/inst/mlp_controller_slave_lite_v1_0_S00_AXI_inst/mlp_inst/weight_reg[6]_i_79_n_0
    SLICE_X34Y7          MUXF7 (Prop_F7MUX_EF_SLICEM_I0_O)
                                                      0.061     1.378 r  workout_classifier_i/mlp_controller_0/inst/mlp_controller_slave_lite_v1_0_S00_AXI_inst/mlp_inst/weight_reg[6]_i_44/O
                         net (fo=1, routed)           0.000     1.378    workout_classifier_i/mlp_controller_0/inst/mlp_controller_slave_lite_v1_0_S00_AXI_inst/mlp_inst/weight_reg[6]_i_44_n_0
    SLICE_X34Y7          MUXF8 (Prop_F8MUX_TOP_SLICEM_I1_O)
                                                      0.028     1.406 r  workout_classifier_i/mlp_controller_0/inst/mlp_controller_slave_lite_v1_0_S00_AXI_inst/mlp_inst/weight_reg[6]_i_18/O
                         net (fo=1, routed)           0.526     1.932    workout_classifier_i/mlp_controller_0/inst/mlp_controller_slave_lite_v1_0_S00_AXI_inst/mlp_inst/weight_reg[6]_i_18_n_0
    SLICE_X39Y6          LUT6 (Prop_H6LUT_SLICEM_I1_O)
                                                      0.101     2.033 r  workout_classifier_i/mlp_controller_0/inst/mlp_controller_slave_lite_v1_0_S00_AXI_inst/mlp_inst/weight_reg[6]_i_7/O
                         net (fo=1, routed)           0.433     2.466    workout_classifier_i/mlp_controller_0/inst/mlp_controller_slave_lite_v1_0_S00_AXI_inst/mlp_inst/weight_reg[6]_i_7_n_0
    SLICE_X43Y32         LUT5 (Prop_A6LUT_SLICEM_I2_O)
                                                      0.150     2.616 r  workout_classifier_i/mlp_controller_0/inst/mlp_controller_slave_lite_v1_0_S00_AXI_inst/mlp_inst/weight_reg[6]_i_3/O
                         net (fo=1, routed)           0.011     2.627    workout_classifier_i/mlp_controller_0/inst/mlp_controller_slave_lite_v1_0_S00_AXI_inst/mlp_inst/weight_reg[6]_i_3_n_0
    SLICE_X43Y32         MUXF7 (Prop_F7MUX_AB_SLICEM_I1_O)
                                                      0.065     2.692 r  workout_classifier_i/mlp_controller_0/inst/mlp_controller_slave_lite_v1_0_S00_AXI_inst/mlp_inst/weight_reg[6]_i_1/O
                         net (fo=1, routed)           0.031     2.723    workout_classifier_i/mlp_controller_0/inst/mlp_controller_slave_lite_v1_0_S00_AXI_inst/mlp_inst/weight__0[6]
    SLICE_X43Y32         LDCE                                         r  workout_classifier_i/mlp_controller_0/inst/mlp_controller_slave_lite_v1_0_S00_AXI_inst/mlp_inst/weight_reg[6]/D
  -------------------------------------------------------------------    -------------------

Slack:                    inf
  Source:                 workout_classifier_i/mlp_controller_0/inst/mlp_controller_slave_lite_v1_0_S00_AXI_inst/mlp_inst/current_layer2_weights_reg[76][7]/G
                            (positive level-sensitive latch)
  Destination:            workout_classifier_i/mlp_controller_0/inst/mlp_controller_slave_lite_v1_0_S00_AXI_inst/mlp_inst/weight_reg[7]/D
  Path Group:             (none)
  Path Type:              Max at Slow Process Corner
  Data Path Delay:        2.461ns  (logic 0.631ns (25.640%)  route 1.830ns (74.360%))
  Logic Levels:           7  (LDCE=1 LUT5=1 LUT6=2 MUXF7=2 MUXF8=1)

    Location             Delay type                Incr(ns)  Path(ns)    Netlist Resource(s)
  -------------------------------------------------------------------    -------------------
    SLICE_X39Y9          LDCE                         0.000     0.000 r  workout_classifier_i/mlp_controller_0/inst/mlp_controller_slave_lite_v1_0_S00_AXI_inst/mlp_inst/current_layer2_weights_reg[76][7]/G
    SLICE_X39Y9          LDCE (EnToQ_FFF_SLICEM_G_Q)
                                                      0.120     0.120 r  workout_classifier_i/mlp_controller_0/inst/mlp_controller_slave_lite_v1_0_S00_AXI_inst/mlp_inst/current_layer2_weights_reg[76][7]/Q
                         net (fo=1, routed)           0.658     0.778    workout_classifier_i/mlp_controller_0/inst/mlp_controller_slave_lite_v1_0_S00_AXI_inst/mlp_inst/current_layer2_weights_reg_n_0_[76][7]
    SLICE_X38Y7          LUT6 (Prop_A6LUT_SLICEL_I5_O)
                                                      0.090     0.868 r  workout_classifier_i/mlp_controller_0/inst/mlp_controller_slave_lite_v1_0_S00_AXI_inst/mlp_inst/weight_reg[7]_i_90/O
                         net (fo=1, routed)           0.009     0.877    workout_classifier_i/mlp_controller_0/inst/mlp_controller_slave_lite_v1_0_S00_AXI_inst/mlp_inst/weight_reg[7]_i_90_n_0
    SLICE_X38Y7          MUXF7 (Prop_F7MUX_AB_SLICEL_I1_O)
                                                      0.057     0.934 r  workout_classifier_i/mlp_controller_0/inst/mlp_controller_slave_lite_v1_0_S00_AXI_inst/mlp_inst/weight_reg[7]_i_50/O
                         net (fo=1, routed)           0.000     0.934    workout_classifier_i/mlp_controller_0/inst/mlp_controller_slave_lite_v1_0_S00_AXI_inst/mlp_inst/weight_reg[7]_i_50_n_0
    SLICE_X38Y7          MUXF8 (Prop_F8MUX_BOT_SLICEL_I1_O)
                                                      0.026     0.960 r  workout_classifier_i/mlp_controller_0/inst/mlp_controller_slave_lite_v1_0_S00_AXI_inst/mlp_inst/weight_reg[7]_i_22/O
                         net (fo=1, routed)           0.532     1.492    workout_classifier_i/mlp_controller_0/inst/mlp_controller_slave_lite_v1_0_S00_AXI_inst/mlp_inst/weight_reg[7]_i_22_n_0
    SLICE_X38Y7          LUT6 (Prop_H6LUT_SLICEL_I5_O)
                                                      0.124     1.616 r  workout_classifier_i/mlp_controller_0/inst/mlp_controller_slave_lite_v1_0_S00_AXI_inst/mlp_inst/weight_reg[7]_i_9/O
                         net (fo=1, routed)           0.588     2.204    workout_classifier_i/mlp_controller_0/inst/mlp_controller_slave_lite_v1_0_S00_AXI_inst/mlp_inst/weight_reg[7]_i_9_n_0
    SLICE_X43Y32         LUT5 (Prop_E6LUT_SLICEM_I2_O)
                                                      0.148     2.352 r  workout_classifier_i/mlp_controller_0/inst/mlp_controller_slave_lite_v1_0_S00_AXI_inst/mlp_inst/weight_reg[7]_i_4/O
                         net (fo=1, routed)           0.012     2.364    workout_classifier_i/mlp_controller_0/inst/mlp_controller_slave_lite_v1_0_S00_AXI_inst/mlp_inst/weight_reg[7]_i_4_n_0
    SLICE_X43Y32         MUXF7 (Prop_F7MUX_EF_SLICEM_I1_O)
                                                      0.066     2.430 r  workout_classifier_i/mlp_controller_0/inst/mlp_controller_slave_lite_v1_0_S00_AXI_inst/mlp_inst/weight_reg[7]_i_1/O
                         net (fo=1, routed)           0.031     2.461    workout_classifier_i/mlp_controller_0/inst/mlp_controller_slave_lite_v1_0_S00_AXI_inst/mlp_inst/weight__0[7]
    SLICE_X43Y32         LDCE                                         r  workout_classifier_i/mlp_controller_0/inst/mlp_controller_slave_lite_v1_0_S00_AXI_inst/mlp_inst/weight_reg[7]/D
  -------------------------------------------------------------------    -------------------

Slack:                    inf
  Source:                 workout_classifier_i/mlp_controller_0/inst/mlp_controller_slave_lite_v1_0_S00_AXI_inst/mlp_inst/current_layer2_weights_reg[111][4]/G
                            (positive level-sensitive latch)
  Destination:            workout_classifier_i/mlp_controller_0/inst/mlp_controller_slave_lite_v1_0_S00_AXI_inst/mlp_inst/weight_reg[4]/D
  Path Group:             (none)
  Path Type:              Max at Slow Process Corner
  Data Path Delay:        2.301ns  (logic 0.558ns (24.250%)  route 1.743ns (75.750%))
  Logic Levels:           7  (LDCE=1 LUT5=1 LUT6=2 MUXF7=2 MUXF8=1)

    Location             Delay type                Incr(ns)  Path(ns)    Netlist Resource(s)
  -------------------------------------------------------------------    -------------------
    SLICE_X36Y6          LDCE                         0.000     0.000 r  workout_classifier_i/mlp_controller_0/inst/mlp_controller_slave_lite_v1_0_S00_AXI_inst/mlp_inst/current_layer2_weights_reg[111][4]/G
    SLICE_X36Y6          LDCE (EnToQ_BFF2_SLICEL_G_Q)
                                                      0.124     0.124 r  workout_classifier_i/mlp_controller_0/inst/mlp_controller_slave_lite_v1_0_S00_AXI_inst/mlp_inst/current_layer2_weights_reg[111][4]/Q
                         net (fo=1, routed)           0.748     0.872    workout_classifier_i/mlp_controller_0/inst/mlp_controller_slave_lite_v1_0_S00_AXI_inst/mlp_inst/current_layer2_weights_reg_n_0_[111][4]
    SLICE_X35Y3          LUT6 (Prop_A6LUT_SLICEL_I0_O)
                                                      0.124     0.996 r  workout_classifier_i/mlp_controller_0/inst/mlp_controller_slave_lite_v1_0_S00_AXI_inst/mlp_inst/weight_reg[4]_i_80/O
                         net (fo=1, routed)           0.009     1.005    workout_classifier_i/mlp_controller_0/inst/mlp_controller_slave_lite_v1_0_S00_AXI_inst/mlp_inst/weight_reg[4]_i_80_n_0
    SLICE_X35Y3          MUXF7 (Prop_F7MUX_AB_SLICEL_I1_O)
                                                      0.057     1.062 r  workout_classifier_i/mlp_controller_0/inst/mlp_controller_slave_lite_v1_0_S00_AXI_inst/mlp_inst/weight_reg[4]_i_44/O
                         net (fo=1, routed)           0.000     1.062    workout_classifier_i/mlp_controller_0/inst/mlp_controller_slave_lite_v1_0_S00_AXI_inst/mlp_inst/weight_reg[4]_i_44_n_0
    SLICE_X35Y3          MUXF8 (Prop_F8MUX_BOT_SLICEL_I1_O)
                                                      0.026     1.088 r  workout_classifier_i/mlp_controller_0/inst/mlp_controller_slave_lite_v1_0_S00_AXI_inst/mlp_inst/weight_reg[4]_i_18/O
                         net (fo=1, routed)           0.286     1.374    workout_classifier_i/mlp_controller_0/inst/mlp_controller_slave_lite_v1_0_S00_AXI_inst/mlp_inst/weight_reg[4]_i_18_n_0
    SLICE_X37Y2          LUT6 (Prop_E6LUT_SLICEM_I1_O)
                                                      0.124     1.498 r  workout_classifier_i/mlp_controller_0/inst/mlp_controller_slave_lite_v1_0_S00_AXI_inst/mlp_inst/weight_reg[4]_i_7/O
                         net (fo=1, routed)           0.657     2.155    workout_classifier_i/mlp_controller_0/inst/mlp_controller_slave_lite_v1_0_S00_AXI_inst/mlp_inst/weight_reg[4]_i_7_n_0
    SLICE_X43Y30         LUT5 (Prop_E6LUT_SLICEM_I2_O)
                                                      0.037     2.192 r  workout_classifier_i/mlp_controller_0/inst/mlp_controller_slave_lite_v1_0_S00_AXI_inst/mlp_inst/weight_reg[4]_i_3/O
                         net (fo=1, routed)           0.012     2.204    workout_classifier_i/mlp_controller_0/inst/mlp_controller_slave_lite_v1_0_S00_AXI_inst/mlp_inst/weight_reg[4]_i_3_n_0
    SLICE_X43Y30         MUXF7 (Prop_F7MUX_EF_SLICEM_I1_O)
                                                      0.066     2.270 r  workout_classifier_i/mlp_controller_0/inst/mlp_controller_slave_lite_v1_0_S00_AXI_inst/mlp_inst/weight_reg[4]_i_1/O
                         net (fo=1, routed)           0.031     2.301    workout_classifier_i/mlp_controller_0/inst/mlp_controller_slave_lite_v1_0_S00_AXI_inst/mlp_inst/weight__0[4]
    SLICE_X43Y30         LDCE                                         r  workout_classifier_i/mlp_controller_0/inst/mlp_controller_slave_lite_v1_0_S00_AXI_inst/mlp_inst/weight_reg[4]/D
  -------------------------------------------------------------------    -------------------

Slack:                    inf
  Source:                 workout_classifier_i/mlp_controller_0/inst/mlp_controller_slave_lite_v1_0_S00_AXI_inst/mlp_inst/current_layer2_weights_reg[102][0]/G
                            (positive level-sensitive latch)
  Destination:            workout_classifier_i/mlp_controller_0/inst/mlp_controller_slave_lite_v1_0_S00_AXI_inst/mlp_inst/weight_reg[0]/D
  Path Group:             (none)
  Path Type:              Max at Slow Process Corner
  Data Path Delay:        2.293ns  (logic 0.659ns (28.740%)  route 1.634ns (71.260%))
  Logic Levels:           7  (LDCE=1 LUT5=1 LUT6=2 MUXF7=2 MUXF8=1)

    Location             Delay type                Incr(ns)  Path(ns)    Netlist Resource(s)
  -------------------------------------------------------------------    -------------------
    SLICE_X35Y3          LDCE                         0.000     0.000 r  workout_classifier_i/mlp_controller_0/inst/mlp_controller_slave_lite_v1_0_S00_AXI_inst/mlp_inst/current_layer2_weights_reg[102][0]/G
    SLICE_X35Y3          LDCE (EnToQ_EFF_SLICEL_G_Q)
                                                      0.122     0.122 r  workout_classifier_i/mlp_controller_0/inst/mlp_controller_slave_lite_v1_0_S00_AXI_inst/mlp_inst/current_layer2_weights_reg[102][0]/Q
                         net (fo=1, routed)           0.435     0.557    workout_classifier_i/mlp_controller_0/inst/mlp_controller_slave_lite_v1_0_S00_AXI_inst/mlp_inst/current_layer2_weights_reg_n_0_[102][0]
    SLICE_X35Y6          LUT6 (Prop_C6LUT_SLICEL_I1_O)
                                                      0.146     0.703 r  workout_classifier_i/mlp_controller_0/inst/mlp_controller_slave_lite_v1_0_S00_AXI_inst/mlp_inst/weight_reg[0]_i_78/O
                         net (fo=1, routed)           0.010     0.713    workout_classifier_i/mlp_controller_0/inst/mlp_controller_slave_lite_v1_0_S00_AXI_inst/mlp_inst/weight_reg[0]_i_78_n_0
    SLICE_X35Y6          MUXF7 (Prop_F7MUX_CD_SLICEL_I1_O)
                                                      0.057     0.770 r  workout_classifier_i/mlp_controller_0/inst/mlp_controller_slave_lite_v1_0_S00_AXI_inst/mlp_inst/weight_reg[0]_i_43/O
                         net (fo=1, routed)           0.000     0.770    workout_classifier_i/mlp_controller_0/inst/mlp_controller_slave_lite_v1_0_S00_AXI_inst/mlp_inst/weight_reg[0]_i_43_n_0
    SLICE_X35Y6          MUXF8 (Prop_F8MUX_BOT_SLICEL_I0_O)
                                                      0.026     0.796 r  workout_classifier_i/mlp_controller_0/inst/mlp_controller_slave_lite_v1_0_S00_AXI_inst/mlp_inst/weight_reg[0]_i_18/O
                         net (fo=1, routed)           0.660     1.456    workout_classifier_i/mlp_controller_0/inst/mlp_controller_slave_lite_v1_0_S00_AXI_inst/mlp_inst/weight_reg[0]_i_18_n_0
    SLICE_X39Y7          LUT6 (Prop_H6LUT_SLICEM_I1_O)
                                                      0.152     1.608 r  workout_classifier_i/mlp_controller_0/inst/mlp_controller_slave_lite_v1_0_S00_AXI_inst/mlp_inst/weight_reg[0]_i_7/O
                         net (fo=1, routed)           0.476     2.084    workout_classifier_i/mlp_controller_0/inst/mlp_controller_slave_lite_v1_0_S00_AXI_inst/mlp_inst/weight_reg[0]_i_7_n_0
    SLICE_X43Y32         LUT5 (Prop_C6LUT_SLICEM_I2_O)
                                                      0.088     2.172 r  workout_classifier_i/mlp_controller_0/inst/mlp_controller_slave_lite_v1_0_S00_AXI_inst/mlp_inst/weight_reg[0]_i_3/O
                         net (fo=1, routed)           0.021     2.193    workout_classifier_i/mlp_controller_0/inst/mlp_controller_slave_lite_v1_0_S00_AXI_inst/mlp_inst/weight_reg[0]_i_3_n_0
    SLICE_X43Y32         MUXF7 (Prop_F7MUX_CD_SLICEM_I1_O)
                                                      0.068     2.261 r  workout_classifier_i/mlp_controller_0/inst/mlp_controller_slave_lite_v1_0_S00_AXI_inst/mlp_inst/weight_reg[0]_i_1/O
                         net (fo=1, routed)           0.032     2.293    workout_classifier_i/mlp_controller_0/inst/mlp_controller_slave_lite_v1_0_S00_AXI_inst/mlp_inst/weight__0[0]
    SLICE_X43Y32         LDCE                                         r  workout_classifier_i/mlp_controller_0/inst/mlp_controller_slave_lite_v1_0_S00_AXI_inst/mlp_inst/weight_reg[0]/D
  -------------------------------------------------------------------    -------------------

Slack:                    inf
  Source:                 workout_classifier_i/mlp_controller_0/inst/mlp_controller_slave_lite_v1_0_S00_AXI_inst/mlp_inst/current_layer2_weights_reg[19][2]/G
                            (positive level-sensitive latch)
  Destination:            workout_classifier_i/mlp_controller_0/inst/mlp_controller_slave_lite_v1_0_S00_AXI_inst/mlp_inst/weight_reg[2]/D
  Path Group:             (none)
  Path Type:              Max at Slow Process Corner
  Data Path Delay:        2.269ns  (logic 0.545ns (24.019%)  route 1.724ns (75.981%))
  Logic Levels:           7  (LDCE=1 LUT5=1 LUT6=2 MUXF7=2 MUXF8=1)

    Location             Delay type                Incr(ns)  Path(ns)    Netlist Resource(s)
  -------------------------------------------------------------------    -------------------
    SLICE_X33Y10         LDCE                         0.000     0.000 r  workout_classifier_i/mlp_controller_0/inst/mlp_controller_slave_lite_v1_0_S00_AXI_inst/mlp_inst/current_layer2_weights_reg[19][2]/G
    SLICE_X33Y10         LDCE (EnToQ_EFF2_SLICEL_G_Q)
                                                      0.124     0.124 r  workout_classifier_i/mlp_controller_0/inst/mlp_controller_slave_lite_v1_0_S00_AXI_inst/mlp_inst/current_layer2_weights_reg[19][2]/Q
                         net (fo=1, routed)           0.724     0.848    workout_classifier_i/mlp_controller_0/inst/mlp_controller_slave_lite_v1_0_S00_AXI_inst/mlp_inst/current_layer2_weights_reg_n_0_[19][2]
    SLICE_X33Y4          LUT6 (Prop_D6LUT_SLICEL_I0_O)
                                                      0.146     0.994 r  workout_classifier_i/mlp_controller_0/inst/mlp_controller_slave_lite_v1_0_S00_AXI_inst/mlp_inst/weight_reg[2]_i_97/O
                         net (fo=1, routed)           0.009     1.003    workout_classifier_i/mlp_controller_0/inst/mlp_controller_slave_lite_v1_0_S00_AXI_inst/mlp_inst/weight_reg[2]_i_97_n_0
    SLICE_X33Y4          MUXF7 (Prop_F7MUX_CD_SLICEL_I0_O)
                                                      0.056     1.059 r  workout_classifier_i/mlp_controller_0/inst/mlp_controller_slave_lite_v1_0_S00_AXI_inst/mlp_inst/weight_reg[2]_i_53/O
                         net (fo=1, routed)           0.000     1.059    workout_classifier_i/mlp_controller_0/inst/mlp_controller_slave_lite_v1_0_S00_AXI_inst/mlp_inst/weight_reg[2]_i_53_n_0
    SLICE_X33Y4          MUXF8 (Prop_F8MUX_BOT_SLICEL_I0_O)
                                                      0.026     1.085 r  workout_classifier_i/mlp_controller_0/inst/mlp_controller_slave_lite_v1_0_S00_AXI_inst/mlp_inst/weight_reg[2]_i_23/O
                         net (fo=1, routed)           0.456     1.541    workout_classifier_i/mlp_controller_0/inst/mlp_controller_slave_lite_v1_0_S00_AXI_inst/mlp_inst/weight_reg[2]_i_23_n_0
    SLICE_X42Y4          LUT6 (Prop_F6LUT_SLICEM_I3_O)
                                                      0.088     1.629 r  workout_classifier_i/mlp_controller_0/inst/mlp_controller_slave_lite_v1_0_S00_AXI_inst/mlp_inst/weight_reg[2]_i_8/O
                         net (fo=1, routed)           0.482     2.111    workout_classifier_i/mlp_controller_0/inst/mlp_controller_slave_lite_v1_0_S00_AXI_inst/mlp_inst/weight_reg[2]_i_8_n_0
    SLICE_X43Y34         LUT5 (Prop_C6LUT_SLICEM_I4_O)
                                                      0.037     2.148 r  workout_classifier_i/mlp_controller_0/inst/mlp_controller_slave_lite_v1_0_S00_AXI_inst/mlp_inst/weight_reg[2]_i_3/O
                         net (fo=1, routed)           0.021     2.169    workout_classifier_i/mlp_controller_0/inst/mlp_controller_slave_lite_v1_0_S00_AXI_inst/mlp_inst/weight_reg[2]_i_3_n_0
    SLICE_X43Y34         MUXF7 (Prop_F7MUX_CD_SLICEM_I1_O)
                                                      0.068     2.237 r  workout_classifier_i/mlp_controller_0/inst/mlp_controller_slave_lite_v1_0_S00_AXI_inst/mlp_inst/weight_reg[2]_i_1/O
                         net (fo=1, routed)           0.032     2.269    workout_classifier_i/mlp_controller_0/inst/mlp_controller_slave_lite_v1_0_S00_AXI_inst/mlp_inst/weight__0[2]
    SLICE_X43Y34         LDCE                                         r  workout_classifier_i/mlp_controller_0/inst/mlp_controller_slave_lite_v1_0_S00_AXI_inst/mlp_inst/weight_reg[2]/D
  -------------------------------------------------------------------    -------------------

Slack:                    inf
  Source:                 workout_classifier_i/mlp_controller_0/inst/mlp_controller_slave_lite_v1_0_S00_AXI_inst/mlp_inst/current_layer2_weights_reg[114][5]/G
                            (positive level-sensitive latch)
  Destination:            workout_classifier_i/mlp_controller_0/inst/mlp_controller_slave_lite_v1_0_S00_AXI_inst/mlp_inst/weight_reg[5]/D
  Path Group:             (none)
  Path Type:              Max at Slow Process Corner
  Data Path Delay:        2.153ns  (logic 0.498ns (23.131%)  route 1.655ns (76.869%))
  Logic Levels:           7  (LDCE=1 LUT5=1 LUT6=2 MUXF7=2 MUXF8=1)

    Location             Delay type                Incr(ns)  Path(ns)    Netlist Resource(s)
  -------------------------------------------------------------------    -------------------
    SLICE_X35Y1          LDCE                         0.000     0.000 r  workout_classifier_i/mlp_controller_0/inst/mlp_controller_slave_lite_v1_0_S00_AXI_inst/mlp_inst/current_layer2_weights_reg[114][5]/G
    SLICE_X35Y1          LDCE (EnToQ_AFF2_SLICEL_G_Q)
                                                      0.124     0.124 r  workout_classifier_i/mlp_controller_0/inst/mlp_controller_slave_lite_v1_0_S00_AXI_inst/mlp_inst/current_layer2_weights_reg[114][5]/Q
                         net (fo=1, routed)           0.497     0.621    workout_classifier_i/mlp_controller_0/inst/mlp_controller_slave_lite_v1_0_S00_AXI_inst/mlp_inst/current_layer2_weights_reg_n_0_[114][5]
    SLICE_X34Y2          LUT6 (Prop_D6LUT_SLICEM_I1_O)
                                                      0.088     0.709 r  workout_classifier_i/mlp_controller_0/inst/mlp_controller_slave_lite_v1_0_S00_AXI_inst/mlp_inst/weight_reg[5]_i_73/O
                         net (fo=1, routed)           0.025     0.734    workout_classifier_i/mlp_controller_0/inst/mlp_controller_slave_lite_v1_0_S00_AXI_inst/mlp_inst/weight_reg[5]_i_73_n_0
    SLICE_X34Y2          MUXF7 (Prop_F7MUX_CD_SLICEM_I0_O)
                                                      0.062     0.796 r  workout_classifier_i/mlp_controller_0/inst/mlp_controller_slave_lite_v1_0_S00_AXI_inst/mlp_inst/weight_reg[5]_i_41/O
                         net (fo=1, routed)           0.000     0.796    workout_classifier_i/mlp_controller_0/inst/mlp_controller_slave_lite_v1_0_S00_AXI_inst/mlp_inst/weight_reg[5]_i_41_n_0
    SLICE_X34Y2          MUXF8 (Prop_F8MUX_BOT_SLICEM_I0_O)
                                                      0.030     0.826 r  workout_classifier_i/mlp_controller_0/inst/mlp_controller_slave_lite_v1_0_S00_AXI_inst/mlp_inst/weight_reg[5]_i_17/O
                         net (fo=1, routed)           0.592     1.418    workout_classifier_i/mlp_controller_0/inst/mlp_controller_slave_lite_v1_0_S00_AXI_inst/mlp_inst/weight_reg[5]_i_17_n_0
    SLICE_X40Y7          LUT6 (Prop_D6LUT_SLICEM_I0_O)
                                                      0.037     1.455 r  workout_classifier_i/mlp_controller_0/inst/mlp_controller_slave_lite_v1_0_S00_AXI_inst/mlp_inst/weight_reg[5]_i_7/O
                         net (fo=1, routed)           0.492     1.947    workout_classifier_i/mlp_controller_0/inst/mlp_controller_slave_lite_v1_0_S00_AXI_inst/mlp_inst/weight_reg[5]_i_7_n_0
    SLICE_X43Y32         LUT5 (Prop_G6LUT_SLICEM_I2_O)
                                                      0.090     2.037 r  workout_classifier_i/mlp_controller_0/inst/mlp_controller_slave_lite_v1_0_S00_AXI_inst/mlp_inst/weight_reg[5]_i_3/O
                         net (fo=1, routed)           0.017     2.054    workout_classifier_i/mlp_controller_0/inst/mlp_controller_slave_lite_v1_0_S00_AXI_inst/mlp_inst/weight_reg[5]_i_3_n_0
    SLICE_X43Y32         MUXF7 (Prop_F7MUX_GH_SLICEM_I1_O)
                                                      0.067     2.121 r  workout_classifier_i/mlp_controller_0/inst/mlp_controller_slave_lite_v1_0_S00_AXI_inst/mlp_inst/weight_reg[5]_i_1/O
                         net (fo=1, routed)           0.032     2.153    workout_classifier_i/mlp_controller_0/inst/mlp_controller_slave_lite_v1_0_S00_AXI_inst/mlp_inst/weight__0[5]
    SLICE_X43Y32         LDCE                                         r  workout_classifier_i/mlp_controller_0/inst/mlp_controller_slave_lite_v1_0_S00_AXI_inst/mlp_inst/weight_reg[5]/D
  -------------------------------------------------------------------    -------------------

Slack:                    inf
  Source:                 workout_classifier_i/mlp_controller_0/inst/mlp_controller_slave_lite_v1_0_S00_AXI_inst/mlp_inst/current_output_layer_bias_reg[5]/G
                            (positive level-sensitive latch)
  Destination:            workout_classifier_i/mlp_controller_0/inst/mlp_controller_slave_lite_v1_0_S00_AXI_inst/mlp_inst/acc_in_reg[5]/D
  Path Group:             (none)
  Path Type:              Max at Slow Process Corner
  Data Path Delay:        1.558ns  (logic 0.433ns (27.792%)  route 1.125ns (72.208%))
  Logic Levels:           4  (LDCE=1 LUT3=1 LUT5=2)

    Location             Delay type                Incr(ns)  Path(ns)    Netlist Resource(s)
  -------------------------------------------------------------------    -------------------
    SLICE_X44Y39         LDCE                         0.000     0.000 r  workout_classifier_i/mlp_controller_0/inst/mlp_controller_slave_lite_v1_0_S00_AXI_inst/mlp_inst/current_output_layer_bias_reg[5]/G
    SLICE_X44Y39         LDCE (EnToQ_AFF2_SLICEL_G_Q)
                                                      0.124     0.124 r  workout_classifier_i/mlp_controller_0/inst/mlp_controller_slave_lite_v1_0_S00_AXI_inst/mlp_inst/current_output_layer_bias_reg[5]/Q
                         net (fo=1, routed)           0.185     0.309    workout_classifier_i/mlp_controller_0/inst/mlp_controller_slave_lite_v1_0_S00_AXI_inst/mlp_inst/current_output_layer_bias[5]
    SLICE_X44Y39         LUT3 (Prop_D5LUT_SLICEL_I0_O)
                                                      0.133     0.442 r  workout_classifier_i/mlp_controller_0/inst/mlp_controller_slave_lite_v1_0_S00_AXI_inst/mlp_inst/acc_in_reg[5]_i_3/O
                         net (fo=1, routed)           0.167     0.609    workout_classifier_i/mlp_controller_0/inst/mlp_controller_slave_lite_v1_0_S00_AXI_inst/mlp_inst/acc_in_reg[5]_i_3_n_0
    SLICE_X43Y37         LUT5 (Prop_E6LUT_SLICEM_I4_O)
                                                      0.124     0.733 r  workout_classifier_i/mlp_controller_0/inst/mlp_controller_slave_lite_v1_0_S00_AXI_inst/mlp_inst/acc_in_reg[5]_i_2/O
                         net (fo=1, routed)           0.044     0.777    workout_classifier_i/mlp_controller_0/inst/mlp_controller_slave_lite_v1_0_S00_AXI_inst/mlp_inst/acc_in_reg[5]_i_2_n_0
    SLICE_X43Y37         LUT5 (Prop_B6LUT_SLICEM_I0_O)
                                                      0.052     0.829 r  workout_classifier_i/mlp_controller_0/inst/mlp_controller_slave_lite_v1_0_S00_AXI_inst/mlp_inst/acc_in_reg[5]_i_1/O
                         net (fo=1, routed)           0.729     1.558    workout_classifier_i/mlp_controller_0/inst/mlp_controller_slave_lite_v1_0_S00_AXI_inst/mlp_inst/acc_in_reg[5]_i_1_n_0
    SLICE_X41Y45         LDCE                                         r  workout_classifier_i/mlp_controller_0/inst/mlp_controller_slave_lite_v1_0_S00_AXI_inst/mlp_inst/acc_in_reg[5]/D
  -------------------------------------------------------------------    -------------------

Slack:                    inf
  Source:                 workout_classifier_i/mlp_controller_0/inst/mlp_controller_slave_lite_v1_0_S00_AXI_inst/mlp_inst/current_output_layer_bias_reg[7]/G
                            (positive level-sensitive latch)
  Destination:            workout_classifier_i/mlp_controller_0/inst/mlp_controller_slave_lite_v1_0_S00_AXI_inst/mlp_inst/acc_in_reg[7]/D
  Path Group:             (none)
  Path Type:              Max at Slow Process Corner
  Data Path Delay:        1.441ns  (logic 0.359ns (24.913%)  route 1.082ns (75.087%))
  Logic Levels:           4  (LDCE=1 LUT3=1 LUT5=2)

    Location             Delay type                Incr(ns)  Path(ns)    Netlist Resource(s)
  -------------------------------------------------------------------    -------------------
    SLICE_X45Y52         LDCE                         0.000     0.000 r  workout_classifier_i/mlp_controller_0/inst/mlp_controller_slave_lite_v1_0_S00_AXI_inst/mlp_inst/current_output_layer_bias_reg[7]/G
    SLICE_X45Y52         LDCE (EnToQ_BFF2_SLICEM_G_Q)
                                                      0.123     0.123 r  workout_classifier_i/mlp_controller_0/inst/mlp_controller_slave_lite_v1_0_S00_AXI_inst/mlp_inst/current_output_layer_bias_reg[7]/Q
                         net (fo=1, routed)           0.172     0.295    workout_classifier_i/mlp_controller_0/inst/mlp_controller_slave_lite_v1_0_S00_AXI_inst/mlp_inst/current_output_layer_bias[7]
    SLICE_X46Y50         LUT3 (Prop_D5LUT_SLICEL_I0_O)
                                                      0.096     0.391 r  workout_classifier_i/mlp_controller_0/inst/mlp_controller_slave_lite_v1_0_S00_AXI_inst/mlp_inst/acc_in_reg[7]_i_4/O
                         net (fo=1, routed)           0.401     0.792    workout_classifier_i/mlp_controller_0/inst/mlp_controller_slave_lite_v1_0_S00_AXI_inst/mlp_inst/acc_in_reg[7]_i_4_n_0
    SLICE_X45Y49         LUT5 (Prop_C6LUT_SLICEM_I4_O)
                                                      0.088     0.880 r  workout_classifier_i/mlp_controller_0/inst/mlp_controller_slave_lite_v1_0_S00_AXI_inst/mlp_inst/acc_in_reg[7]_i_2/O
                         net (fo=1, routed)           0.219     1.099    workout_classifier_i/mlp_controller_0/inst/mlp_controller_slave_lite_v1_0_S00_AXI_inst/mlp_inst/acc_in_reg[7]_i_2_n_0
    SLICE_X45Y49         LUT5 (Prop_E6LUT_SLICEM_I0_O)
                                                      0.052     1.151 r  workout_classifier_i/mlp_controller_0/inst/mlp_controller_slave_lite_v1_0_S00_AXI_inst/mlp_inst/acc_in_reg[7]_i_1/O
                         net (fo=1, routed)           0.290     1.441    workout_classifier_i/mlp_controller_0/inst/mlp_controller_slave_lite_v1_0_S00_AXI_inst/mlp_inst/acc_in_reg[7]_i_1_n_0
    SLICE_X45Y46         LDCE                                         r  workout_classifier_i/mlp_controller_0/inst/mlp_controller_slave_lite_v1_0_S00_AXI_inst/mlp_inst/acc_in_reg[7]/D
  -------------------------------------------------------------------    -------------------





Min Delay Paths
--------------------------------------------------------------------------------------
Slack:                    inf
  Source:                 workout_classifier_i/mlp_controller_0/inst/mlp_controller_slave_lite_v1_0_S00_AXI_inst/mlp_inst/current_layer1_weights_reg[33][5]/G
                            (positive level-sensitive latch)
  Destination:            workout_classifier_i/mlp_controller_0/inst/mlp_controller_slave_lite_v1_0_S00_AXI_inst/mlp_inst/weight_reg[5]/D
  Path Group:             (none)
  Path Type:              Min at Fast Process Corner
  Data Path Delay:        0.170ns  (logic 0.104ns (61.176%)  route 0.066ns (38.824%))
  Logic Levels:           3  (LDCE=1 LUT6=1 MUXF7=1)

    Location             Delay type                Incr(ns)  Path(ns)    Netlist Resource(s)
  -------------------------------------------------------------------    -------------------
    SLICE_X44Y32         LDCE                         0.000     0.000 r  workout_classifier_i/mlp_controller_0/inst/mlp_controller_slave_lite_v1_0_S00_AXI_inst/mlp_inst/current_layer1_weights_reg[33][5]/G
    SLICE_X44Y32         LDCE (EnToQ_FFF_SLICEL_G_Q)
                                                      0.059     0.059 r  workout_classifier_i/mlp_controller_0/inst/mlp_controller_slave_lite_v1_0_S00_AXI_inst/mlp_inst/current_layer1_weights_reg[33][5]/Q
                         net (fo=1, routed)           0.048     0.107    workout_classifier_i/mlp_controller_0/inst/mlp_controller_slave_lite_v1_0_S00_AXI_inst/mlp_inst/current_layer1_weights_reg_n_0_[33][5]
    SLICE_X43Y32         LUT6 (Prop_H6LUT_SLICEM_I1_O)
                                                      0.035     0.142 r  workout_classifier_i/mlp_controller_0/inst/mlp_controller_slave_lite_v1_0_S00_AXI_inst/mlp_inst/weight_reg[5]_i_2/O
                         net (fo=1, routed)           0.011     0.153    workout_classifier_i/mlp_controller_0/inst/mlp_controller_slave_lite_v1_0_S00_AXI_inst/mlp_inst/weight_reg[5]_i_2_n_0
    SLICE_X43Y32         MUXF7 (Prop_F7MUX_GH_SLICEM_I0_O)
                                                      0.010     0.163 r  workout_classifier_i/mlp_controller_0/inst/mlp_controller_slave_lite_v1_0_S00_AXI_inst/mlp_inst/weight_reg[5]_i_1/O
                         net (fo=1, routed)           0.007     0.170    workout_classifier_i/mlp_controller_0/inst/mlp_controller_slave_lite_v1_0_S00_AXI_inst/mlp_inst/weight__0[5]
    SLICE_X43Y32         LDCE                                         r  workout_classifier_i/mlp_controller_0/inst/mlp_controller_slave_lite_v1_0_S00_AXI_inst/mlp_inst/weight_reg[5]/D
  -------------------------------------------------------------------    -------------------

Slack:                    inf
  Source:                 workout_classifier_i/mlp_controller_0/inst/mlp_controller_slave_lite_v1_0_S00_AXI_inst/mlp_inst/current_layer2_bias_reg[4]/G
                            (positive level-sensitive latch)
  Destination:            workout_classifier_i/mlp_controller_0/inst/mlp_controller_slave_lite_v1_0_S00_AXI_inst/mlp_inst/acc_in_reg[4]/D
  Path Group:             (none)
  Path Type:              Min at Fast Process Corner
  Data Path Delay:        0.171ns  (logic 0.110ns (64.327%)  route 0.061ns (35.673%))
  Logic Levels:           2  (LDCE=1 LUT5=1)

    Location             Delay type                Incr(ns)  Path(ns)    Netlist Resource(s)
  -------------------------------------------------------------------    -------------------
    SLICE_X45Y45         LDCE                         0.000     0.000 r  workout_classifier_i/mlp_controller_0/inst/mlp_controller_slave_lite_v1_0_S00_AXI_inst/mlp_inst/current_layer2_bias_reg[4]/G
    SLICE_X45Y45         LDCE (EnToQ_FFF_SLICEM_G_Q)
                                                      0.059     0.059 r  workout_classifier_i/mlp_controller_0/inst/mlp_controller_slave_lite_v1_0_S00_AXI_inst/mlp_inst/current_layer2_bias_reg[4]/Q
                         net (fo=1, routed)           0.052     0.111    workout_classifier_i/mlp_controller_0/inst/mlp_controller_slave_lite_v1_0_S00_AXI_inst/mlp_inst/current_layer2_bias[4]
    SLICE_X45Y46         LUT5 (Prop_D5LUT_SLICEM_I2_O)
                                                      0.051     0.162 r  workout_classifier_i/mlp_controller_0/inst/mlp_controller_slave_lite_v1_0_S00_AXI_inst/mlp_inst/acc_in_reg[4]_i_1/O
                         net (fo=1, routed)           0.009     0.171    workout_classifier_i/mlp_controller_0/inst/mlp_controller_slave_lite_v1_0_S00_AXI_inst/mlp_inst/acc_in_reg[4]_i_1_n_0
    SLICE_X45Y46         LDCE                                         r  workout_classifier_i/mlp_controller_0/inst/mlp_controller_slave_lite_v1_0_S00_AXI_inst/mlp_inst/acc_in_reg[4]/D
  -------------------------------------------------------------------    -------------------

Slack:                    inf
  Source:                 workout_classifier_i/mlp_controller_0/inst/mlp_controller_slave_lite_v1_0_S00_AXI_inst/mlp_inst/current_layer1_weights_reg[33][4]/G
                            (positive level-sensitive latch)
  Destination:            workout_classifier_i/mlp_controller_0/inst/mlp_controller_slave_lite_v1_0_S00_AXI_inst/mlp_inst/weight_reg[4]/D
  Path Group:             (none)
  Path Type:              Min at Fast Process Corner
  Data Path Delay:        0.191ns  (logic 0.120ns (62.827%)  route 0.071ns (37.173%))
  Logic Levels:           3  (LDCE=1 LUT6=1 MUXF7=1)

    Location             Delay type                Incr(ns)  Path(ns)    Netlist Resource(s)
  -------------------------------------------------------------------    -------------------
    SLICE_X44Y30         LDCE                         0.000     0.000 r  workout_classifier_i/mlp_controller_0/inst/mlp_controller_slave_lite_v1_0_S00_AXI_inst/mlp_inst/current_layer1_weights_reg[33][4]/G
    SLICE_X44Y30         LDCE (EnToQ_BFF_SLICEL_G_Q)
                                                      0.059     0.059 r  workout_classifier_i/mlp_controller_0/inst/mlp_controller_slave_lite_v1_0_S00_AXI_inst/mlp_inst/current_layer1_weights_reg[33][4]/Q
                         net (fo=1, routed)           0.049     0.108    workout_classifier_i/mlp_controller_0/inst/mlp_controller_slave_lite_v1_0_S00_AXI_inst/mlp_inst/current_layer1_weights_reg_n_0_[33][4]
    SLICE_X43Y30         LUT6 (Prop_F6LUT_SLICEM_I1_O)
                                                      0.050     0.158 r  workout_classifier_i/mlp_controller_0/inst/mlp_controller_slave_lite_v1_0_S00_AXI_inst/mlp_inst/weight_reg[4]_i_2/O
                         net (fo=1, routed)           0.015     0.173    workout_classifier_i/mlp_controller_0/inst/mlp_controller_slave_lite_v1_0_S00_AXI_inst/mlp_inst/weight_reg[4]_i_2_n_0
    SLICE_X43Y30         MUXF7 (Prop_F7MUX_EF_SLICEM_I0_O)
                                                      0.011     0.184 r  workout_classifier_i/mlp_controller_0/inst/mlp_controller_slave_lite_v1_0_S00_AXI_inst/mlp_inst/weight_reg[4]_i_1/O
                         net (fo=1, routed)           0.007     0.191    workout_classifier_i/mlp_controller_0/inst/mlp_controller_slave_lite_v1_0_S00_AXI_inst/mlp_inst/weight__0[4]
    SLICE_X43Y30         LDCE                                         r  workout_classifier_i/mlp_controller_0/inst/mlp_controller_slave_lite_v1_0_S00_AXI_inst/mlp_inst/weight_reg[4]/D
  -------------------------------------------------------------------    -------------------

Slack:                    inf
  Source:                 workout_classifier_i/mlp_controller_0/inst/mlp_controller_slave_lite_v1_0_S00_AXI_inst/mlp_inst/current_layer1_weights_reg[33][2]/G
                            (positive level-sensitive latch)
  Destination:            workout_classifier_i/mlp_controller_0/inst/mlp_controller_slave_lite_v1_0_S00_AXI_inst/mlp_inst/weight_reg[2]/D
  Path Group:             (none)
  Path Type:              Min at Fast Process Corner
  Data Path Delay:        0.203ns  (logic 0.107ns (52.709%)  route 0.096ns (47.291%))
  Logic Levels:           3  (LDCE=1 LUT6=1 MUXF7=1)

    Location             Delay type                Incr(ns)  Path(ns)    Netlist Resource(s)
  -------------------------------------------------------------------    -------------------
    SLICE_X44Y32         LDCE                         0.000     0.000 r  workout_classifier_i/mlp_controller_0/inst/mlp_controller_slave_lite_v1_0_S00_AXI_inst/mlp_inst/current_layer1_weights_reg[33][2]/G
    SLICE_X44Y32         LDCE (EnToQ_EFF2_SLICEL_G_Q)
                                                      0.061     0.061 r  workout_classifier_i/mlp_controller_0/inst/mlp_controller_slave_lite_v1_0_S00_AXI_inst/mlp_inst/current_layer1_weights_reg[33][2]/Q
                         net (fo=1, routed)           0.073     0.134    workout_classifier_i/mlp_controller_0/inst/mlp_controller_slave_lite_v1_0_S00_AXI_inst/mlp_inst/current_layer1_weights_reg_n_0_[33][2]
    SLICE_X43Y34         LUT6 (Prop_D6LUT_SLICEM_I1_O)
                                                      0.035     0.169 r  workout_classifier_i/mlp_controller_0/inst/mlp_controller_slave_lite_v1_0_S00_AXI_inst/mlp_inst/weight_reg[2]_i_2/O
                         net (fo=1, routed)           0.016     0.185    workout_classifier_i/mlp_controller_0/inst/mlp_controller_slave_lite_v1_0_S00_AXI_inst/mlp_inst/weight_reg[2]_i_2_n_0
    SLICE_X43Y34         MUXF7 (Prop_F7MUX_CD_SLICEM_I0_O)
                                                      0.011     0.196 r  workout_classifier_i/mlp_controller_0/inst/mlp_controller_slave_lite_v1_0_S00_AXI_inst/mlp_inst/weight_reg[2]_i_1/O
                         net (fo=1, routed)           0.007     0.203    workout_classifier_i/mlp_controller_0/inst/mlp_controller_slave_lite_v1_0_S00_AXI_inst/mlp_inst/weight__0[2]
    SLICE_X43Y34         LDCE                                         r  workout_classifier_i/mlp_controller_0/inst/mlp_controller_slave_lite_v1_0_S00_AXI_inst/mlp_inst/weight_reg[2]/D
  -------------------------------------------------------------------    -------------------

Slack:                    inf
  Source:                 workout_classifier_i/mlp_controller_0/inst/mlp_controller_slave_lite_v1_0_S00_AXI_inst/mlp_inst/current_layer1_weights_reg[32][7]/G
                            (positive level-sensitive latch)
  Destination:            workout_classifier_i/mlp_controller_0/inst/mlp_controller_slave_lite_v1_0_S00_AXI_inst/mlp_inst/weight_reg[7]/D
  Path Group:             (none)
  Path Type:              Min at Fast Process Corner
  Data Path Delay:        0.210ns  (logic 0.084ns (40.000%)  route 0.126ns (60.000%))
  Logic Levels:           3  (LDCE=1 LUT6=1 MUXF7=1)

    Location             Delay type                Incr(ns)  Path(ns)    Netlist Resource(s)
  -------------------------------------------------------------------    -------------------
    SLICE_X44Y32         LDCE                         0.000     0.000 r  workout_classifier_i/mlp_controller_0/inst/mlp_controller_slave_lite_v1_0_S00_AXI_inst/mlp_inst/current_layer1_weights_reg[32][7]/G
    SLICE_X44Y32         LDCE (EnToQ_DFF_SLICEL_G_Q)
                                                      0.059     0.059 r  workout_classifier_i/mlp_controller_0/inst/mlp_controller_slave_lite_v1_0_S00_AXI_inst/mlp_inst/current_layer1_weights_reg[32][7]/Q
                         net (fo=1, routed)           0.104     0.163    workout_classifier_i/mlp_controller_0/inst/mlp_controller_slave_lite_v1_0_S00_AXI_inst/mlp_inst/current_layer1_weights_reg_n_0_[32][7]
    SLICE_X43Y32         LUT6 (Prop_F6LUT_SLICEM_I0_O)
                                                      0.014     0.177 r  workout_classifier_i/mlp_controller_0/inst/mlp_controller_slave_lite_v1_0_S00_AXI_inst/mlp_inst/weight_reg[7]_i_3/O
                         net (fo=1, routed)           0.015     0.192    workout_classifier_i/mlp_controller_0/inst/mlp_controller_slave_lite_v1_0_S00_AXI_inst/mlp_inst/weight_reg[7]_i_3_n_0
    SLICE_X43Y32         MUXF7 (Prop_F7MUX_EF_SLICEM_I0_O)
                                                      0.011     0.203 r  workout_classifier_i/mlp_controller_0/inst/mlp_controller_slave_lite_v1_0_S00_AXI_inst/mlp_inst/weight_reg[7]_i_1/O
                         net (fo=1, routed)           0.007     0.210    workout_classifier_i/mlp_controller_0/inst/mlp_controller_slave_lite_v1_0_S00_AXI_inst/mlp_inst/weight__0[7]
    SLICE_X43Y32         LDCE                                         r  workout_classifier_i/mlp_controller_0/inst/mlp_controller_slave_lite_v1_0_S00_AXI_inst/mlp_inst/weight_reg[7]/D
  -------------------------------------------------------------------    -------------------

Slack:                    inf
  Source:                 workout_classifier_i/mlp_controller_0/inst/mlp_controller_slave_lite_v1_0_S00_AXI_inst/mlp_inst/current_layer1_weights_reg[33][1]/G
                            (positive level-sensitive latch)
  Destination:            workout_classifier_i/mlp_controller_0/inst/mlp_controller_slave_lite_v1_0_S00_AXI_inst/mlp_inst/weight_reg[1]/D
  Path Group:             (none)
  Path Type:              Min at Fast Process Corner
  Data Path Delay:        0.216ns  (logic 0.110ns (50.926%)  route 0.106ns (49.074%))
  Logic Levels:           3  (LDCE=1 LUT6=1 MUXF7=1)

    Location             Delay type                Incr(ns)  Path(ns)    Netlist Resource(s)
  -------------------------------------------------------------------    -------------------
    SLICE_X44Y30         LDCE                         0.000     0.000 r  workout_classifier_i/mlp_controller_0/inst/mlp_controller_slave_lite_v1_0_S00_AXI_inst/mlp_inst/current_layer1_weights_reg[33][1]/G
    SLICE_X44Y30         LDCE (EnToQ_AFF_SLICEL_G_Q)
                                                      0.059     0.059 r  workout_classifier_i/mlp_controller_0/inst/mlp_controller_slave_lite_v1_0_S00_AXI_inst/mlp_inst/current_layer1_weights_reg[33][1]/Q
                         net (fo=1, routed)           0.088     0.147    workout_classifier_i/mlp_controller_0/inst/mlp_controller_slave_lite_v1_0_S00_AXI_inst/mlp_inst/current_layer1_weights_reg_n_0_[33][1]
    SLICE_X43Y30         LUT6 (Prop_H6LUT_SLICEM_I1_O)
                                                      0.041     0.188 r  workout_classifier_i/mlp_controller_0/inst/mlp_controller_slave_lite_v1_0_S00_AXI_inst/mlp_inst/weight_reg[1]_i_2/O
                         net (fo=1, routed)           0.011     0.199    workout_classifier_i/mlp_controller_0/inst/mlp_controller_slave_lite_v1_0_S00_AXI_inst/mlp_inst/weight_reg[1]_i_2_n_0
    SLICE_X43Y30         MUXF7 (Prop_F7MUX_GH_SLICEM_I0_O)
                                                      0.010     0.209 r  workout_classifier_i/mlp_controller_0/inst/mlp_controller_slave_lite_v1_0_S00_AXI_inst/mlp_inst/weight_reg[1]_i_1/O
                         net (fo=1, routed)           0.007     0.216    workout_classifier_i/mlp_controller_0/inst/mlp_controller_slave_lite_v1_0_S00_AXI_inst/mlp_inst/weight__0[1]
    SLICE_X43Y30         LDCE                                         r  workout_classifier_i/mlp_controller_0/inst/mlp_controller_slave_lite_v1_0_S00_AXI_inst/mlp_inst/weight_reg[1]/D
  -------------------------------------------------------------------    -------------------

Slack:                    inf
  Source:                 workout_classifier_i/mlp_controller_0/inst/mlp_controller_slave_lite_v1_0_S00_AXI_inst/mlp_inst/current_layer1_weights_reg[32][6]/G
                            (positive level-sensitive latch)
  Destination:            workout_classifier_i/mlp_controller_0/inst/mlp_controller_slave_lite_v1_0_S00_AXI_inst/mlp_inst/weight_reg[6]/D
  Path Group:             (none)
  Path Type:              Min at Fast Process Corner
  Data Path Delay:        0.221ns  (logic 0.110ns (49.774%)  route 0.111ns (50.226%))
  Logic Levels:           3  (LDCE=1 LUT6=1 MUXF7=1)

    Location             Delay type                Incr(ns)  Path(ns)    Netlist Resource(s)
  -------------------------------------------------------------------    -------------------
    SLICE_X44Y30         LDCE                         0.000     0.000 r  workout_classifier_i/mlp_controller_0/inst/mlp_controller_slave_lite_v1_0_S00_AXI_inst/mlp_inst/current_layer1_weights_reg[32][6]/G
    SLICE_X44Y30         LDCE (EnToQ_HFF_SLICEL_G_Q)
                                                      0.059     0.059 r  workout_classifier_i/mlp_controller_0/inst/mlp_controller_slave_lite_v1_0_S00_AXI_inst/mlp_inst/current_layer1_weights_reg[32][6]/Q
                         net (fo=1, routed)           0.092     0.151    workout_classifier_i/mlp_controller_0/inst/mlp_controller_slave_lite_v1_0_S00_AXI_inst/mlp_inst/current_layer1_weights_reg_n_0_[32][6]
    SLICE_X43Y32         LUT6 (Prop_B6LUT_SLICEM_I0_O)
                                                      0.041     0.192 r  workout_classifier_i/mlp_controller_0/inst/mlp_controller_slave_lite_v1_0_S00_AXI_inst/mlp_inst/weight_reg[6]_i_2/O
                         net (fo=1, routed)           0.012     0.204    workout_classifier_i/mlp_controller_0/inst/mlp_controller_slave_lite_v1_0_S00_AXI_inst/mlp_inst/weight_reg[6]_i_2_n_0
    SLICE_X43Y32         MUXF7 (Prop_F7MUX_AB_SLICEM_I0_O)
                                                      0.010     0.214 r  workout_classifier_i/mlp_controller_0/inst/mlp_controller_slave_lite_v1_0_S00_AXI_inst/mlp_inst/weight_reg[6]_i_1/O
                         net (fo=1, routed)           0.007     0.221    workout_classifier_i/mlp_controller_0/inst/mlp_controller_slave_lite_v1_0_S00_AXI_inst/mlp_inst/weight__0[6]
    SLICE_X43Y32         LDCE                                         r  workout_classifier_i/mlp_controller_0/inst/mlp_controller_slave_lite_v1_0_S00_AXI_inst/mlp_inst/weight_reg[6]/D
  -------------------------------------------------------------------    -------------------

Slack:                    inf
  Source:                 workout_classifier_i/mlp_controller_0/inst/mlp_controller_slave_lite_v1_0_S00_AXI_inst/mlp_inst/current_layer1_weights_reg[32][3]/G
                            (positive level-sensitive latch)
  Destination:            workout_classifier_i/mlp_controller_0/inst/mlp_controller_slave_lite_v1_0_S00_AXI_inst/mlp_inst/weight_reg[3]/D
  Path Group:             (none)
  Path Type:              Min at Fast Process Corner
  Data Path Delay:        0.240ns  (logic 0.093ns (38.750%)  route 0.147ns (61.250%))
  Logic Levels:           3  (LDCE=1 LUT6=1 MUXF7=1)

    Location             Delay type                Incr(ns)  Path(ns)    Netlist Resource(s)
  -------------------------------------------------------------------    -------------------
    SLICE_X44Y30         LDCE                         0.000     0.000 r  workout_classifier_i/mlp_controller_0/inst/mlp_controller_slave_lite_v1_0_S00_AXI_inst/mlp_inst/current_layer1_weights_reg[32][3]/G
    SLICE_X44Y30         LDCE (EnToQ_FFF2_SLICEL_G_Q)
                                                      0.061     0.061 r  workout_classifier_i/mlp_controller_0/inst/mlp_controller_slave_lite_v1_0_S00_AXI_inst/mlp_inst/current_layer1_weights_reg[32][3]/Q
                         net (fo=1, routed)           0.128     0.189    workout_classifier_i/mlp_controller_0/inst/mlp_controller_slave_lite_v1_0_S00_AXI_inst/mlp_inst/current_layer1_weights_reg_n_0_[32][3]
    SLICE_X43Y34         LUT6 (Prop_B6LUT_SLICEM_I0_O)
                                                      0.022     0.211 r  workout_classifier_i/mlp_controller_0/inst/mlp_controller_slave_lite_v1_0_S00_AXI_inst/mlp_inst/weight_reg[3]_i_2/O
                         net (fo=1, routed)           0.012     0.223    workout_classifier_i/mlp_controller_0/inst/mlp_controller_slave_lite_v1_0_S00_AXI_inst/mlp_inst/weight_reg[3]_i_2_n_0
    SLICE_X43Y34         MUXF7 (Prop_F7MUX_AB_SLICEM_I0_O)
                                                      0.010     0.233 r  workout_classifier_i/mlp_controller_0/inst/mlp_controller_slave_lite_v1_0_S00_AXI_inst/mlp_inst/weight_reg[3]_i_1/O
                         net (fo=1, routed)           0.007     0.240    workout_classifier_i/mlp_controller_0/inst/mlp_controller_slave_lite_v1_0_S00_AXI_inst/mlp_inst/weight__0[3]
    SLICE_X43Y34         LDCE                                         r  workout_classifier_i/mlp_controller_0/inst/mlp_controller_slave_lite_v1_0_S00_AXI_inst/mlp_inst/weight_reg[3]/D
  -------------------------------------------------------------------    -------------------

Slack:                    inf
  Source:                 workout_classifier_i/mlp_controller_0/inst/mlp_controller_slave_lite_v1_0_S00_AXI_inst/mlp_inst/current_layer2_bias_reg[1]/G
                            (positive level-sensitive latch)
  Destination:            workout_classifier_i/mlp_controller_0/inst/mlp_controller_slave_lite_v1_0_S00_AXI_inst/mlp_inst/acc_in_reg[1]/D
  Path Group:             (none)
  Path Type:              Min at Fast Process Corner
  Data Path Delay:        0.272ns  (logic 0.121ns (44.485%)  route 0.151ns (55.515%))
  Logic Levels:           2  (LDCE=1 LUT5=1)

    Location             Delay type                Incr(ns)  Path(ns)    Netlist Resource(s)
  -------------------------------------------------------------------    -------------------
    SLICE_X45Y45         LDCE                         0.000     0.000 r  workout_classifier_i/mlp_controller_0/inst/mlp_controller_slave_lite_v1_0_S00_AXI_inst/mlp_inst/current_layer2_bias_reg[1]/G
    SLICE_X45Y45         LDCE (EnToQ_EFF2_SLICEM_G_Q)
                                                      0.061     0.061 r  workout_classifier_i/mlp_controller_0/inst/mlp_controller_slave_lite_v1_0_S00_AXI_inst/mlp_inst/current_layer2_bias_reg[1]/Q
                         net (fo=1, routed)           0.083     0.144    workout_classifier_i/mlp_controller_0/inst/mlp_controller_slave_lite_v1_0_S00_AXI_inst/mlp_inst/current_layer2_bias[1]
    SLICE_X45Y46         LUT5 (Prop_G6LUT_SLICEM_I2_O)
                                                      0.060     0.204 r  workout_classifier_i/mlp_controller_0/inst/mlp_controller_slave_lite_v1_0_S00_AXI_inst/mlp_inst/acc_in_reg[1]_i_1/O
                         net (fo=1, routed)           0.068     0.272    workout_classifier_i/mlp_controller_0/inst/mlp_controller_slave_lite_v1_0_S00_AXI_inst/mlp_inst/acc_in_reg[1]_i_1_n_0
    SLICE_X45Y44         LDCE                                         r  workout_classifier_i/mlp_controller_0/inst/mlp_controller_slave_lite_v1_0_S00_AXI_inst/mlp_inst/acc_in_reg[1]/D
  -------------------------------------------------------------------    -------------------

Slack:                    inf
  Source:                 workout_classifier_i/mlp_controller_0/inst/mlp_controller_slave_lite_v1_0_S00_AXI_inst/mlp_inst/current_layer1_weights_reg[26][0]/G
                            (positive level-sensitive latch)
  Destination:            workout_classifier_i/mlp_controller_0/inst/mlp_controller_slave_lite_v1_0_S00_AXI_inst/mlp_inst/weight_reg[0]/D
  Path Group:             (none)
  Path Type:              Min at Fast Process Corner
  Data Path Delay:        0.275ns  (logic 0.157ns (57.091%)  route 0.118ns (42.909%))
  Logic Levels:           6  (LDCE=1 LUT6=2 MUXF7=2 MUXF8=1)

    Location             Delay type                Incr(ns)  Path(ns)    Netlist Resource(s)
  -------------------------------------------------------------------    -------------------
    SLICE_X44Y31         LDCE                         0.000     0.000 r  workout_classifier_i/mlp_controller_0/inst/mlp_controller_slave_lite_v1_0_S00_AXI_inst/mlp_inst/current_layer1_weights_reg[26][0]/G
    SLICE_X44Y31         LDCE (EnToQ_EFF_SLICEL_G_Q)
                                                      0.060     0.060 r  workout_classifier_i/mlp_controller_0/inst/mlp_controller_slave_lite_v1_0_S00_AXI_inst/mlp_inst/current_layer1_weights_reg[26][0]/Q
                         net (fo=1, routed)           0.024     0.084    workout_classifier_i/mlp_controller_0/inst/mlp_controller_slave_lite_v1_0_S00_AXI_inst/mlp_inst/current_layer1_weights_reg_n_0_[26][0]
    SLICE_X44Y32         LUT6 (Prop_B6LUT_SLICEL_I1_O)
                                                      0.015     0.099 r  workout_classifier_i/mlp_controller_0/inst/mlp_controller_slave_lite_v1_0_S00_AXI_inst/mlp_inst/weight_reg[0]_i_31/O
                         net (fo=1, routed)           0.007     0.106    workout_classifier_i/mlp_controller_0/inst/mlp_controller_slave_lite_v1_0_S00_AXI_inst/mlp_inst/weight_reg[0]_i_31_n_0
    SLICE_X44Y32         MUXF7 (Prop_F7MUX_AB_SLICEL_I0_O)
                                                      0.010     0.116 r  workout_classifier_i/mlp_controller_0/inst/mlp_controller_slave_lite_v1_0_S00_AXI_inst/mlp_inst/weight_reg[0]_i_12/O
                         net (fo=1, routed)           0.000     0.116    workout_classifier_i/mlp_controller_0/inst/mlp_controller_slave_lite_v1_0_S00_AXI_inst/mlp_inst/weight_reg[0]_i_12_n_0
    SLICE_X44Y32         MUXF8 (Prop_F8MUX_BOT_SLICEL_I1_O)
                                                      0.011     0.127 r  workout_classifier_i/mlp_controller_0/inst/mlp_controller_slave_lite_v1_0_S00_AXI_inst/mlp_inst/weight_reg[0]_i_5/O
                         net (fo=1, routed)           0.064     0.191    workout_classifier_i/mlp_controller_0/inst/mlp_controller_slave_lite_v1_0_S00_AXI_inst/mlp_inst/weight_reg[0]_i_5_n_0
    SLICE_X43Y32         LUT6 (Prop_D6LUT_SLICEM_I5_O)
                                                      0.050     0.241 r  workout_classifier_i/mlp_controller_0/inst/mlp_controller_slave_lite_v1_0_S00_AXI_inst/mlp_inst/weight_reg[0]_i_2/O
                         net (fo=1, routed)           0.016     0.257    workout_classifier_i/mlp_controller_0/inst/mlp_controller_slave_lite_v1_0_S00_AXI_inst/mlp_inst/weight_reg[0]_i_2_n_0
    SLICE_X43Y32         MUXF7 (Prop_F7MUX_CD_SLICEM_I0_O)
                                                      0.011     0.268 r  workout_classifier_i/mlp_controller_0/inst/mlp_controller_slave_lite_v1_0_S00_AXI_inst/mlp_inst/weight_reg[0]_i_1/O
                         net (fo=1, routed)           0.007     0.275    workout_classifier_i/mlp_controller_0/inst/mlp_controller_slave_lite_v1_0_S00_AXI_inst/mlp_inst/weight__0[0]
    SLICE_X43Y32         LDCE                                         r  workout_classifier_i/mlp_controller_0/inst/mlp_controller_slave_lite_v1_0_S00_AXI_inst/mlp_inst/weight_reg[0]/D
  -------------------------------------------------------------------    -------------------





--------------------------------------------------------------------------------------
Path Group:  (none)
From Clock:  clk_pl_0
  To Clock:  

Max Delay          1894 Endpoints
Min Delay          1894 Endpoints
--------------------------------------------------------------------------------------


Max Delay Paths
--------------------------------------------------------------------------------------
Slack:                    inf
  Source:                 workout_classifier_i/mlp_controller_0/inst/mlp_controller_slave_lite_v1_0_S00_AXI_inst/mlp_inst/layer1_input_count_reg[0]/C
                            (rising edge-triggered cell FDRE clocked by clk_pl_0  {rise@0.000ns fall@5.156ns period=10.312ns})
  Destination:            workout_classifier_i/mlp_controller_0/inst/mlp_controller_slave_lite_v1_0_S00_AXI_inst/mlp_inst/point_reg[2]/D
  Path Group:             (none)
  Path Type:              Max at Slow Process Corner
  Data Path Delay:        6.888ns  (logic 0.701ns (10.177%)  route 6.187ns (89.823%))
  Logic Levels:           6  (LUT4=2 LUT6=2 MUXF7=1 MUXF8=1)
  Clock Uncertainty:      0.157ns  ((TSJ^2 + DJ^2)^1/2) / 2 + PE
    Total System Jitter     (TSJ):    0.050ns
    Discrete Jitter          (DJ):    0.310ns
    Phase Error              (PE):    0.000ns
  Clock Net Delay (Source):      1.781ns (routing 0.591ns, distribution 1.190ns)

    Location             Delay type                Incr(ns)  Path(ns)    Netlist Resource(s)
  -------------------------------------------------------------------    -------------------
                         (clock clk_pl_0 rise edge)
                                                      0.000     0.000 r  
    PS8_X0Y0             PS8                          0.000     0.000 r  workout_classifier_i/zynq_ultra_ps_e_0/inst/PS8_i/PLCLK[0]
                         net (fo=1, routed)           0.171     0.171    workout_classifier_i/zynq_ultra_ps_e_0/inst/pl_clk_unbuffered[0]
    BUFG_PS_X0Y58        BUFG_PS (Prop_BUFG_PS_I_O)
                                                      0.028     0.199 r  workout_classifier_i/zynq_ultra_ps_e_0/inst/buffer_pl_clk_0.PL_CLK_0_BUFG/O
    X0Y1 (CLOCK_ROOT)    net (fo=103775, routed)      1.781     1.980    workout_classifier_i/mlp_controller_0/inst/mlp_controller_slave_lite_v1_0_S00_AXI_inst/mlp_inst/s00_axi_aclk
    SLICE_X44Y34         FDRE                                         r  workout_classifier_i/mlp_controller_0/inst/mlp_controller_slave_lite_v1_0_S00_AXI_inst/mlp_inst/layer1_input_count_reg[0]/C
  -------------------------------------------------------------------    -------------------
    SLICE_X44Y34         FDRE (Prop_EFF_SLICEL_C_Q)
                                                      0.079     2.059 f  workout_classifier_i/mlp_controller_0/inst/mlp_controller_slave_lite_v1_0_S00_AXI_inst/mlp_inst/layer1_input_count_reg[0]/Q
                         net (fo=111, routed)         0.831     2.891    workout_classifier_i/mlp_controller_0/inst/mlp_controller_slave_lite_v1_0_S00_AXI_inst/mlp_inst/layer1_input_count_reg[0]
    SLICE_X44Y36         LUT4 (Prop_D5LUT_SLICEL_I3_O)
                                                      0.096     2.987 r  workout_classifier_i/mlp_controller_0/inst/mlp_controller_slave_lite_v1_0_S00_AXI_inst/mlp_inst/point_reg[7]_i_27/O
                         net (fo=64, routed)          2.357     5.344    workout_classifier_i/mlp_controller_0/inst/mlp_controller_slave_lite_v1_0_S00_AXI_inst/mlp_inst/point_reg[7]_i_27_n_0
    SLICE_X22Y166        LUT6 (Prop_D6LUT_SLICEL_I4_O)
                                                      0.146     5.490 f  workout_classifier_i/mlp_controller_0/inst/mlp_controller_slave_lite_v1_0_S00_AXI_inst/mlp_inst/point_reg[2]_i_10/O
                         net (fo=1, routed)           0.009     5.499    workout_classifier_i/mlp_controller_0/inst/mlp_controller_slave_lite_v1_0_S00_AXI_inst/mlp_inst/point_reg[2]_i_10_n_0
    SLICE_X22Y166        MUXF7 (Prop_F7MUX_CD_SLICEL_I0_O)
                                                      0.056     5.555 f  workout_classifier_i/mlp_controller_0/inst/mlp_controller_slave_lite_v1_0_S00_AXI_inst/mlp_inst/point_reg[2]_i_6/O
                         net (fo=1, routed)           0.000     5.555    workout_classifier_i/mlp_controller_0/inst/mlp_controller_slave_lite_v1_0_S00_AXI_inst/mlp_inst/point_reg[2]_i_6_n_0
    SLICE_X22Y166        MUXF8 (Prop_F8MUX_BOT_SLICEL_I0_O)
                                                      0.026     5.581 f  workout_classifier_i/mlp_controller_0/inst/mlp_controller_slave_lite_v1_0_S00_AXI_inst/mlp_inst/point_reg[2]_i_4/O
                         net (fo=1, routed)           0.904     6.485    workout_classifier_i/mlp_controller_0/inst/mlp_controller_slave_lite_v1_0_S00_AXI_inst/mlp_inst/point_reg[2]_i_4_n_0
    SLICE_X21Y170        LUT6 (Prop_H6LUT_SLICEL_I3_O)
                                                      0.150     6.635 f  workout_classifier_i/mlp_controller_0/inst/mlp_controller_slave_lite_v1_0_S00_AXI_inst/mlp_inst/point_reg[2]_i_2/O
                         net (fo=1, routed)           1.638     8.273    workout_classifier_i/mlp_controller_0/inst/mlp_controller_slave_lite_v1_0_S00_AXI_inst/mlp_inst/point_reg[2]_i_2_n_0
    SLICE_X45Y40         LUT4 (Prop_E6LUT_SLICEM_I0_O)
                                                      0.148     8.421 r  workout_classifier_i/mlp_controller_0/inst/mlp_controller_slave_lite_v1_0_S00_AXI_inst/mlp_inst/point_reg[2]_i_1/O
                         net (fo=1, routed)           0.447     8.868    workout_classifier_i/mlp_controller_0/inst/mlp_controller_slave_lite_v1_0_S00_AXI_inst/mlp_inst/point_reg[2]_i_1_n_0
    SLICE_X44Y38         LDCE                                         r  workout_classifier_i/mlp_controller_0/inst/mlp_controller_slave_lite_v1_0_S00_AXI_inst/mlp_inst/point_reg[2]/D
  -------------------------------------------------------------------    -------------------

Slack:                    inf
  Source:                 workout_classifier_i/mlp_controller_0/inst/mlp_controller_slave_lite_v1_0_S00_AXI_inst/mlp_inst/layer1_input_count_reg[6]/C
                            (rising edge-triggered cell FDRE clocked by clk_pl_0  {rise@0.000ns fall@5.156ns period=10.312ns})
  Destination:            workout_classifier_i/mlp_controller_0/inst/mlp_controller_slave_lite_v1_0_S00_AXI_inst/mlp_inst/point_reg[7]/D
  Path Group:             (none)
  Path Type:              Max at Slow Process Corner
  Data Path Delay:        6.163ns  (logic 0.607ns (9.849%)  route 5.556ns (90.151%))
  Logic Levels:           6  (LUT2=1 LUT4=1 LUT6=2 MUXF7=1 MUXF8=1)
  Clock Uncertainty:      0.157ns  ((TSJ^2 + DJ^2)^1/2) / 2 + PE
    Total System Jitter     (TSJ):    0.050ns
    Discrete Jitter          (DJ):    0.310ns
    Phase Error              (PE):    0.000ns
  Clock Net Delay (Source):      1.802ns (routing 0.591ns, distribution 1.211ns)

    Location             Delay type                Incr(ns)  Path(ns)    Netlist Resource(s)
  -------------------------------------------------------------------    -------------------
                         (clock clk_pl_0 rise edge)
                                                      0.000     0.000 r  
    PS8_X0Y0             PS8                          0.000     0.000 r  workout_classifier_i/zynq_ultra_ps_e_0/inst/PS8_i/PLCLK[0]
                         net (fo=1, routed)           0.171     0.171    workout_classifier_i/zynq_ultra_ps_e_0/inst/pl_clk_unbuffered[0]
    BUFG_PS_X0Y58        BUFG_PS (Prop_BUFG_PS_I_O)
                                                      0.028     0.199 r  workout_classifier_i/zynq_ultra_ps_e_0/inst/buffer_pl_clk_0.PL_CLK_0_BUFG/O
    X0Y1 (CLOCK_ROOT)    net (fo=103775, routed)      1.802     2.001    workout_classifier_i/mlp_controller_0/inst/mlp_controller_slave_lite_v1_0_S00_AXI_inst/mlp_inst/s00_axi_aclk
    SLICE_X44Y33         FDRE                                         r  workout_classifier_i/mlp_controller_0/inst/mlp_controller_slave_lite_v1_0_S00_AXI_inst/mlp_inst/layer1_input_count_reg[6]/C
  -------------------------------------------------------------------    -------------------
    SLICE_X44Y33         FDRE (Prop_HFF_SLICEL_C_Q)
                                                      0.079     2.080 r  workout_classifier_i/mlp_controller_0/inst/mlp_controller_slave_lite_v1_0_S00_AXI_inst/mlp_inst/layer1_input_count_reg[6]/Q
                         net (fo=15, routed)          0.333     2.413    workout_classifier_i/mlp_controller_0/inst/mlp_controller_slave_lite_v1_0_S00_AXI_inst/mlp_inst/layer1_input_count_reg[6]
    SLICE_X44Y36         LUT2 (Prop_D6LUT_SLICEL_I0_O)
                                                      0.050     2.463 r  workout_classifier_i/mlp_controller_0/inst/mlp_controller_slave_lite_v1_0_S00_AXI_inst/mlp_inst/current_layer1_weights_reg[23][7]_i_2/O
                         net (fo=65, routed)          2.591     5.054    workout_classifier_i/mlp_controller_0/inst/mlp_controller_slave_lite_v1_0_S00_AXI_inst/mlp_inst/current_layer1_weights_reg[23][7]_i_2_n_0
    SLICE_X17Y173        LUT6 (Prop_C6LUT_SLICEL_I2_O)
                                                      0.096     5.150 f  workout_classifier_i/mlp_controller_0/inst/mlp_controller_slave_lite_v1_0_S00_AXI_inst/mlp_inst/point_reg[7]_i_20/O
                         net (fo=1, routed)           0.010     5.160    workout_classifier_i/mlp_controller_0/inst/mlp_controller_slave_lite_v1_0_S00_AXI_inst/mlp_inst/point_reg[7]_i_20_n_0
    SLICE_X17Y173        MUXF7 (Prop_F7MUX_CD_SLICEL_I1_O)
                                                      0.057     5.217 f  workout_classifier_i/mlp_controller_0/inst/mlp_controller_slave_lite_v1_0_S00_AXI_inst/mlp_inst/point_reg[7]_i_15/O
                         net (fo=1, routed)           0.000     5.217    workout_classifier_i/mlp_controller_0/inst/mlp_controller_slave_lite_v1_0_S00_AXI_inst/mlp_inst/point_reg[7]_i_15_n_0
    SLICE_X17Y173        MUXF8 (Prop_F8MUX_BOT_SLICEL_I0_O)
                                                      0.026     5.243 f  workout_classifier_i/mlp_controller_0/inst/mlp_controller_slave_lite_v1_0_S00_AXI_inst/mlp_inst/point_reg[7]_i_10/O
                         net (fo=1, routed)           0.390     5.633    workout_classifier_i/mlp_controller_0/inst/mlp_controller_slave_lite_v1_0_S00_AXI_inst/mlp_inst/point_reg[7]_i_10_n_0
    SLICE_X20Y169        LUT6 (Prop_G6LUT_SLICEM_I3_O)
                                                      0.150     5.783 f  workout_classifier_i/mlp_controller_0/inst/mlp_controller_slave_lite_v1_0_S00_AXI_inst/mlp_inst/point_reg[7]_i_3/O
                         net (fo=1, routed)           1.608     7.391    workout_classifier_i/mlp_controller_0/inst/mlp_controller_slave_lite_v1_0_S00_AXI_inst/mlp_inst/point_reg[7]_i_3_n_0
    SLICE_X44Y40         LUT4 (Prop_A6LUT_SLICEL_I0_O)
                                                      0.149     7.540 r  workout_classifier_i/mlp_controller_0/inst/mlp_controller_slave_lite_v1_0_S00_AXI_inst/mlp_inst/point_reg[7]_i_1/O
                         net (fo=1, routed)           0.624     8.164    workout_classifier_i/mlp_controller_0/inst/mlp_controller_slave_lite_v1_0_S00_AXI_inst/mlp_inst/point_reg[7]_i_1_n_0
    SLICE_X44Y38         LDCE                                         r  workout_classifier_i/mlp_controller_0/inst/mlp_controller_slave_lite_v1_0_S00_AXI_inst/mlp_inst/point_reg[7]/D
  -------------------------------------------------------------------    -------------------

Slack:                    inf
  Source:                 workout_classifier_i/mlp_controller_0/inst/mlp_controller_slave_lite_v1_0_S00_AXI_inst/mlp_inst/layer1_input_count_reg[0]/C
                            (rising edge-triggered cell FDRE clocked by clk_pl_0  {rise@0.000ns fall@5.156ns period=10.312ns})
  Destination:            workout_classifier_i/mlp_controller_0/inst/mlp_controller_slave_lite_v1_0_S00_AXI_inst/mlp_inst/point_reg[0]/D
  Path Group:             (none)
  Path Type:              Max at Slow Process Corner
  Data Path Delay:        5.947ns  (logic 0.542ns (9.114%)  route 5.405ns (90.886%))
  Logic Levels:           6  (LUT4=2 LUT6=2 MUXF7=1 MUXF8=1)
  Clock Uncertainty:      0.157ns  ((TSJ^2 + DJ^2)^1/2) / 2 + PE
    Total System Jitter     (TSJ):    0.050ns
    Discrete Jitter          (DJ):    0.310ns
    Phase Error              (PE):    0.000ns
  Clock Net Delay (Source):      1.781ns (routing 0.591ns, distribution 1.190ns)

    Location             Delay type                Incr(ns)  Path(ns)    Netlist Resource(s)
  -------------------------------------------------------------------    -------------------
                         (clock clk_pl_0 rise edge)
                                                      0.000     0.000 r  
    PS8_X0Y0             PS8                          0.000     0.000 r  workout_classifier_i/zynq_ultra_ps_e_0/inst/PS8_i/PLCLK[0]
                         net (fo=1, routed)           0.171     0.171    workout_classifier_i/zynq_ultra_ps_e_0/inst/pl_clk_unbuffered[0]
    BUFG_PS_X0Y58        BUFG_PS (Prop_BUFG_PS_I_O)
                                                      0.028     0.199 r  workout_classifier_i/zynq_ultra_ps_e_0/inst/buffer_pl_clk_0.PL_CLK_0_BUFG/O
    X0Y1 (CLOCK_ROOT)    net (fo=103775, routed)      1.781     1.980    workout_classifier_i/mlp_controller_0/inst/mlp_controller_slave_lite_v1_0_S00_AXI_inst/mlp_inst/s00_axi_aclk
    SLICE_X44Y34         FDRE                                         r  workout_classifier_i/mlp_controller_0/inst/mlp_controller_slave_lite_v1_0_S00_AXI_inst/mlp_inst/layer1_input_count_reg[0]/C
  -------------------------------------------------------------------    -------------------
    SLICE_X44Y34         FDRE (Prop_EFF_SLICEL_C_Q)
                                                      0.079     2.059 f  workout_classifier_i/mlp_controller_0/inst/mlp_controller_slave_lite_v1_0_S00_AXI_inst/mlp_inst/layer1_input_count_reg[0]/Q
                         net (fo=111, routed)         0.831     2.891    workout_classifier_i/mlp_controller_0/inst/mlp_controller_slave_lite_v1_0_S00_AXI_inst/mlp_inst/layer1_input_count_reg[0]
    SLICE_X44Y36         LUT4 (Prop_D5LUT_SLICEL_I3_O)
                                                      0.096     2.987 r  workout_classifier_i/mlp_controller_0/inst/mlp_controller_slave_lite_v1_0_S00_AXI_inst/mlp_inst/point_reg[7]_i_27/O
                         net (fo=64, routed)          2.049     5.035    workout_classifier_i/mlp_controller_0/inst/mlp_controller_slave_lite_v1_0_S00_AXI_inst/mlp_inst/point_reg[7]_i_27_n_0
    SLICE_X16Y173        LUT6 (Prop_D6LUT_SLICEM_I4_O)
                                                      0.037     5.072 f  workout_classifier_i/mlp_controller_0/inst/mlp_controller_slave_lite_v1_0_S00_AXI_inst/mlp_inst/point_reg[0]_i_10/O
                         net (fo=1, routed)           0.025     5.097    workout_classifier_i/mlp_controller_0/inst/mlp_controller_slave_lite_v1_0_S00_AXI_inst/mlp_inst/point_reg[0]_i_10_n_0
    SLICE_X16Y173        MUXF7 (Prop_F7MUX_CD_SLICEM_I0_O)
                                                      0.062     5.159 f  workout_classifier_i/mlp_controller_0/inst/mlp_controller_slave_lite_v1_0_S00_AXI_inst/mlp_inst/point_reg[0]_i_6/O
                         net (fo=1, routed)           0.000     5.159    workout_classifier_i/mlp_controller_0/inst/mlp_controller_slave_lite_v1_0_S00_AXI_inst/mlp_inst/point_reg[0]_i_6_n_0
    SLICE_X16Y173        MUXF8 (Prop_F8MUX_BOT_SLICEM_I0_O)
                                                      0.030     5.189 f  workout_classifier_i/mlp_controller_0/inst/mlp_controller_slave_lite_v1_0_S00_AXI_inst/mlp_inst/point_reg[0]_i_4/O
                         net (fo=1, routed)           0.459     5.648    workout_classifier_i/mlp_controller_0/inst/mlp_controller_slave_lite_v1_0_S00_AXI_inst/mlp_inst/point_reg[0]_i_4_n_0
    SLICE_X22Y165        LUT6 (Prop_H6LUT_SLICEL_I3_O)
                                                      0.099     5.747 f  workout_classifier_i/mlp_controller_0/inst/mlp_controller_slave_lite_v1_0_S00_AXI_inst/mlp_inst/point_reg[0]_i_2/O
                         net (fo=1, routed)           1.752     7.499    workout_classifier_i/mlp_controller_0/inst/mlp_controller_slave_lite_v1_0_S00_AXI_inst/mlp_inst/point_reg[0]_i_2_n_0
    SLICE_X39Y47         LUT4 (Prop_A5LUT_SLICEM_I0_O)
                                                      0.139     7.638 r  workout_classifier_i/mlp_controller_0/inst/mlp_controller_slave_lite_v1_0_S00_AXI_inst/mlp_inst/point_reg[0]_i_1/O
                         net (fo=1, routed)           0.289     7.927    workout_classifier_i/mlp_controller_0/inst/mlp_controller_slave_lite_v1_0_S00_AXI_inst/mlp_inst/point_reg[0]_i_1_n_0
    SLICE_X39Y43         LDCE                                         r  workout_classifier_i/mlp_controller_0/inst/mlp_controller_slave_lite_v1_0_S00_AXI_inst/mlp_inst/point_reg[0]/D
  -------------------------------------------------------------------    -------------------

Slack:                    inf
  Source:                 workout_classifier_i/mlp_controller_0/inst/mlp_controller_slave_lite_v1_0_S00_AXI_inst/mlp_inst/layer1_input_count_reg[2]/C
                            (rising edge-triggered cell FDRE clocked by clk_pl_0  {rise@0.000ns fall@5.156ns period=10.312ns})
  Destination:            workout_classifier_i/mlp_controller_0/inst/mlp_controller_slave_lite_v1_0_S00_AXI_inst/mlp_inst/point_reg[4]/D
  Path Group:             (none)
  Path Type:              Max at Slow Process Corner
  Data Path Delay:        5.933ns  (logic 0.319ns (5.377%)  route 5.614ns (94.623%))
  Logic Levels:           4  (LUT4=1 LUT6=1 MUXF7=1 MUXF8=1)
  Clock Uncertainty:      0.157ns  ((TSJ^2 + DJ^2)^1/2) / 2 + PE
    Total System Jitter     (TSJ):    0.050ns
    Discrete Jitter          (DJ):    0.310ns
    Phase Error              (PE):    0.000ns
  Clock Net Delay (Source):      1.781ns (routing 0.591ns, distribution 1.190ns)

    Location             Delay type                Incr(ns)  Path(ns)    Netlist Resource(s)
  -------------------------------------------------------------------    -------------------
                         (clock clk_pl_0 rise edge)
                                                      0.000     0.000 r  
    PS8_X0Y0             PS8                          0.000     0.000 r  workout_classifier_i/zynq_ultra_ps_e_0/inst/PS8_i/PLCLK[0]
                         net (fo=1, routed)           0.171     0.171    workout_classifier_i/zynq_ultra_ps_e_0/inst/pl_clk_unbuffered[0]
    BUFG_PS_X0Y58        BUFG_PS (Prop_BUFG_PS_I_O)
                                                      0.028     0.199 r  workout_classifier_i/zynq_ultra_ps_e_0/inst/buffer_pl_clk_0.PL_CLK_0_BUFG/O
    X0Y1 (CLOCK_ROOT)    net (fo=103775, routed)      1.781     1.980    workout_classifier_i/mlp_controller_0/inst/mlp_controller_slave_lite_v1_0_S00_AXI_inst/mlp_inst/s00_axi_aclk
    SLICE_X44Y34         FDRE                                         r  workout_classifier_i/mlp_controller_0/inst/mlp_controller_slave_lite_v1_0_S00_AXI_inst/mlp_inst/layer1_input_count_reg[2]/C
  -------------------------------------------------------------------    -------------------
    SLICE_X44Y34         FDRE (Prop_EFF2_SLICEL_C_Q)
                                                      0.081     2.061 r  workout_classifier_i/mlp_controller_0/inst/mlp_controller_slave_lite_v1_0_S00_AXI_inst/mlp_inst/layer1_input_count_reg[2]/Q
                         net (fo=99, routed)          3.067     5.128    workout_classifier_i/mlp_controller_0/inst/mlp_controller_slave_lite_v1_0_S00_AXI_inst/mlp_inst/layer1_input_count_reg[2]
    SLICE_X14Y172        MUXF7 (Prop_F7MUX_GH_SLICEM_S_O)
                                                      0.069     5.197 f  workout_classifier_i/mlp_controller_0/inst/mlp_controller_slave_lite_v1_0_S00_AXI_inst/mlp_inst/point_reg[4]_i_6/O
                         net (fo=1, routed)           0.000     5.197    workout_classifier_i/mlp_controller_0/inst/mlp_controller_slave_lite_v1_0_S00_AXI_inst/mlp_inst/point_reg[4]_i_6_n_0
    SLICE_X14Y172        MUXF8 (Prop_F8MUX_TOP_SLICEM_I0_O)
                                                      0.028     5.225 f  workout_classifier_i/mlp_controller_0/inst/mlp_controller_slave_lite_v1_0_S00_AXI_inst/mlp_inst/point_reg[4]_i_4/O
                         net (fo=1, routed)           0.936     6.161    workout_classifier_i/mlp_controller_0/inst/mlp_controller_slave_lite_v1_0_S00_AXI_inst/mlp_inst/point_reg[4]_i_4_n_0
    SLICE_X22Y165        LUT6 (Prop_G6LUT_SLICEL_I3_O)
                                                      0.050     6.211 f  workout_classifier_i/mlp_controller_0/inst/mlp_controller_slave_lite_v1_0_S00_AXI_inst/mlp_inst/point_reg[4]_i_2/O
                         net (fo=1, routed)           1.440     7.651    workout_classifier_i/mlp_controller_0/inst/mlp_controller_slave_lite_v1_0_S00_AXI_inst/mlp_inst/point_reg[4]_i_2_n_0
    SLICE_X43Y46         LUT4 (Prop_E6LUT_SLICEM_I0_O)
                                                      0.091     7.742 r  workout_classifier_i/mlp_controller_0/inst/mlp_controller_slave_lite_v1_0_S00_AXI_inst/mlp_inst/point_reg[4]_i_1/O
                         net (fo=1, routed)           0.171     7.913    workout_classifier_i/mlp_controller_0/inst/mlp_controller_slave_lite_v1_0_S00_AXI_inst/mlp_inst/point_reg[4]_i_1_n_0
    SLICE_X44Y46         LDCE                                         r  workout_classifier_i/mlp_controller_0/inst/mlp_controller_slave_lite_v1_0_S00_AXI_inst/mlp_inst/point_reg[4]/D
  -------------------------------------------------------------------    -------------------

Slack:                    inf
  Source:                 workout_classifier_i/mlp_controller_0/inst/mlp_controller_slave_lite_v1_0_S00_AXI_inst/mlp_inst/layer1_input_count_reg[0]/C
                            (rising edge-triggered cell FDRE clocked by clk_pl_0  {rise@0.000ns fall@5.156ns period=10.312ns})
  Destination:            workout_classifier_i/mlp_controller_0/inst/mlp_controller_slave_lite_v1_0_S00_AXI_inst/mlp_inst/point_reg[5]/D
  Path Group:             (none)
  Path Type:              Max at Slow Process Corner
  Data Path Delay:        5.801ns  (logic 0.520ns (8.964%)  route 5.281ns (91.036%))
  Logic Levels:           6  (LUT4=2 LUT6=2 MUXF7=1 MUXF8=1)
  Clock Uncertainty:      0.157ns  ((TSJ^2 + DJ^2)^1/2) / 2 + PE
    Total System Jitter     (TSJ):    0.050ns
    Discrete Jitter          (DJ):    0.310ns
    Phase Error              (PE):    0.000ns
  Clock Net Delay (Source):      1.781ns (routing 0.591ns, distribution 1.190ns)

    Location             Delay type                Incr(ns)  Path(ns)    Netlist Resource(s)
  -------------------------------------------------------------------    -------------------
                         (clock clk_pl_0 rise edge)
                                                      0.000     0.000 r  
    PS8_X0Y0             PS8                          0.000     0.000 r  workout_classifier_i/zynq_ultra_ps_e_0/inst/PS8_i/PLCLK[0]
                         net (fo=1, routed)           0.171     0.171    workout_classifier_i/zynq_ultra_ps_e_0/inst/pl_clk_unbuffered[0]
    BUFG_PS_X0Y58        BUFG_PS (Prop_BUFG_PS_I_O)
                                                      0.028     0.199 r  workout_classifier_i/zynq_ultra_ps_e_0/inst/buffer_pl_clk_0.PL_CLK_0_BUFG/O
    X0Y1 (CLOCK_ROOT)    net (fo=103775, routed)      1.781     1.980    workout_classifier_i/mlp_controller_0/inst/mlp_controller_slave_lite_v1_0_S00_AXI_inst/mlp_inst/s00_axi_aclk
    SLICE_X44Y34         FDRE                                         r  workout_classifier_i/mlp_controller_0/inst/mlp_controller_slave_lite_v1_0_S00_AXI_inst/mlp_inst/layer1_input_count_reg[0]/C
  -------------------------------------------------------------------    -------------------
    SLICE_X44Y34         FDRE (Prop_EFF_SLICEL_C_Q)
                                                      0.079     2.059 f  workout_classifier_i/mlp_controller_0/inst/mlp_controller_slave_lite_v1_0_S00_AXI_inst/mlp_inst/layer1_input_count_reg[0]/Q
                         net (fo=111, routed)         0.831     2.891    workout_classifier_i/mlp_controller_0/inst/mlp_controller_slave_lite_v1_0_S00_AXI_inst/mlp_inst/layer1_input_count_reg[0]
    SLICE_X44Y36         LUT4 (Prop_D5LUT_SLICEL_I3_O)
                                                      0.096     2.987 r  workout_classifier_i/mlp_controller_0/inst/mlp_controller_slave_lite_v1_0_S00_AXI_inst/mlp_inst/point_reg[7]_i_27/O
                         net (fo=64, routed)          2.309     5.296    workout_classifier_i/mlp_controller_0/inst/mlp_controller_slave_lite_v1_0_S00_AXI_inst/mlp_inst/point_reg[7]_i_27_n_0
    SLICE_X17Y171        LUT6 (Prop_F6LUT_SLICEL_I4_O)
                                                      0.049     5.345 f  workout_classifier_i/mlp_controller_0/inst/mlp_controller_slave_lite_v1_0_S00_AXI_inst/mlp_inst/point_reg[5]_i_12/O
                         net (fo=1, routed)           0.011     5.356    workout_classifier_i/mlp_controller_0/inst/mlp_controller_slave_lite_v1_0_S00_AXI_inst/mlp_inst/point_reg[5]_i_12_n_0
    SLICE_X17Y171        MUXF7 (Prop_F7MUX_EF_SLICEL_I0_O)
                                                      0.057     5.413 f  workout_classifier_i/mlp_controller_0/inst/mlp_controller_slave_lite_v1_0_S00_AXI_inst/mlp_inst/point_reg[5]_i_7/O
                         net (fo=1, routed)           0.000     5.413    workout_classifier_i/mlp_controller_0/inst/mlp_controller_slave_lite_v1_0_S00_AXI_inst/mlp_inst/point_reg[5]_i_7_n_0
    SLICE_X17Y171        MUXF8 (Prop_F8MUX_TOP_SLICEL_I1_O)
                                                      0.026     5.439 f  workout_classifier_i/mlp_controller_0/inst/mlp_controller_slave_lite_v1_0_S00_AXI_inst/mlp_inst/point_reg[5]_i_4/O
                         net (fo=1, routed)           0.312     5.751    workout_classifier_i/mlp_controller_0/inst/mlp_controller_slave_lite_v1_0_S00_AXI_inst/mlp_inst/point_reg[5]_i_4_n_0
    SLICE_X22Y171        LUT6 (Prop_H6LUT_SLICEL_I3_O)
                                                      0.090     5.841 f  workout_classifier_i/mlp_controller_0/inst/mlp_controller_slave_lite_v1_0_S00_AXI_inst/mlp_inst/point_reg[5]_i_2/O
                         net (fo=1, routed)           1.437     7.278    workout_classifier_i/mlp_controller_0/inst/mlp_controller_slave_lite_v1_0_S00_AXI_inst/mlp_inst/point_reg[5]_i_2_n_0
    SLICE_X41Y46         LUT4 (Prop_E6LUT_SLICEL_I0_O)
                                                      0.123     7.401 r  workout_classifier_i/mlp_controller_0/inst/mlp_controller_slave_lite_v1_0_S00_AXI_inst/mlp_inst/point_reg[5]_i_1/O
                         net (fo=1, routed)           0.380     7.781    workout_classifier_i/mlp_controller_0/inst/mlp_controller_slave_lite_v1_0_S00_AXI_inst/mlp_inst/point_reg[5]_i_1_n_0
    SLICE_X44Y46         LDCE                                         r  workout_classifier_i/mlp_controller_0/inst/mlp_controller_slave_lite_v1_0_S00_AXI_inst/mlp_inst/point_reg[5]/D
  -------------------------------------------------------------------    -------------------

Slack:                    inf
  Source:                 workout_classifier_i/mlp_controller_0/inst/mlp_controller_slave_lite_v1_0_S00_AXI_inst/mlp_inst/layer1_input_count_reg[0]/C
                            (rising edge-triggered cell FDRE clocked by clk_pl_0  {rise@0.000ns fall@5.156ns period=10.312ns})
  Destination:            workout_classifier_i/mlp_controller_0/inst/mlp_controller_slave_lite_v1_0_S00_AXI_inst/mlp_inst/point_reg[1]/D
  Path Group:             (none)
  Path Type:              Max at Slow Process Corner
  Data Path Delay:        5.628ns  (logic 0.626ns (11.124%)  route 5.002ns (88.876%))
  Logic Levels:           6  (LUT4=2 LUT6=2 MUXF7=1 MUXF8=1)
  Clock Uncertainty:      0.157ns  ((TSJ^2 + DJ^2)^1/2) / 2 + PE
    Total System Jitter     (TSJ):    0.050ns
    Discrete Jitter          (DJ):    0.310ns
    Phase Error              (PE):    0.000ns
  Clock Net Delay (Source):      1.781ns (routing 0.591ns, distribution 1.190ns)

    Location             Delay type                Incr(ns)  Path(ns)    Netlist Resource(s)
  -------------------------------------------------------------------    -------------------
                         (clock clk_pl_0 rise edge)
                                                      0.000     0.000 r  
    PS8_X0Y0             PS8                          0.000     0.000 r  workout_classifier_i/zynq_ultra_ps_e_0/inst/PS8_i/PLCLK[0]
                         net (fo=1, routed)           0.171     0.171    workout_classifier_i/zynq_ultra_ps_e_0/inst/pl_clk_unbuffered[0]
    BUFG_PS_X0Y58        BUFG_PS (Prop_BUFG_PS_I_O)
                                                      0.028     0.199 r  workout_classifier_i/zynq_ultra_ps_e_0/inst/buffer_pl_clk_0.PL_CLK_0_BUFG/O
    X0Y1 (CLOCK_ROOT)    net (fo=103775, routed)      1.781     1.980    workout_classifier_i/mlp_controller_0/inst/mlp_controller_slave_lite_v1_0_S00_AXI_inst/mlp_inst/s00_axi_aclk
    SLICE_X44Y34         FDRE                                         r  workout_classifier_i/mlp_controller_0/inst/mlp_controller_slave_lite_v1_0_S00_AXI_inst/mlp_inst/layer1_input_count_reg[0]/C
  -------------------------------------------------------------------    -------------------
    SLICE_X44Y34         FDRE (Prop_EFF_SLICEL_C_Q)
                                                      0.079     2.059 f  workout_classifier_i/mlp_controller_0/inst/mlp_controller_slave_lite_v1_0_S00_AXI_inst/mlp_inst/layer1_input_count_reg[0]/Q
                         net (fo=111, routed)         0.831     2.891    workout_classifier_i/mlp_controller_0/inst/mlp_controller_slave_lite_v1_0_S00_AXI_inst/mlp_inst/layer1_input_count_reg[0]
    SLICE_X44Y36         LUT4 (Prop_D5LUT_SLICEL_I3_O)
                                                      0.096     2.987 r  workout_classifier_i/mlp_controller_0/inst/mlp_controller_slave_lite_v1_0_S00_AXI_inst/mlp_inst/point_reg[7]_i_27/O
                         net (fo=64, routed)          2.156     5.143    workout_classifier_i/mlp_controller_0/inst/mlp_controller_slave_lite_v1_0_S00_AXI_inst/mlp_inst/point_reg[7]_i_27_n_0
    SLICE_X22Y159        LUT6 (Prop_B6LUT_SLICEL_I4_O)
                                                      0.098     5.241 f  workout_classifier_i/mlp_controller_0/inst/mlp_controller_slave_lite_v1_0_S00_AXI_inst/mlp_inst/point_reg[1]_i_16/O
                         net (fo=1, routed)           0.009     5.250    workout_classifier_i/mlp_controller_0/inst/mlp_controller_slave_lite_v1_0_S00_AXI_inst/mlp_inst/point_reg[1]_i_16_n_0
    SLICE_X22Y159        MUXF7 (Prop_F7MUX_AB_SLICEL_I0_O)
                                                      0.056     5.306 f  workout_classifier_i/mlp_controller_0/inst/mlp_controller_slave_lite_v1_0_S00_AXI_inst/mlp_inst/point_reg[1]_i_9/O
                         net (fo=1, routed)           0.000     5.306    workout_classifier_i/mlp_controller_0/inst/mlp_controller_slave_lite_v1_0_S00_AXI_inst/mlp_inst/point_reg[1]_i_9_n_0
    SLICE_X22Y159        MUXF8 (Prop_F8MUX_BOT_SLICEL_I1_O)
                                                      0.026     5.332 f  workout_classifier_i/mlp_controller_0/inst/mlp_controller_slave_lite_v1_0_S00_AXI_inst/mlp_inst/point_reg[1]_i_5/O
                         net (fo=1, routed)           0.200     5.532    workout_classifier_i/mlp_controller_0/inst/mlp_controller_slave_lite_v1_0_S00_AXI_inst/mlp_inst/point_reg[1]_i_5_n_0
    SLICE_X22Y164        LUT6 (Prop_G6LUT_SLICEL_I5_O)
                                                      0.149     5.681 f  workout_classifier_i/mlp_controller_0/inst/mlp_controller_slave_lite_v1_0_S00_AXI_inst/mlp_inst/point_reg[1]_i_2/O
                         net (fo=1, routed)           1.533     7.214    workout_classifier_i/mlp_controller_0/inst/mlp_controller_slave_lite_v1_0_S00_AXI_inst/mlp_inst/point_reg[1]_i_2_n_0
    SLICE_X39Y42         LUT4 (Prop_D6LUT_SLICEM_I0_O)
                                                      0.122     7.336 r  workout_classifier_i/mlp_controller_0/inst/mlp_controller_slave_lite_v1_0_S00_AXI_inst/mlp_inst/point_reg[1]_i_1/O
                         net (fo=1, routed)           0.272     7.608    workout_classifier_i/mlp_controller_0/inst/mlp_controller_slave_lite_v1_0_S00_AXI_inst/mlp_inst/point_reg[1]_i_1_n_0
    SLICE_X39Y43         LDCE                                         r  workout_classifier_i/mlp_controller_0/inst/mlp_controller_slave_lite_v1_0_S00_AXI_inst/mlp_inst/point_reg[1]/D
  -------------------------------------------------------------------    -------------------

Slack:                    inf
  Source:                 workout_classifier_i/mlp_controller_0/inst/mlp_controller_slave_lite_v1_0_S00_AXI_inst/mlp_inst/layer1_input_count_reg[3]/C
                            (rising edge-triggered cell FDRE clocked by clk_pl_0  {rise@0.000ns fall@5.156ns period=10.312ns})
  Destination:            workout_classifier_i/mlp_controller_0/inst/mlp_controller_slave_lite_v1_0_S00_AXI_inst/mlp_inst/point_reg[6]/D
  Path Group:             (none)
  Path Type:              Max at Slow Process Corner
  Data Path Delay:        5.346ns  (logic 0.348ns (6.510%)  route 4.998ns (93.490%))
  Logic Levels:           4  (LUT2=1 LUT4=1 LUT6=1 MUXF8=1)
  Clock Uncertainty:      0.157ns  ((TSJ^2 + DJ^2)^1/2) / 2 + PE
    Total System Jitter     (TSJ):    0.050ns
    Discrete Jitter          (DJ):    0.310ns
    Phase Error              (PE):    0.000ns
  Clock Net Delay (Source):      1.781ns (routing 0.591ns, distribution 1.190ns)

    Location             Delay type                Incr(ns)  Path(ns)    Netlist Resource(s)
  -------------------------------------------------------------------    -------------------
                         (clock clk_pl_0 rise edge)
                                                      0.000     0.000 r  
    PS8_X0Y0             PS8                          0.000     0.000 r  workout_classifier_i/zynq_ultra_ps_e_0/inst/PS8_i/PLCLK[0]
                         net (fo=1, routed)           0.171     0.171    workout_classifier_i/zynq_ultra_ps_e_0/inst/pl_clk_unbuffered[0]
    BUFG_PS_X0Y58        BUFG_PS (Prop_BUFG_PS_I_O)
                                                      0.028     0.199 r  workout_classifier_i/zynq_ultra_ps_e_0/inst/buffer_pl_clk_0.PL_CLK_0_BUFG/O
    X0Y1 (CLOCK_ROOT)    net (fo=103775, routed)      1.781     1.980    workout_classifier_i/mlp_controller_0/inst/mlp_controller_slave_lite_v1_0_S00_AXI_inst/mlp_inst/s00_axi_aclk
    SLICE_X44Y34         FDRE                                         r  workout_classifier_i/mlp_controller_0/inst/mlp_controller_slave_lite_v1_0_S00_AXI_inst/mlp_inst/layer1_input_count_reg[3]/C
  -------------------------------------------------------------------    -------------------
    SLICE_X44Y34         FDRE (Prop_FFF_SLICEL_C_Q)
                                                      0.079     2.059 f  workout_classifier_i/mlp_controller_0/inst/mlp_controller_slave_lite_v1_0_S00_AXI_inst/mlp_inst/layer1_input_count_reg[3]/Q
                         net (fo=53, routed)          0.248     2.307    workout_classifier_i/mlp_controller_0/inst/mlp_controller_slave_lite_v1_0_S00_AXI_inst/mlp_inst/layer1_input_count_reg[3]
    SLICE_X44Y36         LUT2 (Prop_E6LUT_SLICEL_I0_O)
                                                      0.051     2.358 r  workout_classifier_i/mlp_controller_0/inst/mlp_controller_slave_lite_v1_0_S00_AXI_inst/mlp_inst/point_reg[7]_i_14/O
                         net (fo=16, routed)          2.648     5.006    workout_classifier_i/mlp_controller_0/inst/mlp_controller_slave_lite_v1_0_S00_AXI_inst/mlp_inst/point_reg[7]_i_14_n_0
    SLICE_X18Y174        MUXF8 (Prop_F8MUX_BOT_SLICEL_S_O)
                                                      0.069     5.075 f  workout_classifier_i/mlp_controller_0/inst/mlp_controller_slave_lite_v1_0_S00_AXI_inst/mlp_inst/point_reg[6]_i_4/O
                         net (fo=1, routed)           0.425     5.500    workout_classifier_i/mlp_controller_0/inst/mlp_controller_slave_lite_v1_0_S00_AXI_inst/mlp_inst/point_reg[6]_i_4_n_0
    SLICE_X20Y171        LUT6 (Prop_D6LUT_SLICEM_I3_O)
                                                      0.051     5.551 f  workout_classifier_i/mlp_controller_0/inst/mlp_controller_slave_lite_v1_0_S00_AXI_inst/mlp_inst/point_reg[6]_i_2/O
                         net (fo=1, routed)           1.475     7.026    workout_classifier_i/mlp_controller_0/inst/mlp_controller_slave_lite_v1_0_S00_AXI_inst/mlp_inst/point_reg[6]_i_2_n_0
    SLICE_X38Y43         LUT4 (Prop_B6LUT_SLICEL_I0_O)
                                                      0.098     7.124 r  workout_classifier_i/mlp_controller_0/inst/mlp_controller_slave_lite_v1_0_S00_AXI_inst/mlp_inst/point_reg[6]_i_1/O
                         net (fo=1, routed)           0.202     7.326    workout_classifier_i/mlp_controller_0/inst/mlp_controller_slave_lite_v1_0_S00_AXI_inst/mlp_inst/point_reg[6]_i_1_n_0
    SLICE_X39Y43         LDCE                                         r  workout_classifier_i/mlp_controller_0/inst/mlp_controller_slave_lite_v1_0_S00_AXI_inst/mlp_inst/point_reg[6]/D
  -------------------------------------------------------------------    -------------------

Slack:                    inf
  Source:                 workout_classifier_i/mlp_controller_0/inst/mlp_controller_slave_lite_v1_0_S00_AXI_inst/mlp_inst/layer1_input_count_reg[3]/C
                            (rising edge-triggered cell FDRE clocked by clk_pl_0  {rise@0.000ns fall@5.156ns period=10.312ns})
  Destination:            workout_classifier_i/mlp_controller_0/inst/mlp_controller_slave_lite_v1_0_S00_AXI_inst/mlp_inst/point_reg[3]/D
  Path Group:             (none)
  Path Type:              Max at Slow Process Corner
  Data Path Delay:        5.204ns  (logic 0.414ns (7.956%)  route 4.790ns (92.044%))
  Logic Levels:           4  (LUT2=1 LUT4=1 LUT6=1 MUXF8=1)
  Clock Uncertainty:      0.157ns  ((TSJ^2 + DJ^2)^1/2) / 2 + PE
    Total System Jitter     (TSJ):    0.050ns
    Discrete Jitter          (DJ):    0.310ns
    Phase Error              (PE):    0.000ns
  Clock Net Delay (Source):      1.781ns (routing 0.591ns, distribution 1.190ns)

    Location             Delay type                Incr(ns)  Path(ns)    Netlist Resource(s)
  -------------------------------------------------------------------    -------------------
                         (clock clk_pl_0 rise edge)
                                                      0.000     0.000 r  
    PS8_X0Y0             PS8                          0.000     0.000 r  workout_classifier_i/zynq_ultra_ps_e_0/inst/PS8_i/PLCLK[0]
                         net (fo=1, routed)           0.171     0.171    workout_classifier_i/zynq_ultra_ps_e_0/inst/pl_clk_unbuffered[0]
    BUFG_PS_X0Y58        BUFG_PS (Prop_BUFG_PS_I_O)
                                                      0.028     0.199 r  workout_classifier_i/zynq_ultra_ps_e_0/inst/buffer_pl_clk_0.PL_CLK_0_BUFG/O
    X0Y1 (CLOCK_ROOT)    net (fo=103775, routed)      1.781     1.980    workout_classifier_i/mlp_controller_0/inst/mlp_controller_slave_lite_v1_0_S00_AXI_inst/mlp_inst/s00_axi_aclk
    SLICE_X44Y34         FDRE                                         r  workout_classifier_i/mlp_controller_0/inst/mlp_controller_slave_lite_v1_0_S00_AXI_inst/mlp_inst/layer1_input_count_reg[3]/C
  -------------------------------------------------------------------    -------------------
    SLICE_X44Y34         FDRE (Prop_FFF_SLICEL_C_Q)
                                                      0.079     2.059 f  workout_classifier_i/mlp_controller_0/inst/mlp_controller_slave_lite_v1_0_S00_AXI_inst/mlp_inst/layer1_input_count_reg[3]/Q
                         net (fo=53, routed)          0.248     2.307    workout_classifier_i/mlp_controller_0/inst/mlp_controller_slave_lite_v1_0_S00_AXI_inst/mlp_inst/layer1_input_count_reg[3]
    SLICE_X44Y36         LUT2 (Prop_E6LUT_SLICEL_I0_O)
                                                      0.051     2.358 r  workout_classifier_i/mlp_controller_0/inst/mlp_controller_slave_lite_v1_0_S00_AXI_inst/mlp_inst/point_reg[7]_i_14/O
                         net (fo=16, routed)          2.729     5.087    workout_classifier_i/mlp_controller_0/inst/mlp_controller_slave_lite_v1_0_S00_AXI_inst/mlp_inst/point_reg[7]_i_14_n_0
    SLICE_X19Y175        MUXF8 (Prop_F8MUX_BOT_SLICEM_S_O)
                                                      0.074     5.161 f  workout_classifier_i/mlp_controller_0/inst/mlp_controller_slave_lite_v1_0_S00_AXI_inst/mlp_inst/point_reg[3]_i_4/O
                         net (fo=1, routed)           0.397     5.558    workout_classifier_i/mlp_controller_0/inst/mlp_controller_slave_lite_v1_0_S00_AXI_inst/mlp_inst/point_reg[3]_i_4_n_0
    SLICE_X24Y169        LUT6 (Prop_D6LUT_SLICEM_I3_O)
                                                      0.145     5.703 f  workout_classifier_i/mlp_controller_0/inst/mlp_controller_slave_lite_v1_0_S00_AXI_inst/mlp_inst/point_reg[3]_i_2/O
                         net (fo=1, routed)           1.401     7.104    workout_classifier_i/mlp_controller_0/inst/mlp_controller_slave_lite_v1_0_S00_AXI_inst/mlp_inst/point_reg[3]_i_2_n_0
    SLICE_X44Y46         LUT4 (Prop_H5LUT_SLICEL_I0_O)
                                                      0.065     7.169 r  workout_classifier_i/mlp_controller_0/inst/mlp_controller_slave_lite_v1_0_S00_AXI_inst/mlp_inst/point_reg[3]_i_1/O
                         net (fo=1, routed)           0.015     7.184    workout_classifier_i/mlp_controller_0/inst/mlp_controller_slave_lite_v1_0_S00_AXI_inst/mlp_inst/point_reg[3]_i_1_n_0
    SLICE_X44Y46         LDCE                                         r  workout_classifier_i/mlp_controller_0/inst/mlp_controller_slave_lite_v1_0_S00_AXI_inst/mlp_inst/point_reg[3]/D
  -------------------------------------------------------------------    -------------------

Slack:                    inf
  Source:                 workout_classifier_i/mlp_controller_0/inst/mlp_controller_slave_lite_v1_0_S00_AXI_inst/mlp_inst/layer2_input_count_reg[3]/C
                            (rising edge-triggered cell FDRE clocked by clk_pl_0  {rise@0.000ns fall@5.156ns period=10.312ns})
  Destination:            workout_classifier_i/mlp_controller_0/inst/mlp_controller_slave_lite_v1_0_S00_AXI_inst/mlp_inst/weight_reg[0]/D
  Path Group:             (none)
  Path Type:              Max at Slow Process Corner
  Data Path Delay:        3.846ns  (logic 0.344ns (8.945%)  route 3.502ns (91.055%))
  Logic Levels:           4  (LUT5=1 LUT6=1 MUXF7=1 MUXF8=1)
  Clock Uncertainty:      0.157ns  ((TSJ^2 + DJ^2)^1/2) / 2 + PE
    Total System Jitter     (TSJ):    0.050ns
    Discrete Jitter          (DJ):    0.310ns
    Phase Error              (PE):    0.000ns
  Clock Net Delay (Source):      1.797ns (routing 0.591ns, distribution 1.206ns)

    Location             Delay type                Incr(ns)  Path(ns)    Netlist Resource(s)
  -------------------------------------------------------------------    -------------------
                         (clock clk_pl_0 rise edge)
                                                      0.000     0.000 r  
    PS8_X0Y0             PS8                          0.000     0.000 r  workout_classifier_i/zynq_ultra_ps_e_0/inst/PS8_i/PLCLK[0]
                         net (fo=1, routed)           0.171     0.171    workout_classifier_i/zynq_ultra_ps_e_0/inst/pl_clk_unbuffered[0]
    BUFG_PS_X0Y58        BUFG_PS (Prop_BUFG_PS_I_O)
                                                      0.028     0.199 r  workout_classifier_i/zynq_ultra_ps_e_0/inst/buffer_pl_clk_0.PL_CLK_0_BUFG/O
    X0Y1 (CLOCK_ROOT)    net (fo=103775, routed)      1.797     1.996    workout_classifier_i/mlp_controller_0/inst/mlp_controller_slave_lite_v1_0_S00_AXI_inst/mlp_inst/s00_axi_aclk
    SLICE_X44Y33         FDRE                                         r  workout_classifier_i/mlp_controller_0/inst/mlp_controller_slave_lite_v1_0_S00_AXI_inst/mlp_inst/layer2_input_count_reg[3]/C
  -------------------------------------------------------------------    -------------------
    SLICE_X44Y33         FDRE (Prop_BFF2_SLICEL_C_Q)
                                                      0.080     2.076 r  workout_classifier_i/mlp_controller_0/inst/mlp_controller_slave_lite_v1_0_S00_AXI_inst/mlp_inst/layer2_input_count_reg[3]/Q
                         net (fo=180, routed)         2.402     4.478    workout_classifier_i/mlp_controller_0/inst/mlp_controller_slave_lite_v1_0_S00_AXI_inst/mlp_inst/layer2_input_count_reg[3]
    SLICE_X32Y0          MUXF8 (Prop_F8MUX_BOT_SLICEL_S_O)
                                                      0.069     4.547 r  workout_classifier_i/mlp_controller_0/inst/mlp_controller_slave_lite_v1_0_S00_AXI_inst/mlp_inst/weight_reg[0]_i_17/O
                         net (fo=1, routed)           0.571     5.118    workout_classifier_i/mlp_controller_0/inst/mlp_controller_slave_lite_v1_0_S00_AXI_inst/mlp_inst/weight_reg[0]_i_17_n_0
    SLICE_X39Y7          LUT6 (Prop_H6LUT_SLICEM_I0_O)
                                                      0.039     5.157 r  workout_classifier_i/mlp_controller_0/inst/mlp_controller_slave_lite_v1_0_S00_AXI_inst/mlp_inst/weight_reg[0]_i_7/O
                         net (fo=1, routed)           0.476     5.633    workout_classifier_i/mlp_controller_0/inst/mlp_controller_slave_lite_v1_0_S00_AXI_inst/mlp_inst/weight_reg[0]_i_7_n_0
    SLICE_X43Y32         LUT5 (Prop_C6LUT_SLICEM_I2_O)
                                                      0.088     5.721 r  workout_classifier_i/mlp_controller_0/inst/mlp_controller_slave_lite_v1_0_S00_AXI_inst/mlp_inst/weight_reg[0]_i_3/O
                         net (fo=1, routed)           0.021     5.742    workout_classifier_i/mlp_controller_0/inst/mlp_controller_slave_lite_v1_0_S00_AXI_inst/mlp_inst/weight_reg[0]_i_3_n_0
    SLICE_X43Y32         MUXF7 (Prop_F7MUX_CD_SLICEM_I1_O)
                                                      0.068     5.810 r  workout_classifier_i/mlp_controller_0/inst/mlp_controller_slave_lite_v1_0_S00_AXI_inst/mlp_inst/weight_reg[0]_i_1/O
                         net (fo=1, routed)           0.032     5.842    workout_classifier_i/mlp_controller_0/inst/mlp_controller_slave_lite_v1_0_S00_AXI_inst/mlp_inst/weight__0[0]
    SLICE_X43Y32         LDCE                                         r  workout_classifier_i/mlp_controller_0/inst/mlp_controller_slave_lite_v1_0_S00_AXI_inst/mlp_inst/weight_reg[0]/D
  -------------------------------------------------------------------    -------------------

Slack:                    inf
  Source:                 workout_classifier_i/mlp_controller_0/inst/mlp_controller_slave_lite_v1_0_S00_AXI_inst/mlp_inst/layer2_input_count_reg[2]_rep/C
                            (rising edge-triggered cell FDRE clocked by clk_pl_0  {rise@0.000ns fall@5.156ns period=10.312ns})
  Destination:            workout_classifier_i/mlp_controller_0/inst/mlp_controller_slave_lite_v1_0_S00_AXI_inst/mlp_inst/weight_reg[1]/D
  Path Group:             (none)
  Path Type:              Max at Slow Process Corner
  Data Path Delay:        3.687ns  (logic 0.523ns (14.185%)  route 3.164ns (85.815%))
  Logic Levels:           5  (LUT5=1 LUT6=1 MUXF7=2 MUXF8=1)
  Clock Uncertainty:      0.157ns  ((TSJ^2 + DJ^2)^1/2) / 2 + PE
    Total System Jitter     (TSJ):    0.050ns
    Discrete Jitter          (DJ):    0.310ns
    Phase Error              (PE):    0.000ns
  Clock Net Delay (Source):      1.797ns (routing 0.591ns, distribution 1.206ns)

    Location             Delay type                Incr(ns)  Path(ns)    Netlist Resource(s)
  -------------------------------------------------------------------    -------------------
                         (clock clk_pl_0 rise edge)
                                                      0.000     0.000 r  
    PS8_X0Y0             PS8                          0.000     0.000 r  workout_classifier_i/zynq_ultra_ps_e_0/inst/PS8_i/PLCLK[0]
                         net (fo=1, routed)           0.171     0.171    workout_classifier_i/zynq_ultra_ps_e_0/inst/pl_clk_unbuffered[0]
    BUFG_PS_X0Y58        BUFG_PS (Prop_BUFG_PS_I_O)
                                                      0.028     0.199 r  workout_classifier_i/zynq_ultra_ps_e_0/inst/buffer_pl_clk_0.PL_CLK_0_BUFG/O
    X0Y1 (CLOCK_ROOT)    net (fo=103775, routed)      1.797     1.996    workout_classifier_i/mlp_controller_0/inst/mlp_controller_slave_lite_v1_0_S00_AXI_inst/mlp_inst/s00_axi_aclk
    SLICE_X44Y33         FDRE                                         r  workout_classifier_i/mlp_controller_0/inst/mlp_controller_slave_lite_v1_0_S00_AXI_inst/mlp_inst/layer2_input_count_reg[2]_rep/C
  -------------------------------------------------------------------    -------------------
    SLICE_X44Y33         FDRE (Prop_DFF2_SLICEL_C_Q)
                                                      0.081     2.077 r  workout_classifier_i/mlp_controller_0/inst/mlp_controller_slave_lite_v1_0_S00_AXI_inst/mlp_inst/layer2_input_count_reg[2]_rep/Q
                         net (fo=120, routed)         2.084     4.161    workout_classifier_i/mlp_controller_0/inst/mlp_controller_slave_lite_v1_0_S00_AXI_inst/mlp_inst/layer2_input_count_reg[2]_rep_n_0
    SLICE_X37Y8          MUXF7 (Prop_F7MUX_CD_SLICEM_S_O)
                                                      0.070     4.231 r  workout_classifier_i/mlp_controller_0/inst/mlp_controller_slave_lite_v1_0_S00_AXI_inst/mlp_inst/weight_reg[1]_i_43/O
                         net (fo=1, routed)           0.000     4.231    workout_classifier_i/mlp_controller_0/inst/mlp_controller_slave_lite_v1_0_S00_AXI_inst/mlp_inst/weight_reg[1]_i_43_n_0
    SLICE_X37Y8          MUXF8 (Prop_F8MUX_BOT_SLICEM_I0_O)
                                                      0.030     4.261 r  workout_classifier_i/mlp_controller_0/inst/mlp_controller_slave_lite_v1_0_S00_AXI_inst/mlp_inst/weight_reg[1]_i_18/O
                         net (fo=1, routed)           0.560     4.821    workout_classifier_i/mlp_controller_0/inst/mlp_controller_slave_lite_v1_0_S00_AXI_inst/mlp_inst/weight_reg[1]_i_18_n_0
    SLICE_X42Y5          LUT6 (Prop_H6LUT_SLICEM_I1_O)
                                                      0.152     4.973 r  workout_classifier_i/mlp_controller_0/inst/mlp_controller_slave_lite_v1_0_S00_AXI_inst/mlp_inst/weight_reg[1]_i_7/O
                         net (fo=1, routed)           0.471     5.444    workout_classifier_i/mlp_controller_0/inst/mlp_controller_slave_lite_v1_0_S00_AXI_inst/mlp_inst/weight_reg[1]_i_7_n_0
    SLICE_X43Y30         LUT5 (Prop_G6LUT_SLICEM_I2_O)
                                                      0.123     5.567 r  workout_classifier_i/mlp_controller_0/inst/mlp_controller_slave_lite_v1_0_S00_AXI_inst/mlp_inst/weight_reg[1]_i_3/O
                         net (fo=1, routed)           0.017     5.584    workout_classifier_i/mlp_controller_0/inst/mlp_controller_slave_lite_v1_0_S00_AXI_inst/mlp_inst/weight_reg[1]_i_3_n_0
    SLICE_X43Y30         MUXF7 (Prop_F7MUX_GH_SLICEM_I1_O)
                                                      0.067     5.651 r  workout_classifier_i/mlp_controller_0/inst/mlp_controller_slave_lite_v1_0_S00_AXI_inst/mlp_inst/weight_reg[1]_i_1/O
                         net (fo=1, routed)           0.032     5.683    workout_classifier_i/mlp_controller_0/inst/mlp_controller_slave_lite_v1_0_S00_AXI_inst/mlp_inst/weight__0[1]
    SLICE_X43Y30         LDCE                                         r  workout_classifier_i/mlp_controller_0/inst/mlp_controller_slave_lite_v1_0_S00_AXI_inst/mlp_inst/weight_reg[1]/D
  -------------------------------------------------------------------    -------------------





Min Delay Paths
--------------------------------------------------------------------------------------
Slack:                    inf
  Source:                 workout_classifier_i/mlp_controller_0/inst/mlp_controller_slave_lite_v1_0_S00_AXI_inst/mlp_inst/current_layer2_mac_out_reg[4]/C
                            (rising edge-triggered cell FDRE clocked by clk_pl_0  {rise@0.000ns fall@5.156ns period=10.312ns})
  Destination:            workout_classifier_i/mlp_controller_0/inst/mlp_controller_slave_lite_v1_0_S00_AXI_inst/mlp_inst/acc_in_reg[4]/D
  Path Group:             (none)
  Path Type:              Min at Fast Process Corner
  Data Path Delay:        0.122ns  (logic 0.062ns (50.820%)  route 0.060ns (49.180%))
  Logic Levels:           1  (LUT5=1)
  Clock Uncertainty:      0.157ns  ((TSJ^2 + DJ^2)^1/2) / 2 + PE
    Total System Jitter     (TSJ):    0.050ns
    Discrete Jitter          (DJ):    0.310ns
    Phase Error              (PE):    0.000ns
  Clock Net Delay (Source):      0.989ns (routing 0.324ns, distribution 0.665ns)

    Location             Delay type                Incr(ns)  Path(ns)    Netlist Resource(s)
  -------------------------------------------------------------------    -------------------
                         (clock clk_pl_0 rise edge)
                                                      0.000     0.000 r  
    PS8_X0Y0             PS8                          0.000     0.000 r  workout_classifier_i/zynq_ultra_ps_e_0/inst/PS8_i/PLCLK[0]
                         net (fo=1, routed)           0.094     0.094    workout_classifier_i/zynq_ultra_ps_e_0/inst/pl_clk_unbuffered[0]
    BUFG_PS_X0Y58        BUFG_PS (Prop_BUFG_PS_I_O)
                                                      0.017     0.111 r  workout_classifier_i/zynq_ultra_ps_e_0/inst/buffer_pl_clk_0.PL_CLK_0_BUFG/O
    X0Y1 (CLOCK_ROOT)    net (fo=103775, routed)      0.989     1.100    workout_classifier_i/mlp_controller_0/inst/mlp_controller_slave_lite_v1_0_S00_AXI_inst/mlp_inst/s00_axi_aclk
    SLICE_X45Y44         FDRE                                         r  workout_classifier_i/mlp_controller_0/inst/mlp_controller_slave_lite_v1_0_S00_AXI_inst/mlp_inst/current_layer2_mac_out_reg[4]/C
  -------------------------------------------------------------------    -------------------
    SLICE_X45Y44         FDRE (Prop_AFF_SLICEM_C_Q)
                                                      0.038     1.138 r  workout_classifier_i/mlp_controller_0/inst/mlp_controller_slave_lite_v1_0_S00_AXI_inst/mlp_inst/current_layer2_mac_out_reg[4]/Q
                         net (fo=1, routed)           0.051     1.189    workout_classifier_i/mlp_controller_0/inst/mlp_controller_slave_lite_v1_0_S00_AXI_inst/mlp_inst/current_layer2_mac_out[4]
    SLICE_X45Y46         LUT5 (Prop_D5LUT_SLICEM_I4_O)
                                                      0.024     1.213 r  workout_classifier_i/mlp_controller_0/inst/mlp_controller_slave_lite_v1_0_S00_AXI_inst/mlp_inst/acc_in_reg[4]_i_1/O
                         net (fo=1, routed)           0.009     1.222    workout_classifier_i/mlp_controller_0/inst/mlp_controller_slave_lite_v1_0_S00_AXI_inst/mlp_inst/acc_in_reg[4]_i_1_n_0
    SLICE_X45Y46         LDCE                                         r  workout_classifier_i/mlp_controller_0/inst/mlp_controller_slave_lite_v1_0_S00_AXI_inst/mlp_inst/acc_in_reg[4]/D
  -------------------------------------------------------------------    -------------------

Slack:                    inf
  Source:                 workout_classifier_i/mlp_controller_0/inst/mlp_controller_slave_lite_v1_0_S00_AXI_inst/mlp_inst/layer2_neuron_count_reg[1]/C
                            (rising edge-triggered cell FDRE clocked by clk_pl_0  {rise@0.000ns fall@5.156ns period=10.312ns})
  Destination:            workout_classifier_i/mlp_controller_0/inst/mlp_controller_slave_lite_v1_0_S00_AXI_inst/mlp_inst/neuron_reg[1]/D
  Path Group:             (none)
  Path Type:              Min at Fast Process Corner
  Data Path Delay:        0.149ns  (logic 0.059ns (39.668%)  route 0.090ns (60.332%))
  Logic Levels:           1  (LUT5=1)
  Clock Uncertainty:      0.157ns  ((TSJ^2 + DJ^2)^1/2) / 2 + PE
    Total System Jitter     (TSJ):    0.050ns
    Discrete Jitter          (DJ):    0.310ns
    Phase Error              (PE):    0.000ns
  Clock Net Delay (Source):      0.988ns (routing 0.324ns, distribution 0.664ns)

    Location             Delay type                Incr(ns)  Path(ns)    Netlist Resource(s)
  -------------------------------------------------------------------    -------------------
                         (clock clk_pl_0 rise edge)
                                                      0.000     0.000 r  
    PS8_X0Y0             PS8                          0.000     0.000 r  workout_classifier_i/zynq_ultra_ps_e_0/inst/PS8_i/PLCLK[0]
                         net (fo=1, routed)           0.094     0.094    workout_classifier_i/zynq_ultra_ps_e_0/inst/pl_clk_unbuffered[0]
    BUFG_PS_X0Y58        BUFG_PS (Prop_BUFG_PS_I_O)
                                                      0.017     0.111 r  workout_classifier_i/zynq_ultra_ps_e_0/inst/buffer_pl_clk_0.PL_CLK_0_BUFG/O
    X0Y1 (CLOCK_ROOT)    net (fo=103775, routed)      0.988     1.099    workout_classifier_i/mlp_controller_0/inst/mlp_controller_slave_lite_v1_0_S00_AXI_inst/mlp_inst/s00_axi_aclk
    SLICE_X42Y38         FDRE                                         r  workout_classifier_i/mlp_controller_0/inst/mlp_controller_slave_lite_v1_0_S00_AXI_inst/mlp_inst/layer2_neuron_count_reg[1]/C
  -------------------------------------------------------------------    -------------------
    SLICE_X42Y38         FDRE (Prop_GFF_SLICEM_C_Q)
                                                      0.039     1.138 r  workout_classifier_i/mlp_controller_0/inst/mlp_controller_slave_lite_v1_0_S00_AXI_inst/mlp_inst/layer2_neuron_count_reg[1]/Q
                         net (fo=21, routed)          0.084     1.222    workout_classifier_i/mlp_controller_0/inst/mlp_controller_slave_lite_v1_0_S00_AXI_inst/mlp_inst/layer2_neuron_count_reg[1]
    SLICE_X41Y37         LUT5 (Prop_H5LUT_SLICEL_I0_O)
                                                      0.020     1.242 r  workout_classifier_i/mlp_controller_0/inst/mlp_controller_slave_lite_v1_0_S00_AXI_inst/mlp_inst/neuron_reg[1]_i_1/O
                         net (fo=1, routed)           0.006     1.248    workout_classifier_i/mlp_controller_0/inst/mlp_controller_slave_lite_v1_0_S00_AXI_inst/mlp_inst/neuron_reg[1]_i_1_n_0
    SLICE_X41Y37         LDCE                                         r  workout_classifier_i/mlp_controller_0/inst/mlp_controller_slave_lite_v1_0_S00_AXI_inst/mlp_inst/neuron_reg[1]/D
  -------------------------------------------------------------------    -------------------

Slack:                    inf
  Source:                 workout_classifier_i/mlp_controller_0/inst/mlp_controller_slave_lite_v1_0_S00_AXI_inst/mlp_inst/layer1_neuron_count_reg[0]/C
                            (rising edge-triggered cell FDRE clocked by clk_pl_0  {rise@0.000ns fall@5.156ns period=10.312ns})
  Destination:            workout_classifier_i/mlp_controller_0/inst/mlp_controller_slave_lite_v1_0_S00_AXI_inst/mlp_inst/bias_sel_reg[0]/D
  Path Group:             (none)
  Path Type:              Min at Fast Process Corner
  Data Path Delay:        0.158ns  (logic 0.061ns (38.690%)  route 0.097ns (61.310%))
  Logic Levels:           1  (LUT6=1)
  Clock Uncertainty:      0.157ns  ((TSJ^2 + DJ^2)^1/2) / 2 + PE
    Total System Jitter     (TSJ):    0.050ns
    Discrete Jitter          (DJ):    0.310ns
    Phase Error              (PE):    0.000ns
  Clock Net Delay (Source):      0.989ns (routing 0.324ns, distribution 0.665ns)

    Location             Delay type                Incr(ns)  Path(ns)    Netlist Resource(s)
  -------------------------------------------------------------------    -------------------
                         (clock clk_pl_0 rise edge)
                                                      0.000     0.000 r  
    PS8_X0Y0             PS8                          0.000     0.000 r  workout_classifier_i/zynq_ultra_ps_e_0/inst/PS8_i/PLCLK[0]
                         net (fo=1, routed)           0.094     0.094    workout_classifier_i/zynq_ultra_ps_e_0/inst/pl_clk_unbuffered[0]
    BUFG_PS_X0Y58        BUFG_PS (Prop_BUFG_PS_I_O)
                                                      0.017     0.111 r  workout_classifier_i/zynq_ultra_ps_e_0/inst/buffer_pl_clk_0.PL_CLK_0_BUFG/O
    X0Y1 (CLOCK_ROOT)    net (fo=103775, routed)      0.989     1.100    workout_classifier_i/mlp_controller_0/inst/mlp_controller_slave_lite_v1_0_S00_AXI_inst/mlp_inst/s00_axi_aclk
    SLICE_X42Y38         FDRE                                         r  workout_classifier_i/mlp_controller_0/inst/mlp_controller_slave_lite_v1_0_S00_AXI_inst/mlp_inst/layer1_neuron_count_reg[0]/C
  -------------------------------------------------------------------    -------------------
    SLICE_X42Y38         FDRE (Prop_DFF_SLICEM_C_Q)
                                                      0.039     1.139 r  workout_classifier_i/mlp_controller_0/inst/mlp_controller_slave_lite_v1_0_S00_AXI_inst/mlp_inst/layer1_neuron_count_reg[0]/Q
                         net (fo=34, routed)          0.083     1.222    workout_classifier_i/mlp_controller_0/inst/mlp_controller_slave_lite_v1_0_S00_AXI_inst/mlp_inst/layer1_neuron_count_reg[0]
    SLICE_X44Y38         LUT6 (Prop_D6LUT_SLICEL_I2_O)
                                                      0.022     1.244 r  workout_classifier_i/mlp_controller_0/inst/mlp_controller_slave_lite_v1_0_S00_AXI_inst/mlp_inst/bias_sel_reg[0]_i_1/O
                         net (fo=1, routed)           0.014     1.258    workout_classifier_i/mlp_controller_0/inst/mlp_controller_slave_lite_v1_0_S00_AXI_inst/mlp_inst/bias_sel_reg[0]_i_1_n_0
    SLICE_X44Y38         LDCE                                         r  workout_classifier_i/mlp_controller_0/inst/mlp_controller_slave_lite_v1_0_S00_AXI_inst/mlp_inst/bias_sel_reg[0]/D
  -------------------------------------------------------------------    -------------------

Slack:                    inf
  Source:                 workout_classifier_i/mlp_controller_0/inst/mlp_controller_slave_lite_v1_0_S00_AXI_inst/mlp_inst/layer2_input_count_reg[2]/C
                            (rising edge-triggered cell FDRE clocked by clk_pl_0  {rise@0.000ns fall@5.156ns period=10.312ns})
  Destination:            workout_classifier_i/mlp_controller_0/inst/mlp_controller_slave_lite_v1_0_S00_AXI_inst/mlp_inst/input_num_reg[2]/D
  Path Group:             (none)
  Path Type:              Min at Fast Process Corner
  Data Path Delay:        0.163ns  (logic 0.081ns (49.665%)  route 0.082ns (50.335%))
  Logic Levels:           1  (LUT5=1)
  Clock Uncertainty:      0.157ns  ((TSJ^2 + DJ^2)^1/2) / 2 + PE
    Total System Jitter     (TSJ):    0.050ns
    Discrete Jitter          (DJ):    0.310ns
    Phase Error              (PE):    0.000ns
  Clock Net Delay (Source):      0.988ns (routing 0.324ns, distribution 0.664ns)

    Location             Delay type                Incr(ns)  Path(ns)    Netlist Resource(s)
  -------------------------------------------------------------------    -------------------
                         (clock clk_pl_0 rise edge)
                                                      0.000     0.000 r  
    PS8_X0Y0             PS8                          0.000     0.000 r  workout_classifier_i/zynq_ultra_ps_e_0/inst/PS8_i/PLCLK[0]
                         net (fo=1, routed)           0.094     0.094    workout_classifier_i/zynq_ultra_ps_e_0/inst/pl_clk_unbuffered[0]
    BUFG_PS_X0Y58        BUFG_PS (Prop_BUFG_PS_I_O)
                                                      0.017     0.111 r  workout_classifier_i/zynq_ultra_ps_e_0/inst/buffer_pl_clk_0.PL_CLK_0_BUFG/O
    X0Y1 (CLOCK_ROOT)    net (fo=103775, routed)      0.988     1.099    workout_classifier_i/mlp_controller_0/inst/mlp_controller_slave_lite_v1_0_S00_AXI_inst/mlp_inst/s00_axi_aclk
    SLICE_X44Y33         FDRE                                         r  workout_classifier_i/mlp_controller_0/inst/mlp_controller_slave_lite_v1_0_S00_AXI_inst/mlp_inst/layer2_input_count_reg[2]/C
  -------------------------------------------------------------------    -------------------
    SLICE_X44Y33         FDRE (Prop_AFF_SLICEL_C_Q)
                                                      0.039     1.138 r  workout_classifier_i/mlp_controller_0/inst/mlp_controller_slave_lite_v1_0_S00_AXI_inst/mlp_inst/layer2_input_count_reg[2]/Q
                         net (fo=6, routed)           0.073     1.211    workout_classifier_i/mlp_controller_0/inst/mlp_controller_slave_lite_v1_0_S00_AXI_inst/mlp_inst/layer2_input_count_reg[2]
    SLICE_X45Y33         LUT5 (Prop_D5LUT_SLICEM_I0_O)
                                                      0.042     1.253 r  workout_classifier_i/mlp_controller_0/inst/mlp_controller_slave_lite_v1_0_S00_AXI_inst/mlp_inst/input_num_reg[2]_i_1/O
                         net (fo=1, routed)           0.009     1.262    workout_classifier_i/mlp_controller_0/inst/mlp_controller_slave_lite_v1_0_S00_AXI_inst/mlp_inst/input_num_reg[2]_i_1_n_0
    SLICE_X45Y33         LDCE                                         r  workout_classifier_i/mlp_controller_0/inst/mlp_controller_slave_lite_v1_0_S00_AXI_inst/mlp_inst/input_num_reg[2]/D
  -------------------------------------------------------------------    -------------------

Slack:                    inf
  Source:                 workout_classifier_i/mlp_controller_0/inst/mlp_controller_slave_lite_v1_0_S00_AXI_inst/mlp_inst/current_output_layer_mac_out_reg[9]/C
                            (rising edge-triggered cell FDRE clocked by clk_pl_0  {rise@0.000ns fall@5.156ns period=10.312ns})
  Destination:            workout_classifier_i/mlp_controller_0/inst/mlp_controller_slave_lite_v1_0_S00_AXI_inst/mlp_inst/acc_in_reg[9]/D
  Path Group:             (none)
  Path Type:              Min at Fast Process Corner
  Data Path Delay:        0.162ns  (logic 0.060ns (37.037%)  route 0.102ns (62.963%))
  Logic Levels:           1  (LUT5=1)
  Clock Uncertainty:      0.157ns  ((TSJ^2 + DJ^2)^1/2) / 2 + PE
    Total System Jitter     (TSJ):    0.050ns
    Discrete Jitter          (DJ):    0.310ns
    Phase Error              (PE):    0.000ns
  Clock Net Delay (Source):      0.994ns (routing 0.324ns, distribution 0.670ns)

    Location             Delay type                Incr(ns)  Path(ns)    Netlist Resource(s)
  -------------------------------------------------------------------    -------------------
                         (clock clk_pl_0 rise edge)
                                                      0.000     0.000 r  
    PS8_X0Y0             PS8                          0.000     0.000 r  workout_classifier_i/zynq_ultra_ps_e_0/inst/PS8_i/PLCLK[0]
                         net (fo=1, routed)           0.094     0.094    workout_classifier_i/zynq_ultra_ps_e_0/inst/pl_clk_unbuffered[0]
    BUFG_PS_X0Y58        BUFG_PS (Prop_BUFG_PS_I_O)
                                                      0.017     0.111 r  workout_classifier_i/zynq_ultra_ps_e_0/inst/buffer_pl_clk_0.PL_CLK_0_BUFG/O
    X0Y1 (CLOCK_ROOT)    net (fo=103775, routed)      0.994     1.105    workout_classifier_i/mlp_controller_0/inst/mlp_controller_slave_lite_v1_0_S00_AXI_inst/mlp_inst/s00_axi_aclk
    SLICE_X45Y47         FDRE                                         r  workout_classifier_i/mlp_controller_0/inst/mlp_controller_slave_lite_v1_0_S00_AXI_inst/mlp_inst/current_output_layer_mac_out_reg[9]/C
  -------------------------------------------------------------------    -------------------
    SLICE_X45Y47         FDRE (Prop_AFF2_SLICEM_C_Q)
                                                      0.039     1.144 r  workout_classifier_i/mlp_controller_0/inst/mlp_controller_slave_lite_v1_0_S00_AXI_inst/mlp_inst/current_output_layer_mac_out_reg[9]/Q
                         net (fo=1, routed)           0.096     1.240    workout_classifier_i/mlp_controller_0/inst/mlp_controller_slave_lite_v1_0_S00_AXI_inst/mlp_inst/current_output_layer_mac_out[9]
    SLICE_X45Y46         LUT5 (Prop_H5LUT_SLICEM_I1_O)
                                                      0.021     1.261 r  workout_classifier_i/mlp_controller_0/inst/mlp_controller_slave_lite_v1_0_S00_AXI_inst/mlp_inst/acc_in_reg[9]_i_1/O
                         net (fo=1, routed)           0.006     1.267    workout_classifier_i/mlp_controller_0/inst/mlp_controller_slave_lite_v1_0_S00_AXI_inst/mlp_inst/acc_in_reg[9]_i_1_n_0
    SLICE_X45Y46         LDCE                                         r  workout_classifier_i/mlp_controller_0/inst/mlp_controller_slave_lite_v1_0_S00_AXI_inst/mlp_inst/acc_in_reg[9]/D
  -------------------------------------------------------------------    -------------------

Slack:                    inf
  Source:                 workout_classifier_i/mlp_controller_0/inst/mlp_controller_slave_lite_v1_0_S00_AXI_inst/mlp_inst/layer1_input_count_reg[5]/C
                            (rising edge-triggered cell FDRE clocked by clk_pl_0  {rise@0.000ns fall@5.156ns period=10.312ns})
  Destination:            workout_classifier_i/mlp_controller_0/inst/mlp_controller_slave_lite_v1_0_S00_AXI_inst/mlp_inst/weight_reg[5]/D
  Path Group:             (none)
  Path Type:              Min at Fast Process Corner
  Data Path Delay:        0.181ns  (logic 0.064ns (35.409%)  route 0.117ns (64.591%))
  Logic Levels:           2  (LUT6=1 MUXF7=1)
  Clock Uncertainty:      0.157ns  ((TSJ^2 + DJ^2)^1/2) / 2 + PE
    Total System Jitter     (TSJ):    0.050ns
    Discrete Jitter          (DJ):    0.310ns
    Phase Error              (PE):    0.000ns
  Clock Net Delay (Source):      0.985ns (routing 0.324ns, distribution 0.661ns)

    Location             Delay type                Incr(ns)  Path(ns)    Netlist Resource(s)
  -------------------------------------------------------------------    -------------------
                         (clock clk_pl_0 rise edge)
                                                      0.000     0.000 r  
    PS8_X0Y0             PS8                          0.000     0.000 r  workout_classifier_i/zynq_ultra_ps_e_0/inst/PS8_i/PLCLK[0]
                         net (fo=1, routed)           0.094     0.094    workout_classifier_i/zynq_ultra_ps_e_0/inst/pl_clk_unbuffered[0]
    BUFG_PS_X0Y58        BUFG_PS (Prop_BUFG_PS_I_O)
                                                      0.017     0.111 r  workout_classifier_i/zynq_ultra_ps_e_0/inst/buffer_pl_clk_0.PL_CLK_0_BUFG/O
    X0Y1 (CLOCK_ROOT)    net (fo=103775, routed)      0.985     1.096    workout_classifier_i/mlp_controller_0/inst/mlp_controller_slave_lite_v1_0_S00_AXI_inst/mlp_inst/s00_axi_aclk
    SLICE_X44Y34         FDRE                                         r  workout_classifier_i/mlp_controller_0/inst/mlp_controller_slave_lite_v1_0_S00_AXI_inst/mlp_inst/layer1_input_count_reg[5]/C
  -------------------------------------------------------------------    -------------------
    SLICE_X44Y34         FDRE (Prop_HFF_SLICEL_C_Q)
                                                      0.039     1.135 r  workout_classifier_i/mlp_controller_0/inst/mlp_controller_slave_lite_v1_0_S00_AXI_inst/mlp_inst/layer1_input_count_reg[5]/Q
                         net (fo=32, routed)          0.099     1.233    workout_classifier_i/mlp_controller_0/inst/mlp_controller_slave_lite_v1_0_S00_AXI_inst/mlp_inst/layer1_input_count_reg[5]
    SLICE_X43Y32         LUT6 (Prop_H6LUT_SLICEM_I2_O)
                                                      0.015     1.248 r  workout_classifier_i/mlp_controller_0/inst/mlp_controller_slave_lite_v1_0_S00_AXI_inst/mlp_inst/weight_reg[5]_i_2/O
                         net (fo=1, routed)           0.011     1.259    workout_classifier_i/mlp_controller_0/inst/mlp_controller_slave_lite_v1_0_S00_AXI_inst/mlp_inst/weight_reg[5]_i_2_n_0
    SLICE_X43Y32         MUXF7 (Prop_F7MUX_GH_SLICEM_I0_O)
                                                      0.010     1.269 r  workout_classifier_i/mlp_controller_0/inst/mlp_controller_slave_lite_v1_0_S00_AXI_inst/mlp_inst/weight_reg[5]_i_1/O
                         net (fo=1, routed)           0.007     1.276    workout_classifier_i/mlp_controller_0/inst/mlp_controller_slave_lite_v1_0_S00_AXI_inst/mlp_inst/weight__0[5]
    SLICE_X43Y32         LDCE                                         r  workout_classifier_i/mlp_controller_0/inst/mlp_controller_slave_lite_v1_0_S00_AXI_inst/mlp_inst/weight_reg[5]/D
  -------------------------------------------------------------------    -------------------

Slack:                    inf
  Source:                 workout_classifier_i/mlp_controller_0/inst/mlp_controller_slave_lite_v1_0_S00_AXI_inst/mlp_inst/layer2_input_count_reg[0]/C
                            (rising edge-triggered cell FDRE clocked by clk_pl_0  {rise@0.000ns fall@5.156ns period=10.312ns})
  Destination:            workout_classifier_i/mlp_controller_0/inst/mlp_controller_slave_lite_v1_0_S00_AXI_inst/mlp_inst/input_num_reg[0]/D
  Path Group:             (none)
  Path Type:              Min at Fast Process Corner
  Data Path Delay:        0.183ns  (logic 0.060ns (32.776%)  route 0.123ns (67.224%))
  Logic Levels:           1  (LUT5=1)
  Clock Uncertainty:      0.157ns  ((TSJ^2 + DJ^2)^1/2) / 2 + PE
    Total System Jitter     (TSJ):    0.050ns
    Discrete Jitter          (DJ):    0.310ns
    Phase Error              (PE):    0.000ns
  Clock Net Delay (Source):      0.988ns (routing 0.324ns, distribution 0.664ns)

    Location             Delay type                Incr(ns)  Path(ns)    Netlist Resource(s)
  -------------------------------------------------------------------    -------------------
                         (clock clk_pl_0 rise edge)
                                                      0.000     0.000 r  
    PS8_X0Y0             PS8                          0.000     0.000 r  workout_classifier_i/zynq_ultra_ps_e_0/inst/PS8_i/PLCLK[0]
                         net (fo=1, routed)           0.094     0.094    workout_classifier_i/zynq_ultra_ps_e_0/inst/pl_clk_unbuffered[0]
    BUFG_PS_X0Y58        BUFG_PS (Prop_BUFG_PS_I_O)
                                                      0.017     0.111 r  workout_classifier_i/zynq_ultra_ps_e_0/inst/buffer_pl_clk_0.PL_CLK_0_BUFG/O
    X0Y1 (CLOCK_ROOT)    net (fo=103775, routed)      0.988     1.099    workout_classifier_i/mlp_controller_0/inst/mlp_controller_slave_lite_v1_0_S00_AXI_inst/mlp_inst/s00_axi_aclk
    SLICE_X44Y33         FDRE                                         r  workout_classifier_i/mlp_controller_0/inst/mlp_controller_slave_lite_v1_0_S00_AXI_inst/mlp_inst/layer2_input_count_reg[0]/C
  -------------------------------------------------------------------    -------------------
    SLICE_X44Y33         FDRE (Prop_BFF_SLICEL_C_Q)
                                                      0.039     1.138 r  workout_classifier_i/mlp_controller_0/inst/mlp_controller_slave_lite_v1_0_S00_AXI_inst/mlp_inst/layer2_input_count_reg[0]/Q
                         net (fo=16, routed)          0.034     1.172    workout_classifier_i/mlp_controller_0/inst/mlp_controller_slave_lite_v1_0_S00_AXI_inst/mlp_inst/layer2_input_count_reg[0]
    SLICE_X44Y33         LUT5 (Prop_B5LUT_SLICEL_I0_O)
                                                      0.021     1.193 r  workout_classifier_i/mlp_controller_0/inst/mlp_controller_slave_lite_v1_0_S00_AXI_inst/mlp_inst/input_num_reg[0]_i_1/O
                         net (fo=1, routed)           0.089     1.282    workout_classifier_i/mlp_controller_0/inst/mlp_controller_slave_lite_v1_0_S00_AXI_inst/mlp_inst/input_num_reg[0]_i_1_n_0
    SLICE_X45Y33         LDCE                                         r  workout_classifier_i/mlp_controller_0/inst/mlp_controller_slave_lite_v1_0_S00_AXI_inst/mlp_inst/input_num_reg[0]/D
  -------------------------------------------------------------------    -------------------

Slack:                    inf
  Source:                 workout_classifier_i/mlp_controller_0/inst/mlp_controller_slave_lite_v1_0_S00_AXI_inst/mlp_inst/current_layer2_mac_out_reg[1]/C
                            (rising edge-triggered cell FDRE clocked by clk_pl_0  {rise@0.000ns fall@5.156ns period=10.312ns})
  Destination:            workout_classifier_i/mlp_controller_0/inst/mlp_controller_slave_lite_v1_0_S00_AXI_inst/mlp_inst/acc_in_reg[1]/D
  Path Group:             (none)
  Path Type:              Min at Fast Process Corner
  Data Path Delay:        0.194ns  (logic 0.051ns (26.289%)  route 0.143ns (73.711%))
  Logic Levels:           1  (LUT5=1)
  Clock Uncertainty:      0.157ns  ((TSJ^2 + DJ^2)^1/2) / 2 + PE
    Total System Jitter     (TSJ):    0.050ns
    Discrete Jitter          (DJ):    0.310ns
    Phase Error              (PE):    0.000ns
  Clock Net Delay (Source):      0.994ns (routing 0.324ns, distribution 0.670ns)

    Location             Delay type                Incr(ns)  Path(ns)    Netlist Resource(s)
  -------------------------------------------------------------------    -------------------
                         (clock clk_pl_0 rise edge)
                                                      0.000     0.000 r  
    PS8_X0Y0             PS8                          0.000     0.000 r  workout_classifier_i/zynq_ultra_ps_e_0/inst/PS8_i/PLCLK[0]
                         net (fo=1, routed)           0.094     0.094    workout_classifier_i/zynq_ultra_ps_e_0/inst/pl_clk_unbuffered[0]
    BUFG_PS_X0Y58        BUFG_PS (Prop_BUFG_PS_I_O)
                                                      0.017     0.111 r  workout_classifier_i/zynq_ultra_ps_e_0/inst/buffer_pl_clk_0.PL_CLK_0_BUFG/O
    X0Y1 (CLOCK_ROOT)    net (fo=103775, routed)      0.994     1.105    workout_classifier_i/mlp_controller_0/inst/mlp_controller_slave_lite_v1_0_S00_AXI_inst/mlp_inst/s00_axi_aclk
    SLICE_X45Y49         FDRE                                         r  workout_classifier_i/mlp_controller_0/inst/mlp_controller_slave_lite_v1_0_S00_AXI_inst/mlp_inst/current_layer2_mac_out_reg[1]/C
  -------------------------------------------------------------------    -------------------
    SLICE_X45Y49         FDRE (Prop_FFF_SLICEM_C_Q)
                                                      0.037     1.142 r  workout_classifier_i/mlp_controller_0/inst/mlp_controller_slave_lite_v1_0_S00_AXI_inst/mlp_inst/current_layer2_mac_out_reg[1]/Q
                         net (fo=1, routed)           0.075     1.217    workout_classifier_i/mlp_controller_0/inst/mlp_controller_slave_lite_v1_0_S00_AXI_inst/mlp_inst/current_layer2_mac_out[1]
    SLICE_X45Y46         LUT5 (Prop_G6LUT_SLICEM_I4_O)
                                                      0.014     1.231 r  workout_classifier_i/mlp_controller_0/inst/mlp_controller_slave_lite_v1_0_S00_AXI_inst/mlp_inst/acc_in_reg[1]_i_1/O
                         net (fo=1, routed)           0.068     1.299    workout_classifier_i/mlp_controller_0/inst/mlp_controller_slave_lite_v1_0_S00_AXI_inst/mlp_inst/acc_in_reg[1]_i_1_n_0
    SLICE_X45Y44         LDCE                                         r  workout_classifier_i/mlp_controller_0/inst/mlp_controller_slave_lite_v1_0_S00_AXI_inst/mlp_inst/acc_in_reg[1]/D
  -------------------------------------------------------------------    -------------------

Slack:                    inf
  Source:                 workout_classifier_i/mlp_controller_0/inst/mlp_controller_slave_lite_v1_0_S00_AXI_inst/mlp_inst/layer1_input_count_reg[5]/C
                            (rising edge-triggered cell FDRE clocked by clk_pl_0  {rise@0.000ns fall@5.156ns period=10.312ns})
  Destination:            workout_classifier_i/mlp_controller_0/inst/mlp_controller_slave_lite_v1_0_S00_AXI_inst/mlp_inst/weight_reg[7]/D
  Path Group:             (none)
  Path Type:              Min at Fast Process Corner
  Data Path Delay:        0.204ns  (logic 0.085ns (41.719%)  route 0.119ns (58.281%))
  Logic Levels:           2  (LUT6=1 MUXF7=1)
  Clock Uncertainty:      0.157ns  ((TSJ^2 + DJ^2)^1/2) / 2 + PE
    Total System Jitter     (TSJ):    0.050ns
    Discrete Jitter          (DJ):    0.310ns
    Phase Error              (PE):    0.000ns
  Clock Net Delay (Source):      0.985ns (routing 0.324ns, distribution 0.661ns)

    Location             Delay type                Incr(ns)  Path(ns)    Netlist Resource(s)
  -------------------------------------------------------------------    -------------------
                         (clock clk_pl_0 rise edge)
                                                      0.000     0.000 r  
    PS8_X0Y0             PS8                          0.000     0.000 r  workout_classifier_i/zynq_ultra_ps_e_0/inst/PS8_i/PLCLK[0]
                         net (fo=1, routed)           0.094     0.094    workout_classifier_i/zynq_ultra_ps_e_0/inst/pl_clk_unbuffered[0]
    BUFG_PS_X0Y58        BUFG_PS (Prop_BUFG_PS_I_O)
                                                      0.017     0.111 r  workout_classifier_i/zynq_ultra_ps_e_0/inst/buffer_pl_clk_0.PL_CLK_0_BUFG/O
    X0Y1 (CLOCK_ROOT)    net (fo=103775, routed)      0.985     1.096    workout_classifier_i/mlp_controller_0/inst/mlp_controller_slave_lite_v1_0_S00_AXI_inst/mlp_inst/s00_axi_aclk
    SLICE_X44Y34         FDRE                                         r  workout_classifier_i/mlp_controller_0/inst/mlp_controller_slave_lite_v1_0_S00_AXI_inst/mlp_inst/layer1_input_count_reg[5]/C
  -------------------------------------------------------------------    -------------------
    SLICE_X44Y34         FDRE (Prop_HFF_SLICEL_C_Q)
                                                      0.039     1.135 r  workout_classifier_i/mlp_controller_0/inst/mlp_controller_slave_lite_v1_0_S00_AXI_inst/mlp_inst/layer1_input_count_reg[5]/Q
                         net (fo=32, routed)          0.097     1.231    workout_classifier_i/mlp_controller_0/inst/mlp_controller_slave_lite_v1_0_S00_AXI_inst/mlp_inst/layer1_input_count_reg[5]
    SLICE_X43Y32         LUT6 (Prop_F6LUT_SLICEM_I2_O)
                                                      0.035     1.266 r  workout_classifier_i/mlp_controller_0/inst/mlp_controller_slave_lite_v1_0_S00_AXI_inst/mlp_inst/weight_reg[7]_i_3/O
                         net (fo=1, routed)           0.015     1.281    workout_classifier_i/mlp_controller_0/inst/mlp_controller_slave_lite_v1_0_S00_AXI_inst/mlp_inst/weight_reg[7]_i_3_n_0
    SLICE_X43Y32         MUXF7 (Prop_F7MUX_EF_SLICEM_I0_O)
                                                      0.011     1.292 r  workout_classifier_i/mlp_controller_0/inst/mlp_controller_slave_lite_v1_0_S00_AXI_inst/mlp_inst/weight_reg[7]_i_1/O
                         net (fo=1, routed)           0.007     1.299    workout_classifier_i/mlp_controller_0/inst/mlp_controller_slave_lite_v1_0_S00_AXI_inst/mlp_inst/weight__0[7]
    SLICE_X43Y32         LDCE                                         r  workout_classifier_i/mlp_controller_0/inst/mlp_controller_slave_lite_v1_0_S00_AXI_inst/mlp_inst/weight_reg[7]/D
  -------------------------------------------------------------------    -------------------

Slack:                    inf
  Source:                 workout_classifier_i/mlp_controller_0/inst/mlp_controller_slave_lite_v1_0_S00_AXI_inst/mlp_inst/layer2_neuron_count_reg[0]/C
                            (rising edge-triggered cell FDRE clocked by clk_pl_0  {rise@0.000ns fall@5.156ns period=10.312ns})
  Destination:            workout_classifier_i/mlp_controller_0/inst/mlp_controller_slave_lite_v1_0_S00_AXI_inst/mlp_inst/neuron_reg[0]/D
  Path Group:             (none)
  Path Type:              Min at Fast Process Corner
  Data Path Delay:        0.204ns  (logic 0.060ns (29.381%)  route 0.144ns (70.619%))
  Logic Levels:           1  (LUT5=1)
  Clock Uncertainty:      0.157ns  ((TSJ^2 + DJ^2)^1/2) / 2 + PE
    Total System Jitter     (TSJ):    0.050ns
    Discrete Jitter          (DJ):    0.310ns
    Phase Error              (PE):    0.000ns
  Clock Net Delay (Source):      0.988ns (routing 0.324ns, distribution 0.664ns)

    Location             Delay type                Incr(ns)  Path(ns)    Netlist Resource(s)
  -------------------------------------------------------------------    -------------------
                         (clock clk_pl_0 rise edge)
                                                      0.000     0.000 r  
    PS8_X0Y0             PS8                          0.000     0.000 r  workout_classifier_i/zynq_ultra_ps_e_0/inst/PS8_i/PLCLK[0]
                         net (fo=1, routed)           0.094     0.094    workout_classifier_i/zynq_ultra_ps_e_0/inst/pl_clk_unbuffered[0]
    BUFG_PS_X0Y58        BUFG_PS (Prop_BUFG_PS_I_O)
                                                      0.017     0.111 r  workout_classifier_i/zynq_ultra_ps_e_0/inst/buffer_pl_clk_0.PL_CLK_0_BUFG/O
    X0Y1 (CLOCK_ROOT)    net (fo=103775, routed)      0.988     1.099    workout_classifier_i/mlp_controller_0/inst/mlp_controller_slave_lite_v1_0_S00_AXI_inst/mlp_inst/s00_axi_aclk
    SLICE_X42Y38         FDRE                                         r  workout_classifier_i/mlp_controller_0/inst/mlp_controller_slave_lite_v1_0_S00_AXI_inst/mlp_inst/layer2_neuron_count_reg[0]/C
  -------------------------------------------------------------------    -------------------
    SLICE_X42Y38         FDRE (Prop_HFF_SLICEM_C_Q)
                                                      0.039     1.138 r  workout_classifier_i/mlp_controller_0/inst/mlp_controller_slave_lite_v1_0_S00_AXI_inst/mlp_inst/layer2_neuron_count_reg[0]/Q
                         net (fo=22, routed)          0.036     1.174    workout_classifier_i/mlp_controller_0/inst/mlp_controller_slave_lite_v1_0_S00_AXI_inst/mlp_inst/layer2_neuron_count_reg[0]
    SLICE_X42Y38         LUT5 (Prop_H5LUT_SLICEM_I0_O)
                                                      0.021     1.195 r  workout_classifier_i/mlp_controller_0/inst/mlp_controller_slave_lite_v1_0_S00_AXI_inst/mlp_inst/neuron_reg[0]_i_1/O
                         net (fo=1, routed)           0.108     1.303    workout_classifier_i/mlp_controller_0/inst/mlp_controller_slave_lite_v1_0_S00_AXI_inst/mlp_inst/neuron_reg[0]_i_1_n_0
    SLICE_X41Y37         LDCE                                         r  workout_classifier_i/mlp_controller_0/inst/mlp_controller_slave_lite_v1_0_S00_AXI_inst/mlp_inst/neuron_reg[0]/D
  -------------------------------------------------------------------    -------------------





--------------------------------------------------------------------------------------
Path Group:  (none)
From Clock:  
  To Clock:  clk_pl_0

Max Delay            76 Endpoints
Min Delay            76 Endpoints
--------------------------------------------------------------------------------------


Max Delay Paths
--------------------------------------------------------------------------------------
Slack:                    inf
  Source:                 workout_classifier_i/mlp_controller_0/inst/mlp_controller_slave_lite_v1_0_S00_AXI_inst/mlp_inst/neuron_reg[4]/G
                            (positive level-sensitive latch)
  Destination:            workout_classifier_i/mlp_controller_0/inst/mlp_controller_slave_lite_v1_0_S00_AXI_inst/mlp_inst/weight_access/weights_and_biases/U0/inst_blk_mem_gen/gnbram.gnativebmg.native_blk_mem_gen/valid.cstr/ramloop[2].ram.r/prim_init.ram/DEVICE_8SERIES.NO_BMM_INFO.SP.SIMPLE_PRIM36.ram/ADDRARDADDR[11]
                            (rising edge-triggered cell RAMB36E2 clocked by clk_pl_0  {rise@0.000ns fall@5.156ns period=10.312ns})
  Path Group:             (none)
  Path Type:              Setup (Max at Slow Process Corner)
  Data Path Delay:        2.569ns  (logic 0.483ns (18.803%)  route 2.086ns (81.197%))
  Logic Levels:           5  (CARRY8=1 LDCE=1 LUT5=1 LUT6=2)
  Clock Uncertainty:      0.157ns  ((TSJ^2 + DJ^2)^1/2) / 2 + PE
    Total System Jitter     (TSJ):    0.050ns
    Discrete Jitter          (DJ):    0.310ns
    Phase Error              (PE):    0.000ns
  Clock Net Delay (Destination): 1.632ns (routing 0.533ns, distribution 1.099ns)

    Location             Delay type                Incr(ns)  Path(ns)    Netlist Resource(s)
  -------------------------------------------------------------------    -------------------
    SLICE_X46Y37         LDCE                         0.000     0.000 r  workout_classifier_i/mlp_controller_0/inst/mlp_controller_slave_lite_v1_0_S00_AXI_inst/mlp_inst/neuron_reg[4]/G
    SLICE_X46Y37         LDCE (EnToQ_DFF_SLICEL_G_Q)
                                                      0.122     0.122 r  workout_classifier_i/mlp_controller_0/inst/mlp_controller_slave_lite_v1_0_S00_AXI_inst/mlp_inst/neuron_reg[4]/Q
                         net (fo=10, routed)          0.597     0.719    workout_classifier_i/mlp_controller_0/inst/mlp_controller_slave_lite_v1_0_S00_AXI_inst/mlp_inst/weight_access/no_softecc_sel_reg.ce_pri.sel_pipe_reg[2]_0[4]
    SLICE_X46Y34         LUT6 (Prop_G6LUT_SLICEL_I2_O)
                                                      0.050     0.769 r  workout_classifier_i/mlp_controller_0/inst/mlp_controller_slave_lite_v1_0_S00_AXI_inst/mlp_inst/weight_access/weights_and_biases_i_29/O
                         net (fo=2, routed)           0.046     0.815    workout_classifier_i/mlp_controller_0/inst/mlp_controller_slave_lite_v1_0_S00_AXI_inst/mlp_inst/weight_access/weights_and_biases_i_29_n_0
    SLICE_X46Y34         LUT6 (Prop_E6LUT_SLICEL_I4_O)
                                                      0.099     0.914 r  workout_classifier_i/mlp_controller_0/inst/mlp_controller_slave_lite_v1_0_S00_AXI_inst/mlp_inst/weight_access/weights_and_biases_i_31/O
                         net (fo=1, routed)           0.200     1.114    workout_classifier_i/mlp_controller_0/inst/mlp_controller_slave_lite_v1_0_S00_AXI_inst/mlp_inst/weight_access/p_2_in__0[8]
    SLICE_X47Y34         LUT5 (Prop_A6LUT_SLICEL_I4_O)
                                                      0.149     1.263 r  workout_classifier_i/mlp_controller_0/inst/mlp_controller_slave_lite_v1_0_S00_AXI_inst/mlp_inst/weight_access/weights_and_biases_i_11/O
                         net (fo=1, routed)           0.009     1.272    workout_classifier_i/mlp_controller_0/inst/mlp_controller_slave_lite_v1_0_S00_AXI_inst/mlp_inst/weight_access/weights_and_biases_i_11_n_0
    SLICE_X47Y34         CARRY8 (Prop_CARRY8_SLICEL_S[0]_O[0])
                                                      0.063     1.335 r  workout_classifier_i/mlp_controller_0/inst/mlp_controller_slave_lite_v1_0_S00_AXI_inst/mlp_inst/weight_access/weights_and_biases_i_2/O[0]
                         net (fo=4, routed)           1.233     2.569    workout_classifier_i/mlp_controller_0/inst/mlp_controller_slave_lite_v1_0_S00_AXI_inst/mlp_inst/weight_access/weights_and_biases/U0/inst_blk_mem_gen/gnbram.gnativebmg.native_blk_mem_gen/valid.cstr/ramloop[2].ram.r/prim_init.ram/addra[8]
    RAMB36_X5Y0          RAMB36E2                                     r  workout_classifier_i/mlp_controller_0/inst/mlp_controller_slave_lite_v1_0_S00_AXI_inst/mlp_inst/weight_access/weights_and_biases/U0/inst_blk_mem_gen/gnbram.gnativebmg.native_blk_mem_gen/valid.cstr/ramloop[2].ram.r/prim_init.ram/DEVICE_8SERIES.NO_BMM_INFO.SP.SIMPLE_PRIM36.ram/ADDRARDADDR[11]
  -------------------------------------------------------------------    -------------------

                         (clock clk_pl_0 rise edge)
                                                      0.000     0.000 r  
    PS8_X0Y0             PS8                          0.000     0.000 r  workout_classifier_i/zynq_ultra_ps_e_0/inst/PS8_i/PLCLK[0]
                         net (fo=1, routed)           0.135     0.135    workout_classifier_i/zynq_ultra_ps_e_0/inst/pl_clk_unbuffered[0]
    BUFG_PS_X0Y58        BUFG_PS (Prop_BUFG_PS_I_O)
                                                      0.025     0.160 r  workout_classifier_i/zynq_ultra_ps_e_0/inst/buffer_pl_clk_0.PL_CLK_0_BUFG/O
    X0Y1 (CLOCK_ROOT)    net (fo=103775, routed)      1.632     1.792    workout_classifier_i/mlp_controller_0/inst/mlp_controller_slave_lite_v1_0_S00_AXI_inst/mlp_inst/weight_access/weights_and_biases/U0/inst_blk_mem_gen/gnbram.gnativebmg.native_blk_mem_gen/valid.cstr/ramloop[2].ram.r/prim_init.ram/clka
    RAMB36_X5Y0          RAMB36E2                                     r  workout_classifier_i/mlp_controller_0/inst/mlp_controller_slave_lite_v1_0_S00_AXI_inst/mlp_inst/weight_access/weights_and_biases/U0/inst_blk_mem_gen/gnbram.gnativebmg.native_blk_mem_gen/valid.cstr/ramloop[2].ram.r/prim_init.ram/DEVICE_8SERIES.NO_BMM_INFO.SP.SIMPLE_PRIM36.ram/CLKARDCLK

Slack:                    inf
  Source:                 workout_classifier_i/mlp_controller_0/inst/mlp_controller_slave_lite_v1_0_S00_AXI_inst/mlp_inst/neuron_reg[4]/G
                            (positive level-sensitive latch)
  Destination:            workout_classifier_i/mlp_controller_0/inst/mlp_controller_slave_lite_v1_0_S00_AXI_inst/mlp_inst/weight_access/weights_and_biases/U0/inst_blk_mem_gen/gnbram.gnativebmg.native_blk_mem_gen/valid.cstr/ramloop[1].ram.r/prim_init.ram/DEVICE_8SERIES.NO_BMM_INFO.SP.SIMPLE_PRIM36.ram/ADDRARDADDR[11]
                            (rising edge-triggered cell RAMB36E2 clocked by clk_pl_0  {rise@0.000ns fall@5.156ns period=10.312ns})
  Path Group:             (none)
  Path Type:              Setup (Max at Slow Process Corner)
  Data Path Delay:        2.567ns  (logic 0.483ns (18.818%)  route 2.084ns (81.182%))
  Logic Levels:           5  (CARRY8=1 LDCE=1 LUT5=1 LUT6=2)
  Clock Uncertainty:      0.157ns  ((TSJ^2 + DJ^2)^1/2) / 2 + PE
    Total System Jitter     (TSJ):    0.050ns
    Discrete Jitter          (DJ):    0.310ns
    Phase Error              (PE):    0.000ns
  Clock Net Delay (Destination): 1.631ns (routing 0.533ns, distribution 1.098ns)

    Location             Delay type                Incr(ns)  Path(ns)    Netlist Resource(s)
  -------------------------------------------------------------------    -------------------
    SLICE_X46Y37         LDCE                         0.000     0.000 r  workout_classifier_i/mlp_controller_0/inst/mlp_controller_slave_lite_v1_0_S00_AXI_inst/mlp_inst/neuron_reg[4]/G
    SLICE_X46Y37         LDCE (EnToQ_DFF_SLICEL_G_Q)
                                                      0.122     0.122 r  workout_classifier_i/mlp_controller_0/inst/mlp_controller_slave_lite_v1_0_S00_AXI_inst/mlp_inst/neuron_reg[4]/Q
                         net (fo=10, routed)          0.597     0.719    workout_classifier_i/mlp_controller_0/inst/mlp_controller_slave_lite_v1_0_S00_AXI_inst/mlp_inst/weight_access/no_softecc_sel_reg.ce_pri.sel_pipe_reg[2]_0[4]
    SLICE_X46Y34         LUT6 (Prop_G6LUT_SLICEL_I2_O)
                                                      0.050     0.769 r  workout_classifier_i/mlp_controller_0/inst/mlp_controller_slave_lite_v1_0_S00_AXI_inst/mlp_inst/weight_access/weights_and_biases_i_29/O
                         net (fo=2, routed)           0.046     0.815    workout_classifier_i/mlp_controller_0/inst/mlp_controller_slave_lite_v1_0_S00_AXI_inst/mlp_inst/weight_access/weights_and_biases_i_29_n_0
    SLICE_X46Y34         LUT6 (Prop_E6LUT_SLICEL_I4_O)
                                                      0.099     0.914 r  workout_classifier_i/mlp_controller_0/inst/mlp_controller_slave_lite_v1_0_S00_AXI_inst/mlp_inst/weight_access/weights_and_biases_i_31/O
                         net (fo=1, routed)           0.200     1.114    workout_classifier_i/mlp_controller_0/inst/mlp_controller_slave_lite_v1_0_S00_AXI_inst/mlp_inst/weight_access/p_2_in__0[8]
    SLICE_X47Y34         LUT5 (Prop_A6LUT_SLICEL_I4_O)
                                                      0.149     1.263 r  workout_classifier_i/mlp_controller_0/inst/mlp_controller_slave_lite_v1_0_S00_AXI_inst/mlp_inst/weight_access/weights_and_biases_i_11/O
                         net (fo=1, routed)           0.009     1.272    workout_classifier_i/mlp_controller_0/inst/mlp_controller_slave_lite_v1_0_S00_AXI_inst/mlp_inst/weight_access/weights_and_biases_i_11_n_0
    SLICE_X47Y34         CARRY8 (Prop_CARRY8_SLICEL_S[0]_O[0])
                                                      0.063     1.335 r  workout_classifier_i/mlp_controller_0/inst/mlp_controller_slave_lite_v1_0_S00_AXI_inst/mlp_inst/weight_access/weights_and_biases_i_2/O[0]
                         net (fo=4, routed)           1.231     2.567    workout_classifier_i/mlp_controller_0/inst/mlp_controller_slave_lite_v1_0_S00_AXI_inst/mlp_inst/weight_access/weights_and_biases/U0/inst_blk_mem_gen/gnbram.gnativebmg.native_blk_mem_gen/valid.cstr/ramloop[1].ram.r/prim_init.ram/addra[8]
    RAMB36_X5Y1          RAMB36E2                                     r  workout_classifier_i/mlp_controller_0/inst/mlp_controller_slave_lite_v1_0_S00_AXI_inst/mlp_inst/weight_access/weights_and_biases/U0/inst_blk_mem_gen/gnbram.gnativebmg.native_blk_mem_gen/valid.cstr/ramloop[1].ram.r/prim_init.ram/DEVICE_8SERIES.NO_BMM_INFO.SP.SIMPLE_PRIM36.ram/ADDRARDADDR[11]
  -------------------------------------------------------------------    -------------------

                         (clock clk_pl_0 rise edge)
                                                      0.000     0.000 r  
    PS8_X0Y0             PS8                          0.000     0.000 r  workout_classifier_i/zynq_ultra_ps_e_0/inst/PS8_i/PLCLK[0]
                         net (fo=1, routed)           0.135     0.135    workout_classifier_i/zynq_ultra_ps_e_0/inst/pl_clk_unbuffered[0]
    BUFG_PS_X0Y58        BUFG_PS (Prop_BUFG_PS_I_O)
                                                      0.025     0.160 r  workout_classifier_i/zynq_ultra_ps_e_0/inst/buffer_pl_clk_0.PL_CLK_0_BUFG/O
    X0Y1 (CLOCK_ROOT)    net (fo=103775, routed)      1.631     1.791    workout_classifier_i/mlp_controller_0/inst/mlp_controller_slave_lite_v1_0_S00_AXI_inst/mlp_inst/weight_access/weights_and_biases/U0/inst_blk_mem_gen/gnbram.gnativebmg.native_blk_mem_gen/valid.cstr/ramloop[1].ram.r/prim_init.ram/clka
    RAMB36_X5Y1          RAMB36E2                                     r  workout_classifier_i/mlp_controller_0/inst/mlp_controller_slave_lite_v1_0_S00_AXI_inst/mlp_inst/weight_access/weights_and_biases/U0/inst_blk_mem_gen/gnbram.gnativebmg.native_blk_mem_gen/valid.cstr/ramloop[1].ram.r/prim_init.ram/DEVICE_8SERIES.NO_BMM_INFO.SP.SIMPLE_PRIM36.ram/CLKARDCLK

Slack:                    inf
  Source:                 workout_classifier_i/mlp_controller_0/inst/mlp_controller_slave_lite_v1_0_S00_AXI_inst/mlp_inst/neuron_reg[4]/G
                            (positive level-sensitive latch)
  Destination:            workout_classifier_i/mlp_controller_0/inst/mlp_controller_slave_lite_v1_0_S00_AXI_inst/mlp_inst/weight_access/weights_and_biases/U0/inst_blk_mem_gen/gnbram.gnativebmg.native_blk_mem_gen/valid.cstr/ramloop[0].ram.r/prim_init.ram/DEVICE_8SERIES.NO_BMM_INFO.SP.SIMPLE_PRIM36.ram/ADDRARDADDR[11]
                            (rising edge-triggered cell RAMB36E2 clocked by clk_pl_0  {rise@0.000ns fall@5.156ns period=10.312ns})
  Path Group:             (none)
  Path Type:              Setup (Max at Slow Process Corner)
  Data Path Delay:        2.564ns  (logic 0.483ns (18.840%)  route 2.081ns (81.160%))
  Logic Levels:           5  (CARRY8=1 LDCE=1 LUT5=1 LUT6=2)
  Clock Uncertainty:      0.157ns  ((TSJ^2 + DJ^2)^1/2) / 2 + PE
    Total System Jitter     (TSJ):    0.050ns
    Discrete Jitter          (DJ):    0.310ns
    Phase Error              (PE):    0.000ns
  Clock Net Delay (Destination): 1.638ns (routing 0.533ns, distribution 1.105ns)

    Location             Delay type                Incr(ns)  Path(ns)    Netlist Resource(s)
  -------------------------------------------------------------------    -------------------
    SLICE_X46Y37         LDCE                         0.000     0.000 r  workout_classifier_i/mlp_controller_0/inst/mlp_controller_slave_lite_v1_0_S00_AXI_inst/mlp_inst/neuron_reg[4]/G
    SLICE_X46Y37         LDCE (EnToQ_DFF_SLICEL_G_Q)
                                                      0.122     0.122 r  workout_classifier_i/mlp_controller_0/inst/mlp_controller_slave_lite_v1_0_S00_AXI_inst/mlp_inst/neuron_reg[4]/Q
                         net (fo=10, routed)          0.597     0.719    workout_classifier_i/mlp_controller_0/inst/mlp_controller_slave_lite_v1_0_S00_AXI_inst/mlp_inst/weight_access/no_softecc_sel_reg.ce_pri.sel_pipe_reg[2]_0[4]
    SLICE_X46Y34         LUT6 (Prop_G6LUT_SLICEL_I2_O)
                                                      0.050     0.769 r  workout_classifier_i/mlp_controller_0/inst/mlp_controller_slave_lite_v1_0_S00_AXI_inst/mlp_inst/weight_access/weights_and_biases_i_29/O
                         net (fo=2, routed)           0.046     0.815    workout_classifier_i/mlp_controller_0/inst/mlp_controller_slave_lite_v1_0_S00_AXI_inst/mlp_inst/weight_access/weights_and_biases_i_29_n_0
    SLICE_X46Y34         LUT6 (Prop_E6LUT_SLICEL_I4_O)
                                                      0.099     0.914 r  workout_classifier_i/mlp_controller_0/inst/mlp_controller_slave_lite_v1_0_S00_AXI_inst/mlp_inst/weight_access/weights_and_biases_i_31/O
                         net (fo=1, routed)           0.200     1.114    workout_classifier_i/mlp_controller_0/inst/mlp_controller_slave_lite_v1_0_S00_AXI_inst/mlp_inst/weight_access/p_2_in__0[8]
    SLICE_X47Y34         LUT5 (Prop_A6LUT_SLICEL_I4_O)
                                                      0.149     1.263 r  workout_classifier_i/mlp_controller_0/inst/mlp_controller_slave_lite_v1_0_S00_AXI_inst/mlp_inst/weight_access/weights_and_biases_i_11/O
                         net (fo=1, routed)           0.009     1.272    workout_classifier_i/mlp_controller_0/inst/mlp_controller_slave_lite_v1_0_S00_AXI_inst/mlp_inst/weight_access/weights_and_biases_i_11_n_0
    SLICE_X47Y34         CARRY8 (Prop_CARRY8_SLICEL_S[0]_O[0])
                                                      0.063     1.335 r  workout_classifier_i/mlp_controller_0/inst/mlp_controller_slave_lite_v1_0_S00_AXI_inst/mlp_inst/weight_access/weights_and_biases_i_2/O[0]
                         net (fo=4, routed)           1.228     2.564    workout_classifier_i/mlp_controller_0/inst/mlp_controller_slave_lite_v1_0_S00_AXI_inst/mlp_inst/weight_access/weights_and_biases/U0/inst_blk_mem_gen/gnbram.gnativebmg.native_blk_mem_gen/valid.cstr/ramloop[0].ram.r/prim_init.ram/addra[8]
    RAMB36_X5Y2          RAMB36E2                                     r  workout_classifier_i/mlp_controller_0/inst/mlp_controller_slave_lite_v1_0_S00_AXI_inst/mlp_inst/weight_access/weights_and_biases/U0/inst_blk_mem_gen/gnbram.gnativebmg.native_blk_mem_gen/valid.cstr/ramloop[0].ram.r/prim_init.ram/DEVICE_8SERIES.NO_BMM_INFO.SP.SIMPLE_PRIM36.ram/ADDRARDADDR[11]
  -------------------------------------------------------------------    -------------------

                         (clock clk_pl_0 rise edge)
                                                      0.000     0.000 r  
    PS8_X0Y0             PS8                          0.000     0.000 r  workout_classifier_i/zynq_ultra_ps_e_0/inst/PS8_i/PLCLK[0]
                         net (fo=1, routed)           0.135     0.135    workout_classifier_i/zynq_ultra_ps_e_0/inst/pl_clk_unbuffered[0]
    BUFG_PS_X0Y58        BUFG_PS (Prop_BUFG_PS_I_O)
                                                      0.025     0.160 r  workout_classifier_i/zynq_ultra_ps_e_0/inst/buffer_pl_clk_0.PL_CLK_0_BUFG/O
    X0Y1 (CLOCK_ROOT)    net (fo=103775, routed)      1.638     1.798    workout_classifier_i/mlp_controller_0/inst/mlp_controller_slave_lite_v1_0_S00_AXI_inst/mlp_inst/weight_access/weights_and_biases/U0/inst_blk_mem_gen/gnbram.gnativebmg.native_blk_mem_gen/valid.cstr/ramloop[0].ram.r/prim_init.ram/clka
    RAMB36_X5Y2          RAMB36E2                                     r  workout_classifier_i/mlp_controller_0/inst/mlp_controller_slave_lite_v1_0_S00_AXI_inst/mlp_inst/weight_access/weights_and_biases/U0/inst_blk_mem_gen/gnbram.gnativebmg.native_blk_mem_gen/valid.cstr/ramloop[0].ram.r/prim_init.ram/DEVICE_8SERIES.NO_BMM_INFO.SP.SIMPLE_PRIM36.ram/CLKARDCLK

Slack:                    inf
  Source:                 workout_classifier_i/mlp_controller_0/inst/mlp_controller_slave_lite_v1_0_S00_AXI_inst/mlp_inst/neuron_reg[4]/G
                            (positive level-sensitive latch)
  Destination:            workout_classifier_i/mlp_controller_0/inst/mlp_controller_slave_lite_v1_0_S00_AXI_inst/mlp_inst/weight_access/weights_and_biases/U0/inst_blk_mem_gen/gnbram.gnativebmg.native_blk_mem_gen/valid.cstr/ramloop[3].ram.r/prim_init.ram/DEVICE_8SERIES.NO_BMM_INFO.SP.SIMPLE_PRIM18.ram/ADDRARDADDR[11]
                            (rising edge-triggered cell RAMB18E2 clocked by clk_pl_0  {rise@0.000ns fall@5.156ns period=10.312ns})
  Path Group:             (none)
  Path Type:              Setup (Max at Slow Process Corner)
  Data Path Delay:        2.541ns  (logic 0.483ns (19.005%)  route 2.058ns (80.995%))
  Logic Levels:           5  (CARRY8=1 LDCE=1 LUT5=1 LUT6=2)
  Clock Uncertainty:      0.157ns  ((TSJ^2 + DJ^2)^1/2) / 2 + PE
    Total System Jitter     (TSJ):    0.050ns
    Discrete Jitter          (DJ):    0.310ns
    Phase Error              (PE):    0.000ns
  Clock Net Delay (Destination): 1.635ns (routing 0.533ns, distribution 1.102ns)

    Location             Delay type                Incr(ns)  Path(ns)    Netlist Resource(s)
  -------------------------------------------------------------------    -------------------
    SLICE_X46Y37         LDCE                         0.000     0.000 r  workout_classifier_i/mlp_controller_0/inst/mlp_controller_slave_lite_v1_0_S00_AXI_inst/mlp_inst/neuron_reg[4]/G
    SLICE_X46Y37         LDCE (EnToQ_DFF_SLICEL_G_Q)
                                                      0.122     0.122 r  workout_classifier_i/mlp_controller_0/inst/mlp_controller_slave_lite_v1_0_S00_AXI_inst/mlp_inst/neuron_reg[4]/Q
                         net (fo=10, routed)          0.597     0.719    workout_classifier_i/mlp_controller_0/inst/mlp_controller_slave_lite_v1_0_S00_AXI_inst/mlp_inst/weight_access/no_softecc_sel_reg.ce_pri.sel_pipe_reg[2]_0[4]
    SLICE_X46Y34         LUT6 (Prop_G6LUT_SLICEL_I2_O)
                                                      0.050     0.769 r  workout_classifier_i/mlp_controller_0/inst/mlp_controller_slave_lite_v1_0_S00_AXI_inst/mlp_inst/weight_access/weights_and_biases_i_29/O
                         net (fo=2, routed)           0.046     0.815    workout_classifier_i/mlp_controller_0/inst/mlp_controller_slave_lite_v1_0_S00_AXI_inst/mlp_inst/weight_access/weights_and_biases_i_29_n_0
    SLICE_X46Y34         LUT6 (Prop_E6LUT_SLICEL_I4_O)
                                                      0.099     0.914 r  workout_classifier_i/mlp_controller_0/inst/mlp_controller_slave_lite_v1_0_S00_AXI_inst/mlp_inst/weight_access/weights_and_biases_i_31/O
                         net (fo=1, routed)           0.200     1.114    workout_classifier_i/mlp_controller_0/inst/mlp_controller_slave_lite_v1_0_S00_AXI_inst/mlp_inst/weight_access/p_2_in__0[8]
    SLICE_X47Y34         LUT5 (Prop_A6LUT_SLICEL_I4_O)
                                                      0.149     1.263 r  workout_classifier_i/mlp_controller_0/inst/mlp_controller_slave_lite_v1_0_S00_AXI_inst/mlp_inst/weight_access/weights_and_biases_i_11/O
                         net (fo=1, routed)           0.009     1.272    workout_classifier_i/mlp_controller_0/inst/mlp_controller_slave_lite_v1_0_S00_AXI_inst/mlp_inst/weight_access/weights_and_biases_i_11_n_0
    SLICE_X47Y34         CARRY8 (Prop_CARRY8_SLICEL_S[0]_O[0])
                                                      0.063     1.335 r  workout_classifier_i/mlp_controller_0/inst/mlp_controller_slave_lite_v1_0_S00_AXI_inst/mlp_inst/weight_access/weights_and_biases_i_2/O[0]
                         net (fo=4, routed)           1.206     2.541    workout_classifier_i/mlp_controller_0/inst/mlp_controller_slave_lite_v1_0_S00_AXI_inst/mlp_inst/weight_access/weights_and_biases/U0/inst_blk_mem_gen/gnbram.gnativebmg.native_blk_mem_gen/valid.cstr/ramloop[3].ram.r/prim_init.ram/addra[8]
    RAMB18_X5Y6          RAMB18E2                                     r  workout_classifier_i/mlp_controller_0/inst/mlp_controller_slave_lite_v1_0_S00_AXI_inst/mlp_inst/weight_access/weights_and_biases/U0/inst_blk_mem_gen/gnbram.gnativebmg.native_blk_mem_gen/valid.cstr/ramloop[3].ram.r/prim_init.ram/DEVICE_8SERIES.NO_BMM_INFO.SP.SIMPLE_PRIM18.ram/ADDRARDADDR[11]
  -------------------------------------------------------------------    -------------------

                         (clock clk_pl_0 rise edge)
                                                      0.000     0.000 r  
    PS8_X0Y0             PS8                          0.000     0.000 r  workout_classifier_i/zynq_ultra_ps_e_0/inst/PS8_i/PLCLK[0]
                         net (fo=1, routed)           0.135     0.135    workout_classifier_i/zynq_ultra_ps_e_0/inst/pl_clk_unbuffered[0]
    BUFG_PS_X0Y58        BUFG_PS (Prop_BUFG_PS_I_O)
                                                      0.025     0.160 r  workout_classifier_i/zynq_ultra_ps_e_0/inst/buffer_pl_clk_0.PL_CLK_0_BUFG/O
    X0Y1 (CLOCK_ROOT)    net (fo=103775, routed)      1.635     1.795    workout_classifier_i/mlp_controller_0/inst/mlp_controller_slave_lite_v1_0_S00_AXI_inst/mlp_inst/weight_access/weights_and_biases/U0/inst_blk_mem_gen/gnbram.gnativebmg.native_blk_mem_gen/valid.cstr/ramloop[3].ram.r/prim_init.ram/clka
    RAMB18_X5Y6          RAMB18E2                                     r  workout_classifier_i/mlp_controller_0/inst/mlp_controller_slave_lite_v1_0_S00_AXI_inst/mlp_inst/weight_access/weights_and_biases/U0/inst_blk_mem_gen/gnbram.gnativebmg.native_blk_mem_gen/valid.cstr/ramloop[3].ram.r/prim_init.ram/DEVICE_8SERIES.NO_BMM_INFO.SP.SIMPLE_PRIM18.ram/CLKARDCLK

Slack:                    inf
  Source:                 workout_classifier_i/mlp_controller_0/inst/mlp_controller_slave_lite_v1_0_S00_AXI_inst/mlp_inst/neuron_reg[4]/G
                            (positive level-sensitive latch)
  Destination:            workout_classifier_i/mlp_controller_0/inst/mlp_controller_slave_lite_v1_0_S00_AXI_inst/mlp_inst/weight_access/weights_and_biases/U0/inst_blk_mem_gen/gnbram.gnativebmg.native_blk_mem_gen/valid.cstr/ramloop[2].ram.r/prim_init.ram/DEVICE_8SERIES.NO_BMM_INFO.SP.SIMPLE_PRIM36.ram/ENARDEN
                            (rising edge-triggered cell RAMB36E2 clocked by clk_pl_0  {rise@0.000ns fall@5.156ns period=10.312ns})
  Path Group:             (none)
  Path Type:              Setup (Max at Slow Process Corner)
  Data Path Delay:        2.534ns  (logic 0.763ns (30.105%)  route 1.771ns (69.895%))
  Logic Levels:           6  (CARRY8=1 LDCE=1 LUT3=1 LUT5=1 LUT6=2)
  Clock Uncertainty:      0.157ns  ((TSJ^2 + DJ^2)^1/2) / 2 + PE
    Total System Jitter     (TSJ):    0.050ns
    Discrete Jitter          (DJ):    0.310ns
    Phase Error              (PE):    0.000ns
  Clock Net Delay (Destination): 1.632ns (routing 0.533ns, distribution 1.099ns)

    Location             Delay type                Incr(ns)  Path(ns)    Netlist Resource(s)
  -------------------------------------------------------------------    -------------------
    SLICE_X46Y37         LDCE                         0.000     0.000 r  workout_classifier_i/mlp_controller_0/inst/mlp_controller_slave_lite_v1_0_S00_AXI_inst/mlp_inst/neuron_reg[4]/G
    SLICE_X46Y37         LDCE (EnToQ_DFF_SLICEL_G_Q)
                                                      0.122     0.122 r  workout_classifier_i/mlp_controller_0/inst/mlp_controller_slave_lite_v1_0_S00_AXI_inst/mlp_inst/neuron_reg[4]/Q
                         net (fo=10, routed)          0.597     0.719    workout_classifier_i/mlp_controller_0/inst/mlp_controller_slave_lite_v1_0_S00_AXI_inst/mlp_inst/weight_access/no_softecc_sel_reg.ce_pri.sel_pipe_reg[2]_0[4]
    SLICE_X46Y34         LUT6 (Prop_G6LUT_SLICEL_I2_O)
                                                      0.050     0.769 r  workout_classifier_i/mlp_controller_0/inst/mlp_controller_slave_lite_v1_0_S00_AXI_inst/mlp_inst/weight_access/weights_and_biases_i_29/O
                         net (fo=2, routed)           0.046     0.815    workout_classifier_i/mlp_controller_0/inst/mlp_controller_slave_lite_v1_0_S00_AXI_inst/mlp_inst/weight_access/weights_and_biases_i_29_n_0
    SLICE_X46Y34         LUT6 (Prop_E6LUT_SLICEL_I4_O)
                                                      0.099     0.914 r  workout_classifier_i/mlp_controller_0/inst/mlp_controller_slave_lite_v1_0_S00_AXI_inst/mlp_inst/weight_access/weights_and_biases_i_31/O
                         net (fo=1, routed)           0.200     1.114    workout_classifier_i/mlp_controller_0/inst/mlp_controller_slave_lite_v1_0_S00_AXI_inst/mlp_inst/weight_access/p_2_in__0[8]
    SLICE_X47Y34         LUT5 (Prop_A6LUT_SLICEL_I4_O)
                                                      0.149     1.263 r  workout_classifier_i/mlp_controller_0/inst/mlp_controller_slave_lite_v1_0_S00_AXI_inst/mlp_inst/weight_access/weights_and_biases_i_11/O
                         net (fo=1, routed)           0.009     1.272    workout_classifier_i/mlp_controller_0/inst/mlp_controller_slave_lite_v1_0_S00_AXI_inst/mlp_inst/weight_access/weights_and_biases_i_11_n_0
    SLICE_X47Y34         CARRY8 (Prop_CARRY8_SLICEL_S[0]_O[5])
                                                      0.245     1.517 r  workout_classifier_i/mlp_controller_0/inst/mlp_controller_slave_lite_v1_0_S00_AXI_inst/mlp_inst/weight_access/weights_and_biases_i_2/O[5]
                         net (fo=5, routed)           0.407     1.924    workout_classifier_i/mlp_controller_0/inst/mlp_controller_slave_lite_v1_0_S00_AXI_inst/mlp_inst/weight_access/weights_and_biases/U0/inst_blk_mem_gen/gnbram.gnativebmg.native_blk_mem_gen/valid.cstr/ramloop[2].ram.r/prim_init.ram/addra[13]
    SLICE_X47Y17         LUT3 (Prop_C5LUT_SLICEL_I1_O)
                                                      0.098     2.022 r  workout_classifier_i/mlp_controller_0/inst/mlp_controller_slave_lite_v1_0_S00_AXI_inst/mlp_inst/weight_access/weights_and_biases/U0/inst_blk_mem_gen/gnbram.gnativebmg.native_blk_mem_gen/valid.cstr/ramloop[2].ram.r/prim_init.ram/DEVICE_8SERIES.NO_BMM_INFO.SP.SIMPLE_PRIM36.ram_i_1__1/O
                         net (fo=1, routed)           0.512     2.534    workout_classifier_i/mlp_controller_0/inst/mlp_controller_slave_lite_v1_0_S00_AXI_inst/mlp_inst/weight_access/weights_and_biases/U0/inst_blk_mem_gen/gnbram.gnativebmg.native_blk_mem_gen/valid.cstr/ramloop[2].ram.r/prim_init.ram/ramloop[2].ram.ram_ena
    RAMB36_X5Y0          RAMB36E2                                     r  workout_classifier_i/mlp_controller_0/inst/mlp_controller_slave_lite_v1_0_S00_AXI_inst/mlp_inst/weight_access/weights_and_biases/U0/inst_blk_mem_gen/gnbram.gnativebmg.native_blk_mem_gen/valid.cstr/ramloop[2].ram.r/prim_init.ram/DEVICE_8SERIES.NO_BMM_INFO.SP.SIMPLE_PRIM36.ram/ENARDEN
  -------------------------------------------------------------------    -------------------

                         (clock clk_pl_0 rise edge)
                                                      0.000     0.000 r  
    PS8_X0Y0             PS8                          0.000     0.000 r  workout_classifier_i/zynq_ultra_ps_e_0/inst/PS8_i/PLCLK[0]
                         net (fo=1, routed)           0.135     0.135    workout_classifier_i/zynq_ultra_ps_e_0/inst/pl_clk_unbuffered[0]
    BUFG_PS_X0Y58        BUFG_PS (Prop_BUFG_PS_I_O)
                                                      0.025     0.160 r  workout_classifier_i/zynq_ultra_ps_e_0/inst/buffer_pl_clk_0.PL_CLK_0_BUFG/O
    X0Y1 (CLOCK_ROOT)    net (fo=103775, routed)      1.632     1.792    workout_classifier_i/mlp_controller_0/inst/mlp_controller_slave_lite_v1_0_S00_AXI_inst/mlp_inst/weight_access/weights_and_biases/U0/inst_blk_mem_gen/gnbram.gnativebmg.native_blk_mem_gen/valid.cstr/ramloop[2].ram.r/prim_init.ram/clka
    RAMB36_X5Y0          RAMB36E2                                     r  workout_classifier_i/mlp_controller_0/inst/mlp_controller_slave_lite_v1_0_S00_AXI_inst/mlp_inst/weight_access/weights_and_biases/U0/inst_blk_mem_gen/gnbram.gnativebmg.native_blk_mem_gen/valid.cstr/ramloop[2].ram.r/prim_init.ram/DEVICE_8SERIES.NO_BMM_INFO.SP.SIMPLE_PRIM36.ram/CLKARDCLK

Slack:                    inf
  Source:                 workout_classifier_i/mlp_controller_0/inst/mlp_controller_slave_lite_v1_0_S00_AXI_inst/mlp_inst/neuron_reg[4]/G
                            (positive level-sensitive latch)
  Destination:            workout_classifier_i/mlp_controller_0/inst/mlp_controller_slave_lite_v1_0_S00_AXI_inst/mlp_inst/weight_access/weights_and_biases/U0/inst_blk_mem_gen/gnbram.gnativebmg.native_blk_mem_gen/valid.cstr/ramloop[1].ram.r/prim_init.ram/DEVICE_8SERIES.NO_BMM_INFO.SP.SIMPLE_PRIM36.ram/ENARDEN
                            (rising edge-triggered cell RAMB36E2 clocked by clk_pl_0  {rise@0.000ns fall@5.156ns period=10.312ns})
  Path Group:             (none)
  Path Type:              Setup (Max at Slow Process Corner)
  Data Path Delay:        2.525ns  (logic 0.753ns (29.816%)  route 1.772ns (70.184%))
  Logic Levels:           6  (CARRY8=1 LDCE=1 LUT3=1 LUT5=1 LUT6=2)
  Clock Uncertainty:      0.157ns  ((TSJ^2 + DJ^2)^1/2) / 2 + PE
    Total System Jitter     (TSJ):    0.050ns
    Discrete Jitter          (DJ):    0.310ns
    Phase Error              (PE):    0.000ns
  Clock Net Delay (Destination): 1.631ns (routing 0.533ns, distribution 1.098ns)

    Location             Delay type                Incr(ns)  Path(ns)    Netlist Resource(s)
  -------------------------------------------------------------------    -------------------
    SLICE_X46Y37         LDCE                         0.000     0.000 r  workout_classifier_i/mlp_controller_0/inst/mlp_controller_slave_lite_v1_0_S00_AXI_inst/mlp_inst/neuron_reg[4]/G
    SLICE_X46Y37         LDCE (EnToQ_DFF_SLICEL_G_Q)
                                                      0.122     0.122 r  workout_classifier_i/mlp_controller_0/inst/mlp_controller_slave_lite_v1_0_S00_AXI_inst/mlp_inst/neuron_reg[4]/Q
                         net (fo=10, routed)          0.597     0.719    workout_classifier_i/mlp_controller_0/inst/mlp_controller_slave_lite_v1_0_S00_AXI_inst/mlp_inst/weight_access/no_softecc_sel_reg.ce_pri.sel_pipe_reg[2]_0[4]
    SLICE_X46Y34         LUT6 (Prop_G6LUT_SLICEL_I2_O)
                                                      0.050     0.769 r  workout_classifier_i/mlp_controller_0/inst/mlp_controller_slave_lite_v1_0_S00_AXI_inst/mlp_inst/weight_access/weights_and_biases_i_29/O
                         net (fo=2, routed)           0.046     0.815    workout_classifier_i/mlp_controller_0/inst/mlp_controller_slave_lite_v1_0_S00_AXI_inst/mlp_inst/weight_access/weights_and_biases_i_29_n_0
    SLICE_X46Y34         LUT6 (Prop_E6LUT_SLICEL_I4_O)
                                                      0.099     0.914 r  workout_classifier_i/mlp_controller_0/inst/mlp_controller_slave_lite_v1_0_S00_AXI_inst/mlp_inst/weight_access/weights_and_biases_i_31/O
                         net (fo=1, routed)           0.200     1.114    workout_classifier_i/mlp_controller_0/inst/mlp_controller_slave_lite_v1_0_S00_AXI_inst/mlp_inst/weight_access/p_2_in__0[8]
    SLICE_X47Y34         LUT5 (Prop_A6LUT_SLICEL_I4_O)
                                                      0.149     1.263 r  workout_classifier_i/mlp_controller_0/inst/mlp_controller_slave_lite_v1_0_S00_AXI_inst/mlp_inst/weight_access/weights_and_biases_i_11/O
                         net (fo=1, routed)           0.009     1.272    workout_classifier_i/mlp_controller_0/inst/mlp_controller_slave_lite_v1_0_S00_AXI_inst/mlp_inst/weight_access/weights_and_biases_i_11_n_0
    SLICE_X47Y34         CARRY8 (Prop_CARRY8_SLICEL_S[0]_O[5])
                                                      0.245     1.517 f  workout_classifier_i/mlp_controller_0/inst/mlp_controller_slave_lite_v1_0_S00_AXI_inst/mlp_inst/weight_access/weights_and_biases_i_2/O[5]
                         net (fo=5, routed)           0.407     1.924    workout_classifier_i/mlp_controller_0/inst/mlp_controller_slave_lite_v1_0_S00_AXI_inst/mlp_inst/weight_access/weights_and_biases/U0/inst_blk_mem_gen/gnbram.gnativebmg.native_blk_mem_gen/valid.cstr/ramloop[1].ram.r/prim_init.ram/addra[13]
    SLICE_X47Y17         LUT3 (Prop_C6LUT_SLICEL_I2_O)
                                                      0.088     2.012 r  workout_classifier_i/mlp_controller_0/inst/mlp_controller_slave_lite_v1_0_S00_AXI_inst/mlp_inst/weight_access/weights_and_biases/U0/inst_blk_mem_gen/gnbram.gnativebmg.native_blk_mem_gen/valid.cstr/ramloop[1].ram.r/prim_init.ram/DEVICE_8SERIES.NO_BMM_INFO.SP.SIMPLE_PRIM36.ram_i_1/O
                         net (fo=1, routed)           0.513     2.525    workout_classifier_i/mlp_controller_0/inst/mlp_controller_slave_lite_v1_0_S00_AXI_inst/mlp_inst/weight_access/weights_and_biases/U0/inst_blk_mem_gen/gnbram.gnativebmg.native_blk_mem_gen/valid.cstr/ramloop[1].ram.r/prim_init.ram/ramloop[1].ram.ram_ena
    RAMB36_X5Y1          RAMB36E2                                     r  workout_classifier_i/mlp_controller_0/inst/mlp_controller_slave_lite_v1_0_S00_AXI_inst/mlp_inst/weight_access/weights_and_biases/U0/inst_blk_mem_gen/gnbram.gnativebmg.native_blk_mem_gen/valid.cstr/ramloop[1].ram.r/prim_init.ram/DEVICE_8SERIES.NO_BMM_INFO.SP.SIMPLE_PRIM36.ram/ENARDEN
  -------------------------------------------------------------------    -------------------

                         (clock clk_pl_0 rise edge)
                                                      0.000     0.000 r  
    PS8_X0Y0             PS8                          0.000     0.000 r  workout_classifier_i/zynq_ultra_ps_e_0/inst/PS8_i/PLCLK[0]
                         net (fo=1, routed)           0.135     0.135    workout_classifier_i/zynq_ultra_ps_e_0/inst/pl_clk_unbuffered[0]
    BUFG_PS_X0Y58        BUFG_PS (Prop_BUFG_PS_I_O)
                                                      0.025     0.160 r  workout_classifier_i/zynq_ultra_ps_e_0/inst/buffer_pl_clk_0.PL_CLK_0_BUFG/O
    X0Y1 (CLOCK_ROOT)    net (fo=103775, routed)      1.631     1.791    workout_classifier_i/mlp_controller_0/inst/mlp_controller_slave_lite_v1_0_S00_AXI_inst/mlp_inst/weight_access/weights_and_biases/U0/inst_blk_mem_gen/gnbram.gnativebmg.native_blk_mem_gen/valid.cstr/ramloop[1].ram.r/prim_init.ram/clka
    RAMB36_X5Y1          RAMB36E2                                     r  workout_classifier_i/mlp_controller_0/inst/mlp_controller_slave_lite_v1_0_S00_AXI_inst/mlp_inst/weight_access/weights_and_biases/U0/inst_blk_mem_gen/gnbram.gnativebmg.native_blk_mem_gen/valid.cstr/ramloop[1].ram.r/prim_init.ram/DEVICE_8SERIES.NO_BMM_INFO.SP.SIMPLE_PRIM36.ram/CLKARDCLK

Slack:                    inf
  Source:                 workout_classifier_i/mlp_controller_0/inst/mlp_controller_slave_lite_v1_0_S00_AXI_inst/mlp_inst/neuron_reg[4]/G
                            (positive level-sensitive latch)
  Destination:            workout_classifier_i/mlp_controller_0/inst/mlp_controller_slave_lite_v1_0_S00_AXI_inst/mlp_inst/weight_access/weights_and_biases/U0/inst_blk_mem_gen/gnbram.gnativebmg.native_blk_mem_gen/valid.cstr/ramloop[0].ram.r/prim_init.ram/DEVICE_8SERIES.NO_BMM_INFO.SP.SIMPLE_PRIM36.ram/ENARDEN
                            (rising edge-triggered cell RAMB36E2 clocked by clk_pl_0  {rise@0.000ns fall@5.156ns period=10.312ns})
  Path Group:             (none)
  Path Type:              Setup (Max at Slow Process Corner)
  Data Path Delay:        2.503ns  (logic 0.761ns (30.398%)  route 1.742ns (69.602%))
  Logic Levels:           6  (CARRY8=1 LDCE=1 LUT3=1 LUT5=1 LUT6=2)
  Clock Uncertainty:      0.157ns  ((TSJ^2 + DJ^2)^1/2) / 2 + PE
    Total System Jitter     (TSJ):    0.050ns
    Discrete Jitter          (DJ):    0.310ns
    Phase Error              (PE):    0.000ns
  Clock Net Delay (Destination): 1.638ns (routing 0.533ns, distribution 1.105ns)

    Location             Delay type                Incr(ns)  Path(ns)    Netlist Resource(s)
  -------------------------------------------------------------------    -------------------
    SLICE_X46Y37         LDCE                         0.000     0.000 r  workout_classifier_i/mlp_controller_0/inst/mlp_controller_slave_lite_v1_0_S00_AXI_inst/mlp_inst/neuron_reg[4]/G
    SLICE_X46Y37         LDCE (EnToQ_DFF_SLICEL_G_Q)
                                                      0.122     0.122 r  workout_classifier_i/mlp_controller_0/inst/mlp_controller_slave_lite_v1_0_S00_AXI_inst/mlp_inst/neuron_reg[4]/Q
                         net (fo=10, routed)          0.597     0.719    workout_classifier_i/mlp_controller_0/inst/mlp_controller_slave_lite_v1_0_S00_AXI_inst/mlp_inst/weight_access/no_softecc_sel_reg.ce_pri.sel_pipe_reg[2]_0[4]
    SLICE_X46Y34         LUT6 (Prop_G6LUT_SLICEL_I2_O)
                                                      0.050     0.769 r  workout_classifier_i/mlp_controller_0/inst/mlp_controller_slave_lite_v1_0_S00_AXI_inst/mlp_inst/weight_access/weights_and_biases_i_29/O
                         net (fo=2, routed)           0.046     0.815    workout_classifier_i/mlp_controller_0/inst/mlp_controller_slave_lite_v1_0_S00_AXI_inst/mlp_inst/weight_access/weights_and_biases_i_29_n_0
    SLICE_X46Y34         LUT6 (Prop_E6LUT_SLICEL_I4_O)
                                                      0.099     0.914 r  workout_classifier_i/mlp_controller_0/inst/mlp_controller_slave_lite_v1_0_S00_AXI_inst/mlp_inst/weight_access/weights_and_biases_i_31/O
                         net (fo=1, routed)           0.200     1.114    workout_classifier_i/mlp_controller_0/inst/mlp_controller_slave_lite_v1_0_S00_AXI_inst/mlp_inst/weight_access/p_2_in__0[8]
    SLICE_X47Y34         LUT5 (Prop_A6LUT_SLICEL_I4_O)
                                                      0.149     1.263 r  workout_classifier_i/mlp_controller_0/inst/mlp_controller_slave_lite_v1_0_S00_AXI_inst/mlp_inst/weight_access/weights_and_biases_i_11/O
                         net (fo=1, routed)           0.009     1.272    workout_classifier_i/mlp_controller_0/inst/mlp_controller_slave_lite_v1_0_S00_AXI_inst/mlp_inst/weight_access/weights_and_biases_i_11_n_0
    SLICE_X47Y34         CARRY8 (Prop_CARRY8_SLICEL_S[0]_O[5])
                                                      0.245     1.517 f  workout_classifier_i/mlp_controller_0/inst/mlp_controller_slave_lite_v1_0_S00_AXI_inst/mlp_inst/weight_access/weights_and_biases_i_2/O[5]
                         net (fo=5, routed)           0.407     1.924    workout_classifier_i/mlp_controller_0/inst/mlp_controller_slave_lite_v1_0_S00_AXI_inst/mlp_inst/weight_access/weights_and_biases/U0/inst_blk_mem_gen/gnbram.gnativebmg.native_blk_mem_gen/valid.cstr/ramloop[0].ram.r/prim_init.ram/addra[13]
    SLICE_X47Y17         LUT3 (Prop_D5LUT_SLICEL_I2_O)
                                                      0.096     2.020 r  workout_classifier_i/mlp_controller_0/inst/mlp_controller_slave_lite_v1_0_S00_AXI_inst/mlp_inst/weight_access/weights_and_biases/U0/inst_blk_mem_gen/gnbram.gnativebmg.native_blk_mem_gen/valid.cstr/ramloop[0].ram.r/prim_init.ram/DEVICE_8SERIES.NO_BMM_INFO.SP.SIMPLE_PRIM36.ram_i_1__0/O
                         net (fo=1, routed)           0.483     2.503    workout_classifier_i/mlp_controller_0/inst/mlp_controller_slave_lite_v1_0_S00_AXI_inst/mlp_inst/weight_access/weights_and_biases/U0/inst_blk_mem_gen/gnbram.gnativebmg.native_blk_mem_gen/valid.cstr/ramloop[0].ram.r/prim_init.ram/ramloop[0].ram.ram_ena
    RAMB36_X5Y2          RAMB36E2                                     r  workout_classifier_i/mlp_controller_0/inst/mlp_controller_slave_lite_v1_0_S00_AXI_inst/mlp_inst/weight_access/weights_and_biases/U0/inst_blk_mem_gen/gnbram.gnativebmg.native_blk_mem_gen/valid.cstr/ramloop[0].ram.r/prim_init.ram/DEVICE_8SERIES.NO_BMM_INFO.SP.SIMPLE_PRIM36.ram/ENARDEN
  -------------------------------------------------------------------    -------------------

                         (clock clk_pl_0 rise edge)
                                                      0.000     0.000 r  
    PS8_X0Y0             PS8                          0.000     0.000 r  workout_classifier_i/zynq_ultra_ps_e_0/inst/PS8_i/PLCLK[0]
                         net (fo=1, routed)           0.135     0.135    workout_classifier_i/zynq_ultra_ps_e_0/inst/pl_clk_unbuffered[0]
    BUFG_PS_X0Y58        BUFG_PS (Prop_BUFG_PS_I_O)
                                                      0.025     0.160 r  workout_classifier_i/zynq_ultra_ps_e_0/inst/buffer_pl_clk_0.PL_CLK_0_BUFG/O
    X0Y1 (CLOCK_ROOT)    net (fo=103775, routed)      1.638     1.798    workout_classifier_i/mlp_controller_0/inst/mlp_controller_slave_lite_v1_0_S00_AXI_inst/mlp_inst/weight_access/weights_and_biases/U0/inst_blk_mem_gen/gnbram.gnativebmg.native_blk_mem_gen/valid.cstr/ramloop[0].ram.r/prim_init.ram/clka
    RAMB36_X5Y2          RAMB36E2                                     r  workout_classifier_i/mlp_controller_0/inst/mlp_controller_slave_lite_v1_0_S00_AXI_inst/mlp_inst/weight_access/weights_and_biases/U0/inst_blk_mem_gen/gnbram.gnativebmg.native_blk_mem_gen/valid.cstr/ramloop[0].ram.r/prim_init.ram/DEVICE_8SERIES.NO_BMM_INFO.SP.SIMPLE_PRIM36.ram/CLKARDCLK

Slack:                    inf
  Source:                 workout_classifier_i/mlp_controller_0/inst/mlp_controller_slave_lite_v1_0_S00_AXI_inst/mlp_inst/neuron_reg[4]/G
                            (positive level-sensitive latch)
  Destination:            workout_classifier_i/mlp_controller_0/inst/mlp_controller_slave_lite_v1_0_S00_AXI_inst/mlp_inst/weight_access/weights_and_biases/U0/inst_blk_mem_gen/gnbram.gnativebmg.native_blk_mem_gen/valid.cstr/ramloop[3].ram.r/prim_init.ram/DEVICE_8SERIES.NO_BMM_INFO.SP.SIMPLE_PRIM18.ram/ADDRARDADDR[12]
                            (rising edge-triggered cell RAMB18E2 clocked by clk_pl_0  {rise@0.000ns fall@5.156ns period=10.312ns})
  Path Group:             (none)
  Path Type:              Setup (Max at Slow Process Corner)
  Data Path Delay:        2.488ns  (logic 0.514ns (20.655%)  route 1.974ns (79.345%))
  Logic Levels:           5  (CARRY8=1 LDCE=1 LUT5=1 LUT6=2)
  Clock Uncertainty:      0.157ns  ((TSJ^2 + DJ^2)^1/2) / 2 + PE
    Total System Jitter     (TSJ):    0.050ns
    Discrete Jitter          (DJ):    0.310ns
    Phase Error              (PE):    0.000ns
  Clock Net Delay (Destination): 1.635ns (routing 0.533ns, distribution 1.102ns)

    Location             Delay type                Incr(ns)  Path(ns)    Netlist Resource(s)
  -------------------------------------------------------------------    -------------------
    SLICE_X46Y37         LDCE                         0.000     0.000 r  workout_classifier_i/mlp_controller_0/inst/mlp_controller_slave_lite_v1_0_S00_AXI_inst/mlp_inst/neuron_reg[4]/G
    SLICE_X46Y37         LDCE (EnToQ_DFF_SLICEL_G_Q)
                                                      0.122     0.122 r  workout_classifier_i/mlp_controller_0/inst/mlp_controller_slave_lite_v1_0_S00_AXI_inst/mlp_inst/neuron_reg[4]/Q
                         net (fo=10, routed)          0.597     0.719    workout_classifier_i/mlp_controller_0/inst/mlp_controller_slave_lite_v1_0_S00_AXI_inst/mlp_inst/weight_access/no_softecc_sel_reg.ce_pri.sel_pipe_reg[2]_0[4]
    SLICE_X46Y34         LUT6 (Prop_G6LUT_SLICEL_I2_O)
                                                      0.050     0.769 r  workout_classifier_i/mlp_controller_0/inst/mlp_controller_slave_lite_v1_0_S00_AXI_inst/mlp_inst/weight_access/weights_and_biases_i_29/O
                         net (fo=2, routed)           0.046     0.815    workout_classifier_i/mlp_controller_0/inst/mlp_controller_slave_lite_v1_0_S00_AXI_inst/mlp_inst/weight_access/weights_and_biases_i_29_n_0
    SLICE_X46Y34         LUT6 (Prop_E6LUT_SLICEL_I4_O)
                                                      0.099     0.914 r  workout_classifier_i/mlp_controller_0/inst/mlp_controller_slave_lite_v1_0_S00_AXI_inst/mlp_inst/weight_access/weights_and_biases_i_31/O
                         net (fo=1, routed)           0.200     1.114    workout_classifier_i/mlp_controller_0/inst/mlp_controller_slave_lite_v1_0_S00_AXI_inst/mlp_inst/weight_access/p_2_in__0[8]
    SLICE_X47Y34         LUT5 (Prop_A6LUT_SLICEL_I4_O)
                                                      0.149     1.263 r  workout_classifier_i/mlp_controller_0/inst/mlp_controller_slave_lite_v1_0_S00_AXI_inst/mlp_inst/weight_access/weights_and_biases_i_11/O
                         net (fo=1, routed)           0.009     1.272    workout_classifier_i/mlp_controller_0/inst/mlp_controller_slave_lite_v1_0_S00_AXI_inst/mlp_inst/weight_access/weights_and_biases_i_11_n_0
    SLICE_X47Y34         CARRY8 (Prop_CARRY8_SLICEL_S[0]_O[1])
                                                      0.094     1.366 r  workout_classifier_i/mlp_controller_0/inst/mlp_controller_slave_lite_v1_0_S00_AXI_inst/mlp_inst/weight_access/weights_and_biases_i_2/O[1]
                         net (fo=4, routed)           1.122     2.488    workout_classifier_i/mlp_controller_0/inst/mlp_controller_slave_lite_v1_0_S00_AXI_inst/mlp_inst/weight_access/weights_and_biases/U0/inst_blk_mem_gen/gnbram.gnativebmg.native_blk_mem_gen/valid.cstr/ramloop[3].ram.r/prim_init.ram/addra[9]
    RAMB18_X5Y6          RAMB18E2                                     r  workout_classifier_i/mlp_controller_0/inst/mlp_controller_slave_lite_v1_0_S00_AXI_inst/mlp_inst/weight_access/weights_and_biases/U0/inst_blk_mem_gen/gnbram.gnativebmg.native_blk_mem_gen/valid.cstr/ramloop[3].ram.r/prim_init.ram/DEVICE_8SERIES.NO_BMM_INFO.SP.SIMPLE_PRIM18.ram/ADDRARDADDR[12]
  -------------------------------------------------------------------    -------------------

                         (clock clk_pl_0 rise edge)
                                                      0.000     0.000 r  
    PS8_X0Y0             PS8                          0.000     0.000 r  workout_classifier_i/zynq_ultra_ps_e_0/inst/PS8_i/PLCLK[0]
                         net (fo=1, routed)           0.135     0.135    workout_classifier_i/zynq_ultra_ps_e_0/inst/pl_clk_unbuffered[0]
    BUFG_PS_X0Y58        BUFG_PS (Prop_BUFG_PS_I_O)
                                                      0.025     0.160 r  workout_classifier_i/zynq_ultra_ps_e_0/inst/buffer_pl_clk_0.PL_CLK_0_BUFG/O
    X0Y1 (CLOCK_ROOT)    net (fo=103775, routed)      1.635     1.795    workout_classifier_i/mlp_controller_0/inst/mlp_controller_slave_lite_v1_0_S00_AXI_inst/mlp_inst/weight_access/weights_and_biases/U0/inst_blk_mem_gen/gnbram.gnativebmg.native_blk_mem_gen/valid.cstr/ramloop[3].ram.r/prim_init.ram/clka
    RAMB18_X5Y6          RAMB18E2                                     r  workout_classifier_i/mlp_controller_0/inst/mlp_controller_slave_lite_v1_0_S00_AXI_inst/mlp_inst/weight_access/weights_and_biases/U0/inst_blk_mem_gen/gnbram.gnativebmg.native_blk_mem_gen/valid.cstr/ramloop[3].ram.r/prim_init.ram/DEVICE_8SERIES.NO_BMM_INFO.SP.SIMPLE_PRIM18.ram/CLKARDCLK

Slack:                    inf
  Source:                 workout_classifier_i/mlp_controller_0/inst/mlp_controller_slave_lite_v1_0_S00_AXI_inst/mlp_inst/neuron_reg[4]/G
                            (positive level-sensitive latch)
  Destination:            workout_classifier_i/mlp_controller_0/inst/mlp_controller_slave_lite_v1_0_S00_AXI_inst/mlp_inst/weight_access/weights_and_biases/U0/inst_blk_mem_gen/gnbram.gnativebmg.native_blk_mem_gen/valid.cstr/ramloop[2].ram.r/prim_init.ram/DEVICE_8SERIES.NO_BMM_INFO.SP.SIMPLE_PRIM36.ram/ADDRARDADDR[12]
                            (rising edge-triggered cell RAMB36E2 clocked by clk_pl_0  {rise@0.000ns fall@5.156ns period=10.312ns})
  Path Group:             (none)
  Path Type:              Setup (Max at Slow Process Corner)
  Data Path Delay:        2.481ns  (logic 0.514ns (20.715%)  route 1.967ns (79.285%))
  Logic Levels:           5  (CARRY8=1 LDCE=1 LUT5=1 LUT6=2)
  Clock Uncertainty:      0.157ns  ((TSJ^2 + DJ^2)^1/2) / 2 + PE
    Total System Jitter     (TSJ):    0.050ns
    Discrete Jitter          (DJ):    0.310ns
    Phase Error              (PE):    0.000ns
  Clock Net Delay (Destination): 1.632ns (routing 0.533ns, distribution 1.099ns)

    Location             Delay type                Incr(ns)  Path(ns)    Netlist Resource(s)
  -------------------------------------------------------------------    -------------------
    SLICE_X46Y37         LDCE                         0.000     0.000 r  workout_classifier_i/mlp_controller_0/inst/mlp_controller_slave_lite_v1_0_S00_AXI_inst/mlp_inst/neuron_reg[4]/G
    SLICE_X46Y37         LDCE (EnToQ_DFF_SLICEL_G_Q)
                                                      0.122     0.122 r  workout_classifier_i/mlp_controller_0/inst/mlp_controller_slave_lite_v1_0_S00_AXI_inst/mlp_inst/neuron_reg[4]/Q
                         net (fo=10, routed)          0.597     0.719    workout_classifier_i/mlp_controller_0/inst/mlp_controller_slave_lite_v1_0_S00_AXI_inst/mlp_inst/weight_access/no_softecc_sel_reg.ce_pri.sel_pipe_reg[2]_0[4]
    SLICE_X46Y34         LUT6 (Prop_G6LUT_SLICEL_I2_O)
                                                      0.050     0.769 r  workout_classifier_i/mlp_controller_0/inst/mlp_controller_slave_lite_v1_0_S00_AXI_inst/mlp_inst/weight_access/weights_and_biases_i_29/O
                         net (fo=2, routed)           0.046     0.815    workout_classifier_i/mlp_controller_0/inst/mlp_controller_slave_lite_v1_0_S00_AXI_inst/mlp_inst/weight_access/weights_and_biases_i_29_n_0
    SLICE_X46Y34         LUT6 (Prop_E6LUT_SLICEL_I4_O)
                                                      0.099     0.914 r  workout_classifier_i/mlp_controller_0/inst/mlp_controller_slave_lite_v1_0_S00_AXI_inst/mlp_inst/weight_access/weights_and_biases_i_31/O
                         net (fo=1, routed)           0.200     1.114    workout_classifier_i/mlp_controller_0/inst/mlp_controller_slave_lite_v1_0_S00_AXI_inst/mlp_inst/weight_access/p_2_in__0[8]
    SLICE_X47Y34         LUT5 (Prop_A6LUT_SLICEL_I4_O)
                                                      0.149     1.263 r  workout_classifier_i/mlp_controller_0/inst/mlp_controller_slave_lite_v1_0_S00_AXI_inst/mlp_inst/weight_access/weights_and_biases_i_11/O
                         net (fo=1, routed)           0.009     1.272    workout_classifier_i/mlp_controller_0/inst/mlp_controller_slave_lite_v1_0_S00_AXI_inst/mlp_inst/weight_access/weights_and_biases_i_11_n_0
    SLICE_X47Y34         CARRY8 (Prop_CARRY8_SLICEL_S[0]_O[1])
                                                      0.094     1.366 r  workout_classifier_i/mlp_controller_0/inst/mlp_controller_slave_lite_v1_0_S00_AXI_inst/mlp_inst/weight_access/weights_and_biases_i_2/O[1]
                         net (fo=4, routed)           1.115     2.481    workout_classifier_i/mlp_controller_0/inst/mlp_controller_slave_lite_v1_0_S00_AXI_inst/mlp_inst/weight_access/weights_and_biases/U0/inst_blk_mem_gen/gnbram.gnativebmg.native_blk_mem_gen/valid.cstr/ramloop[2].ram.r/prim_init.ram/addra[9]
    RAMB36_X5Y0          RAMB36E2                                     r  workout_classifier_i/mlp_controller_0/inst/mlp_controller_slave_lite_v1_0_S00_AXI_inst/mlp_inst/weight_access/weights_and_biases/U0/inst_blk_mem_gen/gnbram.gnativebmg.native_blk_mem_gen/valid.cstr/ramloop[2].ram.r/prim_init.ram/DEVICE_8SERIES.NO_BMM_INFO.SP.SIMPLE_PRIM36.ram/ADDRARDADDR[12]
  -------------------------------------------------------------------    -------------------

                         (clock clk_pl_0 rise edge)
                                                      0.000     0.000 r  
    PS8_X0Y0             PS8                          0.000     0.000 r  workout_classifier_i/zynq_ultra_ps_e_0/inst/PS8_i/PLCLK[0]
                         net (fo=1, routed)           0.135     0.135    workout_classifier_i/zynq_ultra_ps_e_0/inst/pl_clk_unbuffered[0]
    BUFG_PS_X0Y58        BUFG_PS (Prop_BUFG_PS_I_O)
                                                      0.025     0.160 r  workout_classifier_i/zynq_ultra_ps_e_0/inst/buffer_pl_clk_0.PL_CLK_0_BUFG/O
    X0Y1 (CLOCK_ROOT)    net (fo=103775, routed)      1.632     1.792    workout_classifier_i/mlp_controller_0/inst/mlp_controller_slave_lite_v1_0_S00_AXI_inst/mlp_inst/weight_access/weights_and_biases/U0/inst_blk_mem_gen/gnbram.gnativebmg.native_blk_mem_gen/valid.cstr/ramloop[2].ram.r/prim_init.ram/clka
    RAMB36_X5Y0          RAMB36E2                                     r  workout_classifier_i/mlp_controller_0/inst/mlp_controller_slave_lite_v1_0_S00_AXI_inst/mlp_inst/weight_access/weights_and_biases/U0/inst_blk_mem_gen/gnbram.gnativebmg.native_blk_mem_gen/valid.cstr/ramloop[2].ram.r/prim_init.ram/DEVICE_8SERIES.NO_BMM_INFO.SP.SIMPLE_PRIM36.ram/CLKARDCLK

Slack:                    inf
  Source:                 workout_classifier_i/mlp_controller_0/inst/mlp_controller_slave_lite_v1_0_S00_AXI_inst/mlp_inst/neuron_reg[4]/G
                            (positive level-sensitive latch)
  Destination:            workout_classifier_i/mlp_controller_0/inst/mlp_controller_slave_lite_v1_0_S00_AXI_inst/mlp_inst/weight_access/weights_and_biases/U0/inst_blk_mem_gen/gnbram.gnativebmg.native_blk_mem_gen/valid.cstr/ramloop[1].ram.r/prim_init.ram/DEVICE_8SERIES.NO_BMM_INFO.SP.SIMPLE_PRIM36.ram/ADDRARDADDR[12]
                            (rising edge-triggered cell RAMB36E2 clocked by clk_pl_0  {rise@0.000ns fall@5.156ns period=10.312ns})
  Path Group:             (none)
  Path Type:              Setup (Max at Slow Process Corner)
  Data Path Delay:        2.479ns  (logic 0.514ns (20.731%)  route 1.965ns (79.269%))
  Logic Levels:           5  (CARRY8=1 LDCE=1 LUT5=1 LUT6=2)
  Clock Uncertainty:      0.157ns  ((TSJ^2 + DJ^2)^1/2) / 2 + PE
    Total System Jitter     (TSJ):    0.050ns
    Discrete Jitter          (DJ):    0.310ns
    Phase Error              (PE):    0.000ns
  Clock Net Delay (Destination): 1.631ns (routing 0.533ns, distribution 1.098ns)

    Location             Delay type                Incr(ns)  Path(ns)    Netlist Resource(s)
  -------------------------------------------------------------------    -------------------
    SLICE_X46Y37         LDCE                         0.000     0.000 r  workout_classifier_i/mlp_controller_0/inst/mlp_controller_slave_lite_v1_0_S00_AXI_inst/mlp_inst/neuron_reg[4]/G
    SLICE_X46Y37         LDCE (EnToQ_DFF_SLICEL_G_Q)
                                                      0.122     0.122 r  workout_classifier_i/mlp_controller_0/inst/mlp_controller_slave_lite_v1_0_S00_AXI_inst/mlp_inst/neuron_reg[4]/Q
                         net (fo=10, routed)          0.597     0.719    workout_classifier_i/mlp_controller_0/inst/mlp_controller_slave_lite_v1_0_S00_AXI_inst/mlp_inst/weight_access/no_softecc_sel_reg.ce_pri.sel_pipe_reg[2]_0[4]
    SLICE_X46Y34         LUT6 (Prop_G6LUT_SLICEL_I2_O)
                                                      0.050     0.769 r  workout_classifier_i/mlp_controller_0/inst/mlp_controller_slave_lite_v1_0_S00_AXI_inst/mlp_inst/weight_access/weights_and_biases_i_29/O
                         net (fo=2, routed)           0.046     0.815    workout_classifier_i/mlp_controller_0/inst/mlp_controller_slave_lite_v1_0_S00_AXI_inst/mlp_inst/weight_access/weights_and_biases_i_29_n_0
    SLICE_X46Y34         LUT6 (Prop_E6LUT_SLICEL_I4_O)
                                                      0.099     0.914 r  workout_classifier_i/mlp_controller_0/inst/mlp_controller_slave_lite_v1_0_S00_AXI_inst/mlp_inst/weight_access/weights_and_biases_i_31/O
                         net (fo=1, routed)           0.200     1.114    workout_classifier_i/mlp_controller_0/inst/mlp_controller_slave_lite_v1_0_S00_AXI_inst/mlp_inst/weight_access/p_2_in__0[8]
    SLICE_X47Y34         LUT5 (Prop_A6LUT_SLICEL_I4_O)
                                                      0.149     1.263 r  workout_classifier_i/mlp_controller_0/inst/mlp_controller_slave_lite_v1_0_S00_AXI_inst/mlp_inst/weight_access/weights_and_biases_i_11/O
                         net (fo=1, routed)           0.009     1.272    workout_classifier_i/mlp_controller_0/inst/mlp_controller_slave_lite_v1_0_S00_AXI_inst/mlp_inst/weight_access/weights_and_biases_i_11_n_0
    SLICE_X47Y34         CARRY8 (Prop_CARRY8_SLICEL_S[0]_O[1])
                                                      0.094     1.366 r  workout_classifier_i/mlp_controller_0/inst/mlp_controller_slave_lite_v1_0_S00_AXI_inst/mlp_inst/weight_access/weights_and_biases_i_2/O[1]
                         net (fo=4, routed)           1.113     2.479    workout_classifier_i/mlp_controller_0/inst/mlp_controller_slave_lite_v1_0_S00_AXI_inst/mlp_inst/weight_access/weights_and_biases/U0/inst_blk_mem_gen/gnbram.gnativebmg.native_blk_mem_gen/valid.cstr/ramloop[1].ram.r/prim_init.ram/addra[9]
    RAMB36_X5Y1          RAMB36E2                                     r  workout_classifier_i/mlp_controller_0/inst/mlp_controller_slave_lite_v1_0_S00_AXI_inst/mlp_inst/weight_access/weights_and_biases/U0/inst_blk_mem_gen/gnbram.gnativebmg.native_blk_mem_gen/valid.cstr/ramloop[1].ram.r/prim_init.ram/DEVICE_8SERIES.NO_BMM_INFO.SP.SIMPLE_PRIM36.ram/ADDRARDADDR[12]
  -------------------------------------------------------------------    -------------------

                         (clock clk_pl_0 rise edge)
                                                      0.000     0.000 r  
    PS8_X0Y0             PS8                          0.000     0.000 r  workout_classifier_i/zynq_ultra_ps_e_0/inst/PS8_i/PLCLK[0]
                         net (fo=1, routed)           0.135     0.135    workout_classifier_i/zynq_ultra_ps_e_0/inst/pl_clk_unbuffered[0]
    BUFG_PS_X0Y58        BUFG_PS (Prop_BUFG_PS_I_O)
                                                      0.025     0.160 r  workout_classifier_i/zynq_ultra_ps_e_0/inst/buffer_pl_clk_0.PL_CLK_0_BUFG/O
    X0Y1 (CLOCK_ROOT)    net (fo=103775, routed)      1.631     1.791    workout_classifier_i/mlp_controller_0/inst/mlp_controller_slave_lite_v1_0_S00_AXI_inst/mlp_inst/weight_access/weights_and_biases/U0/inst_blk_mem_gen/gnbram.gnativebmg.native_blk_mem_gen/valid.cstr/ramloop[1].ram.r/prim_init.ram/clka
    RAMB36_X5Y1          RAMB36E2                                     r  workout_classifier_i/mlp_controller_0/inst/mlp_controller_slave_lite_v1_0_S00_AXI_inst/mlp_inst/weight_access/weights_and_biases/U0/inst_blk_mem_gen/gnbram.gnativebmg.native_blk_mem_gen/valid.cstr/ramloop[1].ram.r/prim_init.ram/DEVICE_8SERIES.NO_BMM_INFO.SP.SIMPLE_PRIM36.ram/CLKARDCLK





Min Delay Paths
--------------------------------------------------------------------------------------
Slack:                    inf
  Source:                 workout_classifier_i/mlp_controller_0/inst/mlp_controller_slave_lite_v1_0_S00_AXI_inst/mlp_inst/acc_in_reg[13]/G
                            (positive level-sensitive latch)
  Destination:            workout_classifier_wrapper/workout_classifier/workout_classifier_mlp_controller_0_7/workout_classifier_mlp_controller_0_7_mlp_controller/workout_classifier_mlp_controller_0_7_mlp_controller_slave_lite_v1_0_S00_AXI/workout_classifier_mlp_controller_0_7_mlp_classifier/workout_classifier_mlp_controller_0_7_mac/workout_classifier_mlp_controller_0_7_dsp_macro_0/<hidden>/<hidden>/<hidden>/<hidden>
                            (rising edge-triggered cell FDRE clocked by clk_pl_0  {rise@0.000ns fall@5.156ns period=10.312ns})
  Path Group:             (none)
  Path Type:              Hold (Min at Fast Process Corner)
  Data Path Delay:        0.129ns  (logic 0.061ns (47.287%)  route 0.068ns (52.713%))
  Logic Levels:           1  (LDCE=1)
  Clock Uncertainty:      0.157ns  ((TSJ^2 + DJ^2)^1/2) / 2 + PE
    Total System Jitter     (TSJ):    0.050ns
    Discrete Jitter          (DJ):    0.310ns
    Phase Error              (PE):    0.000ns
  Clock Net Delay (Destination): 1.126ns (routing 0.365ns, distribution 0.761ns)

    Location             Delay type                Incr(ns)  Path(ns)    Netlist Resource(s)
  -------------------------------------------------------------------    -------------------
    SLICE_X45Y46         LDCE                         0.000     0.000 r  workout_classifier_i/mlp_controller_0/inst/mlp_controller_slave_lite_v1_0_S00_AXI_inst/mlp_inst/acc_in_reg[13]/G
    SLICE_X45Y46         LDCE (EnToQ_EFF2_SLICEM_G_Q)
                                                      0.061     0.061 r  workout_classifier_i/mlp_controller_0/inst/mlp_controller_slave_lite_v1_0_S00_AXI_inst/mlp_inst/acc_in_reg[13]/Q
                         net (fo=1, routed)           0.068     0.129    workout_classifier_wrapper/workout_classifier/workout_classifier_mlp_controller_0_7/workout_classifier_mlp_controller_0_7_mlp_controller/workout_classifier_mlp_controller_0_7_mlp_controller_slave_lite_v1_0_S00_AXI/workout_classifier_mlp_controller_0_7_mlp_classifier/workout_classifier_mlp_controller_0_7_mac/workout_classifier_mlp_controller_0_7_dsp_macro_0/<hidden>/<hidden>/<hidden>/<hidden>
    SLICE_X43Y46         FDRE                                         r  workout_classifier_wrapper/workout_classifier/workout_classifier_mlp_controller_0_7/workout_classifier_mlp_controller_0_7_mlp_controller/workout_classifier_mlp_controller_0_7_mlp_controller_slave_lite_v1_0_S00_AXI/workout_classifier_mlp_controller_0_7_mlp_classifier/workout_classifier_mlp_controller_0_7_mac/workout_classifier_mlp_controller_0_7_dsp_macro_0/<hidden>/<hidden>/<hidden>/<hidden>
  -------------------------------------------------------------------    -------------------

                         (clock clk_pl_0 rise edge)
                                                      0.000     0.000 r  
    PS8_X0Y0             PS8                          0.000     0.000 r  workout_classifier_i/zynq_ultra_ps_e_0/inst/PS8_i/PLCLK[0]
                         net (fo=1, routed)           0.120     0.120    workout_classifier_i/zynq_ultra_ps_e_0/inst/pl_clk_unbuffered[0]
    BUFG_PS_X0Y58        BUFG_PS (Prop_BUFG_PS_I_O)
                                                      0.018     0.138 r  workout_classifier_i/zynq_ultra_ps_e_0/inst/buffer_pl_clk_0.PL_CLK_0_BUFG/O
    X0Y1 (CLOCK_ROOT)    net (fo=103775, routed)      1.126     1.264    workout_classifier_wrapper/workout_classifier/workout_classifier_mlp_controller_0_7/workout_classifier_mlp_controller_0_7_mlp_controller/workout_classifier_mlp_controller_0_7_mlp_controller_slave_lite_v1_0_S00_AXI/workout_classifier_mlp_controller_0_7_mlp_classifier/workout_classifier_mlp_controller_0_7_mac/workout_classifier_mlp_controller_0_7_dsp_macro_0/<hidden>/<hidden>/<hidden>/<hidden>
    SLICE_X43Y46         FDRE                                         r  workout_classifier_wrapper/workout_classifier/workout_classifier_mlp_controller_0_7/workout_classifier_mlp_controller_0_7_mlp_controller/workout_classifier_mlp_controller_0_7_mlp_controller_slave_lite_v1_0_S00_AXI/workout_classifier_mlp_controller_0_7_mlp_classifier/workout_classifier_mlp_controller_0_7_mac/workout_classifier_mlp_controller_0_7_dsp_macro_0/<hidden>/<hidden>/<hidden>/<hidden>

Slack:                    inf
  Source:                 workout_classifier_i/mlp_controller_0/inst/mlp_controller_slave_lite_v1_0_S00_AXI_inst/mlp_inst/acc_in_reg[16]/G
                            (positive level-sensitive latch)
  Destination:            workout_classifier_wrapper/workout_classifier/workout_classifier_mlp_controller_0_7/workout_classifier_mlp_controller_0_7_mlp_controller/workout_classifier_mlp_controller_0_7_mlp_controller_slave_lite_v1_0_S00_AXI/workout_classifier_mlp_controller_0_7_mlp_classifier/workout_classifier_mlp_controller_0_7_mac/workout_classifier_mlp_controller_0_7_dsp_macro_0/<hidden>/<hidden>/<hidden>/<hidden>
                            (rising edge-triggered cell FDRE clocked by clk_pl_0  {rise@0.000ns fall@5.156ns period=10.312ns})
  Path Group:             (none)
  Path Type:              Hold (Min at Fast Process Corner)
  Data Path Delay:        0.130ns  (logic 0.059ns (45.385%)  route 0.071ns (54.615%))
  Logic Levels:           1  (LDCE=1)
  Clock Uncertainty:      0.157ns  ((TSJ^2 + DJ^2)^1/2) / 2 + PE
    Total System Jitter     (TSJ):    0.050ns
    Discrete Jitter          (DJ):    0.310ns
    Phase Error              (PE):    0.000ns
  Clock Net Delay (Destination): 1.130ns (routing 0.365ns, distribution 0.765ns)

    Location             Delay type                Incr(ns)  Path(ns)    Netlist Resource(s)
  -------------------------------------------------------------------    -------------------
    SLICE_X46Y50         LDCE                         0.000     0.000 r  workout_classifier_i/mlp_controller_0/inst/mlp_controller_slave_lite_v1_0_S00_AXI_inst/mlp_inst/acc_in_reg[16]/G
    SLICE_X46Y50         LDCE (EnToQ_AFF_SLICEL_G_Q)
                                                      0.059     0.059 r  workout_classifier_i/mlp_controller_0/inst/mlp_controller_slave_lite_v1_0_S00_AXI_inst/mlp_inst/acc_in_reg[16]/Q
                         net (fo=1, routed)           0.071     0.130    workout_classifier_wrapper/workout_classifier/workout_classifier_mlp_controller_0_7/workout_classifier_mlp_controller_0_7_mlp_controller/workout_classifier_mlp_controller_0_7_mlp_controller_slave_lite_v1_0_S00_AXI/workout_classifier_mlp_controller_0_7_mlp_classifier/workout_classifier_mlp_controller_0_7_mac/workout_classifier_mlp_controller_0_7_dsp_macro_0/<hidden>/<hidden>/<hidden>/<hidden>
    SLICE_X45Y50         FDRE                                         r  workout_classifier_wrapper/workout_classifier/workout_classifier_mlp_controller_0_7/workout_classifier_mlp_controller_0_7_mlp_controller/workout_classifier_mlp_controller_0_7_mlp_controller_slave_lite_v1_0_S00_AXI/workout_classifier_mlp_controller_0_7_mlp_classifier/workout_classifier_mlp_controller_0_7_mac/workout_classifier_mlp_controller_0_7_dsp_macro_0/<hidden>/<hidden>/<hidden>/<hidden>
  -------------------------------------------------------------------    -------------------

                         (clock clk_pl_0 rise edge)
                                                      0.000     0.000 r  
    PS8_X0Y0             PS8                          0.000     0.000 r  workout_classifier_i/zynq_ultra_ps_e_0/inst/PS8_i/PLCLK[0]
                         net (fo=1, routed)           0.120     0.120    workout_classifier_i/zynq_ultra_ps_e_0/inst/pl_clk_unbuffered[0]
    BUFG_PS_X0Y58        BUFG_PS (Prop_BUFG_PS_I_O)
                                                      0.018     0.138 r  workout_classifier_i/zynq_ultra_ps_e_0/inst/buffer_pl_clk_0.PL_CLK_0_BUFG/O
    X0Y1 (CLOCK_ROOT)    net (fo=103775, routed)      1.130     1.268    workout_classifier_wrapper/workout_classifier/workout_classifier_mlp_controller_0_7/workout_classifier_mlp_controller_0_7_mlp_controller/workout_classifier_mlp_controller_0_7_mlp_controller_slave_lite_v1_0_S00_AXI/workout_classifier_mlp_controller_0_7_mlp_classifier/workout_classifier_mlp_controller_0_7_mac/workout_classifier_mlp_controller_0_7_dsp_macro_0/<hidden>/<hidden>/<hidden>/<hidden>
    SLICE_X45Y50         FDRE                                         r  workout_classifier_wrapper/workout_classifier/workout_classifier_mlp_controller_0_7/workout_classifier_mlp_controller_0_7_mlp_controller/workout_classifier_mlp_controller_0_7_mlp_controller_slave_lite_v1_0_S00_AXI/workout_classifier_mlp_controller_0_7_mlp_classifier/workout_classifier_mlp_controller_0_7_mac/workout_classifier_mlp_controller_0_7_dsp_macro_0/<hidden>/<hidden>/<hidden>/<hidden>

Slack:                    inf
  Source:                 workout_classifier_i/mlp_controller_0/inst/mlp_controller_slave_lite_v1_0_S00_AXI_inst/mlp_inst/acc_in_reg[15]/G
                            (positive level-sensitive latch)
  Destination:            workout_classifier_wrapper/workout_classifier/workout_classifier_mlp_controller_0_7/workout_classifier_mlp_controller_0_7_mlp_controller/workout_classifier_mlp_controller_0_7_mlp_controller_slave_lite_v1_0_S00_AXI/workout_classifier_mlp_controller_0_7_mlp_classifier/workout_classifier_mlp_controller_0_7_mac/workout_classifier_mlp_controller_0_7_dsp_macro_0/<hidden>/<hidden>/<hidden>/<hidden>
                            (rising edge-triggered cell FDRE clocked by clk_pl_0  {rise@0.000ns fall@5.156ns period=10.312ns})
  Path Group:             (none)
  Path Type:              Hold (Min at Fast Process Corner)
  Data Path Delay:        0.141ns  (logic 0.061ns (43.262%)  route 0.080ns (56.738%))
  Logic Levels:           1  (LDCE=1)
  Clock Uncertainty:      0.157ns  ((TSJ^2 + DJ^2)^1/2) / 2 + PE
    Total System Jitter     (TSJ):    0.050ns
    Discrete Jitter          (DJ):    0.310ns
    Phase Error              (PE):    0.000ns
  Clock Net Delay (Destination): 1.124ns (routing 0.365ns, distribution 0.759ns)

    Location             Delay type                Incr(ns)  Path(ns)    Netlist Resource(s)
  -------------------------------------------------------------------    -------------------
    SLICE_X41Y45         LDCE                         0.000     0.000 r  workout_classifier_i/mlp_controller_0/inst/mlp_controller_slave_lite_v1_0_S00_AXI_inst/mlp_inst/acc_in_reg[15]/G
    SLICE_X41Y45         LDCE (EnToQ_EFF2_SLICEL_G_Q)
                                                      0.061     0.061 r  workout_classifier_i/mlp_controller_0/inst/mlp_controller_slave_lite_v1_0_S00_AXI_inst/mlp_inst/acc_in_reg[15]/Q
                         net (fo=1, routed)           0.080     0.141    workout_classifier_wrapper/workout_classifier/workout_classifier_mlp_controller_0_7/workout_classifier_mlp_controller_0_7_mlp_controller/workout_classifier_mlp_controller_0_7_mlp_controller_slave_lite_v1_0_S00_AXI/workout_classifier_mlp_controller_0_7_mlp_classifier/workout_classifier_mlp_controller_0_7_mac/workout_classifier_mlp_controller_0_7_dsp_macro_0/<hidden>/<hidden>/<hidden>/<hidden>
    SLICE_X41Y43         FDRE                                         r  workout_classifier_wrapper/workout_classifier/workout_classifier_mlp_controller_0_7/workout_classifier_mlp_controller_0_7_mlp_controller/workout_classifier_mlp_controller_0_7_mlp_controller_slave_lite_v1_0_S00_AXI/workout_classifier_mlp_controller_0_7_mlp_classifier/workout_classifier_mlp_controller_0_7_mac/workout_classifier_mlp_controller_0_7_dsp_macro_0/<hidden>/<hidden>/<hidden>/<hidden>
  -------------------------------------------------------------------    -------------------

                         (clock clk_pl_0 rise edge)
                                                      0.000     0.000 r  
    PS8_X0Y0             PS8                          0.000     0.000 r  workout_classifier_i/zynq_ultra_ps_e_0/inst/PS8_i/PLCLK[0]
                         net (fo=1, routed)           0.120     0.120    workout_classifier_i/zynq_ultra_ps_e_0/inst/pl_clk_unbuffered[0]
    BUFG_PS_X0Y58        BUFG_PS (Prop_BUFG_PS_I_O)
                                                      0.018     0.138 r  workout_classifier_i/zynq_ultra_ps_e_0/inst/buffer_pl_clk_0.PL_CLK_0_BUFG/O
    X0Y1 (CLOCK_ROOT)    net (fo=103775, routed)      1.124     1.262    workout_classifier_wrapper/workout_classifier/workout_classifier_mlp_controller_0_7/workout_classifier_mlp_controller_0_7_mlp_controller/workout_classifier_mlp_controller_0_7_mlp_controller_slave_lite_v1_0_S00_AXI/workout_classifier_mlp_controller_0_7_mlp_classifier/workout_classifier_mlp_controller_0_7_mac/workout_classifier_mlp_controller_0_7_dsp_macro_0/<hidden>/<hidden>/<hidden>/<hidden>
    SLICE_X41Y43         FDRE                                         r  workout_classifier_wrapper/workout_classifier/workout_classifier_mlp_controller_0_7/workout_classifier_mlp_controller_0_7_mlp_controller/workout_classifier_mlp_controller_0_7_mlp_controller_slave_lite_v1_0_S00_AXI/workout_classifier_mlp_controller_0_7_mlp_classifier/workout_classifier_mlp_controller_0_7_mac/workout_classifier_mlp_controller_0_7_dsp_macro_0/<hidden>/<hidden>/<hidden>/<hidden>

Slack:                    inf
  Source:                 workout_classifier_i/mlp_controller_0/inst/mlp_controller_slave_lite_v1_0_S00_AXI_inst/mlp_inst/acc_in_reg[11]/G
                            (positive level-sensitive latch)
  Destination:            workout_classifier_wrapper/workout_classifier/workout_classifier_mlp_controller_0_7/workout_classifier_mlp_controller_0_7_mlp_controller/workout_classifier_mlp_controller_0_7_mlp_controller_slave_lite_v1_0_S00_AXI/workout_classifier_mlp_controller_0_7_mlp_classifier/workout_classifier_mlp_controller_0_7_mac/workout_classifier_mlp_controller_0_7_dsp_macro_0/<hidden>/<hidden>/<hidden>/<hidden>
                            (rising edge-triggered cell FDRE clocked by clk_pl_0  {rise@0.000ns fall@5.156ns period=10.312ns})
  Path Group:             (none)
  Path Type:              Hold (Min at Fast Process Corner)
  Data Path Delay:        0.142ns  (logic 0.061ns (42.958%)  route 0.081ns (57.042%))
  Logic Levels:           1  (LDCE=1)
  Clock Uncertainty:      0.157ns  ((TSJ^2 + DJ^2)^1/2) / 2 + PE
    Total System Jitter     (TSJ):    0.050ns
    Discrete Jitter          (DJ):    0.310ns
    Phase Error              (PE):    0.000ns
  Clock Net Delay (Destination): 1.124ns (routing 0.365ns, distribution 0.759ns)

    Location             Delay type                Incr(ns)  Path(ns)    Netlist Resource(s)
  -------------------------------------------------------------------    -------------------
    SLICE_X45Y44         LDCE                         0.000     0.000 r  workout_classifier_i/mlp_controller_0/inst/mlp_controller_slave_lite_v1_0_S00_AXI_inst/mlp_inst/acc_in_reg[11]/G
    SLICE_X45Y44         LDCE (EnToQ_EFF2_SLICEM_G_Q)
                                                      0.061     0.061 r  workout_classifier_i/mlp_controller_0/inst/mlp_controller_slave_lite_v1_0_S00_AXI_inst/mlp_inst/acc_in_reg[11]/Q
                         net (fo=1, routed)           0.081     0.142    workout_classifier_wrapper/workout_classifier/workout_classifier_mlp_controller_0_7/workout_classifier_mlp_controller_0_7_mlp_controller/workout_classifier_mlp_controller_0_7_mlp_controller_slave_lite_v1_0_S00_AXI/workout_classifier_mlp_controller_0_7_mlp_classifier/workout_classifier_mlp_controller_0_7_mac/workout_classifier_mlp_controller_0_7_dsp_macro_0/<hidden>/<hidden>/<hidden>/<hidden>
    SLICE_X46Y43         FDRE                                         r  workout_classifier_wrapper/workout_classifier/workout_classifier_mlp_controller_0_7/workout_classifier_mlp_controller_0_7_mlp_controller/workout_classifier_mlp_controller_0_7_mlp_controller_slave_lite_v1_0_S00_AXI/workout_classifier_mlp_controller_0_7_mlp_classifier/workout_classifier_mlp_controller_0_7_mac/workout_classifier_mlp_controller_0_7_dsp_macro_0/<hidden>/<hidden>/<hidden>/<hidden>
  -------------------------------------------------------------------    -------------------

                         (clock clk_pl_0 rise edge)
                                                      0.000     0.000 r  
    PS8_X0Y0             PS8                          0.000     0.000 r  workout_classifier_i/zynq_ultra_ps_e_0/inst/PS8_i/PLCLK[0]
                         net (fo=1, routed)           0.120     0.120    workout_classifier_i/zynq_ultra_ps_e_0/inst/pl_clk_unbuffered[0]
    BUFG_PS_X0Y58        BUFG_PS (Prop_BUFG_PS_I_O)
                                                      0.018     0.138 r  workout_classifier_i/zynq_ultra_ps_e_0/inst/buffer_pl_clk_0.PL_CLK_0_BUFG/O
    X0Y1 (CLOCK_ROOT)    net (fo=103775, routed)      1.124     1.262    workout_classifier_wrapper/workout_classifier/workout_classifier_mlp_controller_0_7/workout_classifier_mlp_controller_0_7_mlp_controller/workout_classifier_mlp_controller_0_7_mlp_controller_slave_lite_v1_0_S00_AXI/workout_classifier_mlp_controller_0_7_mlp_classifier/workout_classifier_mlp_controller_0_7_mac/workout_classifier_mlp_controller_0_7_dsp_macro_0/<hidden>/<hidden>/<hidden>/<hidden>
    SLICE_X46Y43         FDRE                                         r  workout_classifier_wrapper/workout_classifier/workout_classifier_mlp_controller_0_7/workout_classifier_mlp_controller_0_7_mlp_controller/workout_classifier_mlp_controller_0_7_mlp_controller_slave_lite_v1_0_S00_AXI/workout_classifier_mlp_controller_0_7_mlp_classifier/workout_classifier_mlp_controller_0_7_mac/workout_classifier_mlp_controller_0_7_dsp_macro_0/<hidden>/<hidden>/<hidden>/<hidden>

Slack:                    inf
  Source:                 workout_classifier_i/mlp_controller_0/inst/mlp_controller_slave_lite_v1_0_S00_AXI_inst/mlp_inst/acc_in_reg[8]/G
                            (positive level-sensitive latch)
  Destination:            workout_classifier_wrapper/workout_classifier/workout_classifier_mlp_controller_0_7/workout_classifier_mlp_controller_0_7_mlp_controller/workout_classifier_mlp_controller_0_7_mlp_controller_slave_lite_v1_0_S00_AXI/workout_classifier_mlp_controller_0_7_mlp_classifier/workout_classifier_mlp_controller_0_7_mac/workout_classifier_mlp_controller_0_7_dsp_macro_0/<hidden>/<hidden>/<hidden>/<hidden>
                            (rising edge-triggered cell FDRE clocked by clk_pl_0  {rise@0.000ns fall@5.156ns period=10.312ns})
  Path Group:             (none)
  Path Type:              Hold (Min at Fast Process Corner)
  Data Path Delay:        0.159ns  (logic 0.061ns (38.365%)  route 0.098ns (61.635%))
  Logic Levels:           1  (LDCE=1)
  Clock Uncertainty:      0.157ns  ((TSJ^2 + DJ^2)^1/2) / 2 + PE
    Total System Jitter     (TSJ):    0.050ns
    Discrete Jitter          (DJ):    0.310ns
    Phase Error              (PE):    0.000ns
  Clock Net Delay (Destination): 1.127ns (routing 0.365ns, distribution 0.762ns)

    Location             Delay type                Incr(ns)  Path(ns)    Netlist Resource(s)
  -------------------------------------------------------------------    -------------------
    SLICE_X44Y45         LDCE                         0.000     0.000 r  workout_classifier_i/mlp_controller_0/inst/mlp_controller_slave_lite_v1_0_S00_AXI_inst/mlp_inst/acc_in_reg[8]/G
    SLICE_X44Y45         LDCE (EnToQ_BFF2_SLICEL_G_Q)
                                                      0.061     0.061 r  workout_classifier_i/mlp_controller_0/inst/mlp_controller_slave_lite_v1_0_S00_AXI_inst/mlp_inst/acc_in_reg[8]/Q
                         net (fo=1, routed)           0.098     0.159    workout_classifier_wrapper/workout_classifier/workout_classifier_mlp_controller_0_7/workout_classifier_mlp_controller_0_7_mlp_controller/workout_classifier_mlp_controller_0_7_mlp_controller_slave_lite_v1_0_S00_AXI/workout_classifier_mlp_controller_0_7_mlp_classifier/workout_classifier_mlp_controller_0_7_mac/workout_classifier_mlp_controller_0_7_dsp_macro_0/<hidden>/<hidden>/<hidden>/<hidden>
    SLICE_X43Y45         FDRE                                         r  workout_classifier_wrapper/workout_classifier/workout_classifier_mlp_controller_0_7/workout_classifier_mlp_controller_0_7_mlp_controller/workout_classifier_mlp_controller_0_7_mlp_controller_slave_lite_v1_0_S00_AXI/workout_classifier_mlp_controller_0_7_mlp_classifier/workout_classifier_mlp_controller_0_7_mac/workout_classifier_mlp_controller_0_7_dsp_macro_0/<hidden>/<hidden>/<hidden>/<hidden>
  -------------------------------------------------------------------    -------------------

                         (clock clk_pl_0 rise edge)
                                                      0.000     0.000 r  
    PS8_X0Y0             PS8                          0.000     0.000 r  workout_classifier_i/zynq_ultra_ps_e_0/inst/PS8_i/PLCLK[0]
                         net (fo=1, routed)           0.120     0.120    workout_classifier_i/zynq_ultra_ps_e_0/inst/pl_clk_unbuffered[0]
    BUFG_PS_X0Y58        BUFG_PS (Prop_BUFG_PS_I_O)
                                                      0.018     0.138 r  workout_classifier_i/zynq_ultra_ps_e_0/inst/buffer_pl_clk_0.PL_CLK_0_BUFG/O
    X0Y1 (CLOCK_ROOT)    net (fo=103775, routed)      1.127     1.265    workout_classifier_wrapper/workout_classifier/workout_classifier_mlp_controller_0_7/workout_classifier_mlp_controller_0_7_mlp_controller/workout_classifier_mlp_controller_0_7_mlp_controller_slave_lite_v1_0_S00_AXI/workout_classifier_mlp_controller_0_7_mlp_classifier/workout_classifier_mlp_controller_0_7_mac/workout_classifier_mlp_controller_0_7_dsp_macro_0/<hidden>/<hidden>/<hidden>/<hidden>
    SLICE_X43Y45         FDRE                                         r  workout_classifier_wrapper/workout_classifier/workout_classifier_mlp_controller_0_7/workout_classifier_mlp_controller_0_7_mlp_controller/workout_classifier_mlp_controller_0_7_mlp_controller_slave_lite_v1_0_S00_AXI/workout_classifier_mlp_controller_0_7_mlp_classifier/workout_classifier_mlp_controller_0_7_mac/workout_classifier_mlp_controller_0_7_dsp_macro_0/<hidden>/<hidden>/<hidden>/<hidden>

Slack:                    inf
  Source:                 workout_classifier_i/mlp_controller_0/inst/mlp_controller_slave_lite_v1_0_S00_AXI_inst/mlp_inst/acc_in_reg[14]/G
                            (positive level-sensitive latch)
  Destination:            workout_classifier_wrapper/workout_classifier/workout_classifier_mlp_controller_0_7/workout_classifier_mlp_controller_0_7_mlp_controller/workout_classifier_mlp_controller_0_7_mlp_controller_slave_lite_v1_0_S00_AXI/workout_classifier_mlp_controller_0_7_mlp_classifier/workout_classifier_mlp_controller_0_7_mac/workout_classifier_mlp_controller_0_7_dsp_macro_0/<hidden>/<hidden>/<hidden>/<hidden>
                            (rising edge-triggered cell FDRE clocked by clk_pl_0  {rise@0.000ns fall@5.156ns period=10.312ns})
  Path Group:             (none)
  Path Type:              Hold (Min at Fast Process Corner)
  Data Path Delay:        0.168ns  (logic 0.060ns (35.714%)  route 0.108ns (64.286%))
  Logic Levels:           1  (LDCE=1)
  Clock Uncertainty:      0.157ns  ((TSJ^2 + DJ^2)^1/2) / 2 + PE
    Total System Jitter     (TSJ):    0.050ns
    Discrete Jitter          (DJ):    0.310ns
    Phase Error              (PE):    0.000ns
  Clock Net Delay (Destination): 1.125ns (routing 0.365ns, distribution 0.760ns)

    Location             Delay type                Incr(ns)  Path(ns)    Netlist Resource(s)
  -------------------------------------------------------------------    -------------------
    SLICE_X41Y45         LDCE                         0.000     0.000 r  workout_classifier_i/mlp_controller_0/inst/mlp_controller_slave_lite_v1_0_S00_AXI_inst/mlp_inst/acc_in_reg[14]/G
    SLICE_X41Y45         LDCE (EnToQ_EFF_SLICEL_G_Q)
                                                      0.060     0.060 r  workout_classifier_i/mlp_controller_0/inst/mlp_controller_slave_lite_v1_0_S00_AXI_inst/mlp_inst/acc_in_reg[14]/Q
                         net (fo=1, routed)           0.108     0.168    workout_classifier_wrapper/workout_classifier/workout_classifier_mlp_controller_0_7/workout_classifier_mlp_controller_0_7_mlp_controller/workout_classifier_mlp_controller_0_7_mlp_controller_slave_lite_v1_0_S00_AXI/workout_classifier_mlp_controller_0_7_mlp_classifier/workout_classifier_mlp_controller_0_7_mac/workout_classifier_mlp_controller_0_7_dsp_macro_0/<hidden>/<hidden>/<hidden>/<hidden>
    SLICE_X41Y44         FDRE                                         r  workout_classifier_wrapper/workout_classifier/workout_classifier_mlp_controller_0_7/workout_classifier_mlp_controller_0_7_mlp_controller/workout_classifier_mlp_controller_0_7_mlp_controller_slave_lite_v1_0_S00_AXI/workout_classifier_mlp_controller_0_7_mlp_classifier/workout_classifier_mlp_controller_0_7_mac/workout_classifier_mlp_controller_0_7_dsp_macro_0/<hidden>/<hidden>/<hidden>/<hidden>
  -------------------------------------------------------------------    -------------------

                         (clock clk_pl_0 rise edge)
                                                      0.000     0.000 r  
    PS8_X0Y0             PS8                          0.000     0.000 r  workout_classifier_i/zynq_ultra_ps_e_0/inst/PS8_i/PLCLK[0]
                         net (fo=1, routed)           0.120     0.120    workout_classifier_i/zynq_ultra_ps_e_0/inst/pl_clk_unbuffered[0]
    BUFG_PS_X0Y58        BUFG_PS (Prop_BUFG_PS_I_O)
                                                      0.018     0.138 r  workout_classifier_i/zynq_ultra_ps_e_0/inst/buffer_pl_clk_0.PL_CLK_0_BUFG/O
    X0Y1 (CLOCK_ROOT)    net (fo=103775, routed)      1.125     1.263    workout_classifier_wrapper/workout_classifier/workout_classifier_mlp_controller_0_7/workout_classifier_mlp_controller_0_7_mlp_controller/workout_classifier_mlp_controller_0_7_mlp_controller_slave_lite_v1_0_S00_AXI/workout_classifier_mlp_controller_0_7_mlp_classifier/workout_classifier_mlp_controller_0_7_mac/workout_classifier_mlp_controller_0_7_dsp_macro_0/<hidden>/<hidden>/<hidden>/<hidden>
    SLICE_X41Y44         FDRE                                         r  workout_classifier_wrapper/workout_classifier/workout_classifier_mlp_controller_0_7/workout_classifier_mlp_controller_0_7_mlp_controller/workout_classifier_mlp_controller_0_7_mlp_controller_slave_lite_v1_0_S00_AXI/workout_classifier_mlp_controller_0_7_mlp_classifier/workout_classifier_mlp_controller_0_7_mac/workout_classifier_mlp_controller_0_7_dsp_macro_0/<hidden>/<hidden>/<hidden>/<hidden>

Slack:                    inf
  Source:                 workout_classifier_i/mlp_controller_0/inst/mlp_controller_slave_lite_v1_0_S00_AXI_inst/mlp_inst/acc_in_reg[4]/G
                            (positive level-sensitive latch)
  Destination:            workout_classifier_wrapper/workout_classifier/workout_classifier_mlp_controller_0_7/workout_classifier_mlp_controller_0_7_mlp_controller/workout_classifier_mlp_controller_0_7_mlp_controller_slave_lite_v1_0_S00_AXI/workout_classifier_mlp_controller_0_7_mlp_classifier/workout_classifier_mlp_controller_0_7_mac/workout_classifier_mlp_controller_0_7_dsp_macro_0/<hidden>/<hidden>/<hidden>/<hidden>
                            (rising edge-triggered cell FDRE clocked by clk_pl_0  {rise@0.000ns fall@5.156ns period=10.312ns})
  Path Group:             (none)
  Path Type:              Hold (Min at Fast Process Corner)
  Data Path Delay:        0.172ns  (logic 0.060ns (34.884%)  route 0.112ns (65.116%))
  Logic Levels:           1  (LDCE=1)
  Clock Uncertainty:      0.157ns  ((TSJ^2 + DJ^2)^1/2) / 2 + PE
    Total System Jitter     (TSJ):    0.050ns
    Discrete Jitter          (DJ):    0.310ns
    Phase Error              (PE):    0.000ns
  Clock Net Delay (Destination): 1.130ns (routing 0.365ns, distribution 0.765ns)

    Location             Delay type                Incr(ns)  Path(ns)    Netlist Resource(s)
  -------------------------------------------------------------------    -------------------
    SLICE_X45Y46         LDCE                         0.000     0.000 r  workout_classifier_i/mlp_controller_0/inst/mlp_controller_slave_lite_v1_0_S00_AXI_inst/mlp_inst/acc_in_reg[4]/G
    SLICE_X45Y46         LDCE (EnToQ_DFF2_SLICEM_G_Q)
                                                      0.060     0.060 r  workout_classifier_i/mlp_controller_0/inst/mlp_controller_slave_lite_v1_0_S00_AXI_inst/mlp_inst/acc_in_reg[4]/Q
                         net (fo=1, routed)           0.112     0.172    workout_classifier_wrapper/workout_classifier/workout_classifier_mlp_controller_0_7/workout_classifier_mlp_controller_0_7_mlp_controller/workout_classifier_mlp_controller_0_7_mlp_controller_slave_lite_v1_0_S00_AXI/workout_classifier_mlp_controller_0_7_mlp_classifier/workout_classifier_mlp_controller_0_7_mac/workout_classifier_mlp_controller_0_7_dsp_macro_0/<hidden>/<hidden>/<hidden>/<hidden>
    SLICE_X45Y50         FDRE                                         r  workout_classifier_wrapper/workout_classifier/workout_classifier_mlp_controller_0_7/workout_classifier_mlp_controller_0_7_mlp_controller/workout_classifier_mlp_controller_0_7_mlp_controller_slave_lite_v1_0_S00_AXI/workout_classifier_mlp_controller_0_7_mlp_classifier/workout_classifier_mlp_controller_0_7_mac/workout_classifier_mlp_controller_0_7_dsp_macro_0/<hidden>/<hidden>/<hidden>/<hidden>
  -------------------------------------------------------------------    -------------------

                         (clock clk_pl_0 rise edge)
                                                      0.000     0.000 r  
    PS8_X0Y0             PS8                          0.000     0.000 r  workout_classifier_i/zynq_ultra_ps_e_0/inst/PS8_i/PLCLK[0]
                         net (fo=1, routed)           0.120     0.120    workout_classifier_i/zynq_ultra_ps_e_0/inst/pl_clk_unbuffered[0]
    BUFG_PS_X0Y58        BUFG_PS (Prop_BUFG_PS_I_O)
                                                      0.018     0.138 r  workout_classifier_i/zynq_ultra_ps_e_0/inst/buffer_pl_clk_0.PL_CLK_0_BUFG/O
    X0Y1 (CLOCK_ROOT)    net (fo=103775, routed)      1.130     1.268    workout_classifier_wrapper/workout_classifier/workout_classifier_mlp_controller_0_7/workout_classifier_mlp_controller_0_7_mlp_controller/workout_classifier_mlp_controller_0_7_mlp_controller_slave_lite_v1_0_S00_AXI/workout_classifier_mlp_controller_0_7_mlp_classifier/workout_classifier_mlp_controller_0_7_mac/workout_classifier_mlp_controller_0_7_dsp_macro_0/<hidden>/<hidden>/<hidden>/<hidden>
    SLICE_X45Y50         FDRE                                         r  workout_classifier_wrapper/workout_classifier/workout_classifier_mlp_controller_0_7/workout_classifier_mlp_controller_0_7_mlp_controller/workout_classifier_mlp_controller_0_7_mlp_controller_slave_lite_v1_0_S00_AXI/workout_classifier_mlp_controller_0_7_mlp_classifier/workout_classifier_mlp_controller_0_7_mac/workout_classifier_mlp_controller_0_7_dsp_macro_0/<hidden>/<hidden>/<hidden>/<hidden>

Slack:                    inf
  Source:                 workout_classifier_i/mlp_controller_0/inst/mlp_controller_slave_lite_v1_0_S00_AXI_inst/mlp_inst/acc_in_reg[9]/G
                            (positive level-sensitive latch)
  Destination:            workout_classifier_wrapper/workout_classifier/workout_classifier_mlp_controller_0_7/workout_classifier_mlp_controller_0_7_mlp_controller/workout_classifier_mlp_controller_0_7_mlp_controller_slave_lite_v1_0_S00_AXI/workout_classifier_mlp_controller_0_7_mlp_classifier/workout_classifier_mlp_controller_0_7_mac/workout_classifier_mlp_controller_0_7_dsp_macro_0/<hidden>/<hidden>/<hidden>/<hidden>
                            (rising edge-triggered cell FDRE clocked by clk_pl_0  {rise@0.000ns fall@5.156ns period=10.312ns})
  Path Group:             (none)
  Path Type:              Hold (Min at Fast Process Corner)
  Data Path Delay:        0.188ns  (logic 0.060ns (31.915%)  route 0.128ns (68.085%))
  Logic Levels:           1  (LDCE=1)
  Clock Uncertainty:      0.157ns  ((TSJ^2 + DJ^2)^1/2) / 2 + PE
    Total System Jitter     (TSJ):    0.050ns
    Discrete Jitter          (DJ):    0.310ns
    Phase Error              (PE):    0.000ns
  Clock Net Delay (Destination): 1.132ns (routing 0.365ns, distribution 0.767ns)

    Location             Delay type                Incr(ns)  Path(ns)    Netlist Resource(s)
  -------------------------------------------------------------------    -------------------
    SLICE_X45Y46         LDCE                         0.000     0.000 r  workout_classifier_i/mlp_controller_0/inst/mlp_controller_slave_lite_v1_0_S00_AXI_inst/mlp_inst/acc_in_reg[9]/G
    SLICE_X45Y46         LDCE (EnToQ_HFF2_SLICEM_G_Q)
                                                      0.060     0.060 r  workout_classifier_i/mlp_controller_0/inst/mlp_controller_slave_lite_v1_0_S00_AXI_inst/mlp_inst/acc_in_reg[9]/Q
                         net (fo=1, routed)           0.128     0.188    workout_classifier_wrapper/workout_classifier/workout_classifier_mlp_controller_0_7/workout_classifier_mlp_controller_0_7_mlp_controller/workout_classifier_mlp_controller_0_7_mlp_controller_slave_lite_v1_0_S00_AXI/workout_classifier_mlp_controller_0_7_mlp_classifier/workout_classifier_mlp_controller_0_7_mac/workout_classifier_mlp_controller_0_7_dsp_macro_0/<hidden>/<hidden>/<hidden>/<hidden>
    SLICE_X45Y50         FDRE                                         r  workout_classifier_wrapper/workout_classifier/workout_classifier_mlp_controller_0_7/workout_classifier_mlp_controller_0_7_mlp_controller/workout_classifier_mlp_controller_0_7_mlp_controller_slave_lite_v1_0_S00_AXI/workout_classifier_mlp_controller_0_7_mlp_classifier/workout_classifier_mlp_controller_0_7_mac/workout_classifier_mlp_controller_0_7_dsp_macro_0/<hidden>/<hidden>/<hidden>/<hidden>
  -------------------------------------------------------------------    -------------------

                         (clock clk_pl_0 rise edge)
                                                      0.000     0.000 r  
    PS8_X0Y0             PS8                          0.000     0.000 r  workout_classifier_i/zynq_ultra_ps_e_0/inst/PS8_i/PLCLK[0]
                         net (fo=1, routed)           0.120     0.120    workout_classifier_i/zynq_ultra_ps_e_0/inst/pl_clk_unbuffered[0]
    BUFG_PS_X0Y58        BUFG_PS (Prop_BUFG_PS_I_O)
                                                      0.018     0.138 r  workout_classifier_i/zynq_ultra_ps_e_0/inst/buffer_pl_clk_0.PL_CLK_0_BUFG/O
    X0Y1 (CLOCK_ROOT)    net (fo=103775, routed)      1.132     1.270    workout_classifier_wrapper/workout_classifier/workout_classifier_mlp_controller_0_7/workout_classifier_mlp_controller_0_7_mlp_controller/workout_classifier_mlp_controller_0_7_mlp_controller_slave_lite_v1_0_S00_AXI/workout_classifier_mlp_controller_0_7_mlp_classifier/workout_classifier_mlp_controller_0_7_mac/workout_classifier_mlp_controller_0_7_dsp_macro_0/<hidden>/<hidden>/<hidden>/<hidden>
    SLICE_X45Y50         FDRE                                         r  workout_classifier_wrapper/workout_classifier/workout_classifier_mlp_controller_0_7/workout_classifier_mlp_controller_0_7_mlp_controller/workout_classifier_mlp_controller_0_7_mlp_controller_slave_lite_v1_0_S00_AXI/workout_classifier_mlp_controller_0_7_mlp_classifier/workout_classifier_mlp_controller_0_7_mac/workout_classifier_mlp_controller_0_7_dsp_macro_0/<hidden>/<hidden>/<hidden>/<hidden>

Slack:                    inf
  Source:                 workout_classifier_i/mlp_controller_0/inst/mlp_controller_slave_lite_v1_0_S00_AXI_inst/mlp_inst/acc_in_reg[3]/G
                            (positive level-sensitive latch)
  Destination:            workout_classifier_wrapper/workout_classifier/workout_classifier_mlp_controller_0_7/workout_classifier_mlp_controller_0_7_mlp_controller/workout_classifier_mlp_controller_0_7_mlp_controller_slave_lite_v1_0_S00_AXI/workout_classifier_mlp_controller_0_7_mlp_classifier/workout_classifier_mlp_controller_0_7_mac/workout_classifier_mlp_controller_0_7_dsp_macro_0/<hidden>/<hidden>/<hidden>/<hidden>
                            (rising edge-triggered cell FDRE clocked by clk_pl_0  {rise@0.000ns fall@5.156ns period=10.312ns})
  Path Group:             (none)
  Path Type:              Hold (Min at Fast Process Corner)
  Data Path Delay:        0.190ns  (logic 0.059ns (31.053%)  route 0.131ns (68.947%))
  Logic Levels:           1  (LDCE=1)
  Clock Uncertainty:      0.157ns  ((TSJ^2 + DJ^2)^1/2) / 2 + PE
    Total System Jitter     (TSJ):    0.050ns
    Discrete Jitter          (DJ):    0.310ns
    Phase Error              (PE):    0.000ns
  Clock Net Delay (Destination): 1.130ns (routing 0.365ns, distribution 0.765ns)

    Location             Delay type                Incr(ns)  Path(ns)    Netlist Resource(s)
  -------------------------------------------------------------------    -------------------
    SLICE_X44Y45         LDCE                         0.000     0.000 r  workout_classifier_i/mlp_controller_0/inst/mlp_controller_slave_lite_v1_0_S00_AXI_inst/mlp_inst/acc_in_reg[3]/G
    SLICE_X44Y45         LDCE (EnToQ_BFF_SLICEL_G_Q)
                                                      0.059     0.059 r  workout_classifier_i/mlp_controller_0/inst/mlp_controller_slave_lite_v1_0_S00_AXI_inst/mlp_inst/acc_in_reg[3]/Q
                         net (fo=1, routed)           0.131     0.190    workout_classifier_wrapper/workout_classifier/workout_classifier_mlp_controller_0_7/workout_classifier_mlp_controller_0_7_mlp_controller/workout_classifier_mlp_controller_0_7_mlp_controller_slave_lite_v1_0_S00_AXI/workout_classifier_mlp_controller_0_7_mlp_classifier/workout_classifier_mlp_controller_0_7_mac/workout_classifier_mlp_controller_0_7_dsp_macro_0/<hidden>/<hidden>/<hidden>/<hidden>
    SLICE_X41Y46         FDRE                                         r  workout_classifier_wrapper/workout_classifier/workout_classifier_mlp_controller_0_7/workout_classifier_mlp_controller_0_7_mlp_controller/workout_classifier_mlp_controller_0_7_mlp_controller_slave_lite_v1_0_S00_AXI/workout_classifier_mlp_controller_0_7_mlp_classifier/workout_classifier_mlp_controller_0_7_mac/workout_classifier_mlp_controller_0_7_dsp_macro_0/<hidden>/<hidden>/<hidden>/<hidden>
  -------------------------------------------------------------------    -------------------

                         (clock clk_pl_0 rise edge)
                                                      0.000     0.000 r  
    PS8_X0Y0             PS8                          0.000     0.000 r  workout_classifier_i/zynq_ultra_ps_e_0/inst/PS8_i/PLCLK[0]
                         net (fo=1, routed)           0.120     0.120    workout_classifier_i/zynq_ultra_ps_e_0/inst/pl_clk_unbuffered[0]
    BUFG_PS_X0Y58        BUFG_PS (Prop_BUFG_PS_I_O)
                                                      0.018     0.138 r  workout_classifier_i/zynq_ultra_ps_e_0/inst/buffer_pl_clk_0.PL_CLK_0_BUFG/O
    X0Y1 (CLOCK_ROOT)    net (fo=103775, routed)      1.130     1.268    workout_classifier_wrapper/workout_classifier/workout_classifier_mlp_controller_0_7/workout_classifier_mlp_controller_0_7_mlp_controller/workout_classifier_mlp_controller_0_7_mlp_controller_slave_lite_v1_0_S00_AXI/workout_classifier_mlp_controller_0_7_mlp_classifier/workout_classifier_mlp_controller_0_7_mac/workout_classifier_mlp_controller_0_7_dsp_macro_0/<hidden>/<hidden>/<hidden>/<hidden>
    SLICE_X41Y46         FDRE                                         r  workout_classifier_wrapper/workout_classifier/workout_classifier_mlp_controller_0_7/workout_classifier_mlp_controller_0_7_mlp_controller/workout_classifier_mlp_controller_0_7_mlp_controller_slave_lite_v1_0_S00_AXI/workout_classifier_mlp_controller_0_7_mlp_classifier/workout_classifier_mlp_controller_0_7_mac/workout_classifier_mlp_controller_0_7_dsp_macro_0/<hidden>/<hidden>/<hidden>/<hidden>

Slack:                    inf
  Source:                 workout_classifier_i/mlp_controller_0/inst/mlp_controller_slave_lite_v1_0_S00_AXI_inst/mlp_inst/acc_in_reg[10]/G
                            (positive level-sensitive latch)
  Destination:            workout_classifier_wrapper/workout_classifier/workout_classifier_mlp_controller_0_7/workout_classifier_mlp_controller_0_7_mlp_controller/workout_classifier_mlp_controller_0_7_mlp_controller_slave_lite_v1_0_S00_AXI/workout_classifier_mlp_controller_0_7_mlp_classifier/workout_classifier_mlp_controller_0_7_mac/workout_classifier_mlp_controller_0_7_dsp_macro_0/<hidden>/<hidden>/<hidden>/<hidden>
                            (rising edge-triggered cell FDRE clocked by clk_pl_0  {rise@0.000ns fall@5.156ns period=10.312ns})
  Path Group:             (none)
  Path Type:              Hold (Min at Fast Process Corner)
  Data Path Delay:        0.213ns  (logic 0.059ns (27.700%)  route 0.154ns (72.300%))
  Logic Levels:           1  (LDCE=1)
  Clock Uncertainty:      0.157ns  ((TSJ^2 + DJ^2)^1/2) / 2 + PE
    Total System Jitter     (TSJ):    0.050ns
    Discrete Jitter          (DJ):    0.310ns
    Phase Error              (PE):    0.000ns
  Clock Net Delay (Destination): 1.123ns (routing 0.365ns, distribution 0.758ns)

    Location             Delay type                Incr(ns)  Path(ns)    Netlist Resource(s)
  -------------------------------------------------------------------    -------------------
    SLICE_X45Y46         LDCE                         0.000     0.000 r  workout_classifier_i/mlp_controller_0/inst/mlp_controller_slave_lite_v1_0_S00_AXI_inst/mlp_inst/acc_in_reg[10]/G
    SLICE_X45Y46         LDCE (EnToQ_EFF_SLICEM_G_Q)
                                                      0.059     0.059 r  workout_classifier_i/mlp_controller_0/inst/mlp_controller_slave_lite_v1_0_S00_AXI_inst/mlp_inst/acc_in_reg[10]/Q
                         net (fo=1, routed)           0.154     0.213    workout_classifier_wrapper/workout_classifier/workout_classifier_mlp_controller_0_7/workout_classifier_mlp_controller_0_7_mlp_controller/workout_classifier_mlp_controller_0_7_mlp_controller_slave_lite_v1_0_S00_AXI/workout_classifier_mlp_controller_0_7_mlp_classifier/workout_classifier_mlp_controller_0_7_mac/workout_classifier_mlp_controller_0_7_dsp_macro_0/<hidden>/<hidden>/<hidden>/<hidden>
    SLICE_X43Y40         FDRE                                         r  workout_classifier_wrapper/workout_classifier/workout_classifier_mlp_controller_0_7/workout_classifier_mlp_controller_0_7_mlp_controller/workout_classifier_mlp_controller_0_7_mlp_controller_slave_lite_v1_0_S00_AXI/workout_classifier_mlp_controller_0_7_mlp_classifier/workout_classifier_mlp_controller_0_7_mac/workout_classifier_mlp_controller_0_7_dsp_macro_0/<hidden>/<hidden>/<hidden>/<hidden>
  -------------------------------------------------------------------    -------------------

                         (clock clk_pl_0 rise edge)
                                                      0.000     0.000 r  
    PS8_X0Y0             PS8                          0.000     0.000 r  workout_classifier_i/zynq_ultra_ps_e_0/inst/PS8_i/PLCLK[0]
                         net (fo=1, routed)           0.120     0.120    workout_classifier_i/zynq_ultra_ps_e_0/inst/pl_clk_unbuffered[0]
    BUFG_PS_X0Y58        BUFG_PS (Prop_BUFG_PS_I_O)
                                                      0.018     0.138 r  workout_classifier_i/zynq_ultra_ps_e_0/inst/buffer_pl_clk_0.PL_CLK_0_BUFG/O
    X0Y1 (CLOCK_ROOT)    net (fo=103775, routed)      1.123     1.261    workout_classifier_wrapper/workout_classifier/workout_classifier_mlp_controller_0_7/workout_classifier_mlp_controller_0_7_mlp_controller/workout_classifier_mlp_controller_0_7_mlp_controller_slave_lite_v1_0_S00_AXI/workout_classifier_mlp_controller_0_7_mlp_classifier/workout_classifier_mlp_controller_0_7_mac/workout_classifier_mlp_controller_0_7_dsp_macro_0/<hidden>/<hidden>/<hidden>/<hidden>
    SLICE_X43Y40         FDRE                                         r  workout_classifier_wrapper/workout_classifier/workout_classifier_mlp_controller_0_7/workout_classifier_mlp_controller_0_7_mlp_controller/workout_classifier_mlp_controller_0_7_mlp_controller_slave_lite_v1_0_S00_AXI/workout_classifier_mlp_controller_0_7_mlp_classifier/workout_classifier_mlp_controller_0_7_mac/workout_classifier_mlp_controller_0_7_dsp_macro_0/<hidden>/<hidden>/<hidden>/<hidden>





